id,age,sex,mm_cluster,entry_cycle
1,65,men,Neuropsychiatric,0
2,65,men,Neuropsychiatric,0
3,65,women,Complex,0
4,65,women,Eye,0
5,65,women,Cardiovascular,0
6,65,women,Neuropsychiatric,0
7,65,women,Cardiovascular,0
8,65,men,Eye,0
9,65,men,Cardiovascular,0
10,65,men,Eye,0
11,65,women,Eye,0
12,65,men,MSK,0
13,65,women,Cardiovascular,0
14,65,men,MSK,0
15,65,women,Cardiovascular,0
16,65,men,Neuropsychiatric,0
17,65,women,MSK,0
18,65,women,Metabolic,0
19,65,men,Neuropsychiatric,0
20,65,women,Neuropsychiatric,0
21,65,women,Cardiovascular,0
22,65,men,Cardiovascular,0
23,65,men,Metabolic,0
24,65,men,MSK,0
25,65,women,MSK,0
26,65,women,Cardiovascular,0
27,65,men,Neuropsychiatric,0
28,65,men,Cardiovascular,0
29,65,men,MSK,0
30,65,men,Complex,0
31,65,women,Complex,0
32,65,women,Complex,0
33,65,women,Eye,0
34,65,women,MSK,0
35,65,men,Complex,0
36,65,women,MSK,0
37,65,women,Eye,0
38,65,men,MSK,0
39,65,men,Metabolic,0
40,65,men,Metabolic,0
41,65,men,Neuropsychiatric,0
42,65,women,Complex,0
43,65,women,Cardiovascular,0
44,65,men,Cardiovascular,0
45,65,women,MSK,0
46,65,men,Cardiovascular,0
47,65,men,Complex,0
48,65,men,Complex,0
49,65,women,Eye,0
50,65,men,Unspecified,0
51,65,women,Metabolic,0
52,65,women,Cardiovascular,0
53,65,men,MSK,0
54,65,women,MSK,0
55,65,women,MSK,0
56,65,women,Cardiovascular,0
57,65,women,Cardiovascular,0
58,65,women,Cardiovascular,0
59,65,women,Cardiovascular,0
60,65,men,Eye,0
61,65,women,Neuropsychiatric,0
62,65,men,Cardiovascular,0
63,65,women,Cardiovascular,0
64,65,men,Unspecified,0
65,65,men,Cardiovascular,0
66,65,women,Eye,0
67,65,women,Metabolic,0
68,65,men,Cardiovascular,0
69,66,women,Metabolic,0
70,66,women,MSK,0
71,66,women,Cardiovascular,0
72,66,women,Cardiovascular,0
73,66,men,Unspecified,0
74,66,men,MSK,0
75,66,men,Cardiovascular,0
76,66,women,Complex,0
77,66,men,Cardiovascular,0
78,66,women,Cardiovascular,0
79,66,men,Cardiovascular,0
80,66,women,MSK,0
81,66,women,Cardiovascular,0
82,66,men,Neuropsychiatric,0
83,66,men,Unspecified,0
84,66,women,MSK,0
85,66,men,Neuropsychiatric,0
86,66,men,Unspecified,0
87,66,women,Eye,0
88,66,women,Neuropsychiatric,0
89,66,men,Neuropsychiatric,0
90,66,men,Cardiovascular,0
91,66,men,Complex,0
92,66,men,MSK,0
93,66,women,Neuropsychiatric,0
94,66,men,Cardiovascular,0
95,66,men,Cardiovascular,0
96,66,men,Neuropsychiatric,0
97,66,men,MSK,0
98,66,women,MSK,0
99,66,men,Cardiovascular,0
100,66,men,Cardiovascular,0
101,66,women,Cardiovascular,0
102,66,men,Eye,0
103,66,women,MSK,0
104,66,women,Unspecified,0
105,66,women,Neuropsychiatric,0
106,66,men,Cardiovascular,0
107,66,men,Neuropsychiatric,0
108,66,women,Unspecified,0
109,66,women,Cardiovascular,0
110,66,women,Neuropsychiatric,0
111,66,women,Unspecified,0
112,66,women,MSK,0
113,66,women,Unspecified,0
114,66,men,Cardiovascular,0
115,66,women,Unspecified,0
116,66,women,MSK,0
117,66,women,Cardiovascular,0
118,66,women,Metabolic,0
119,66,men,Cardiovascular,0
120,66,women,Complex,0
121,66,men,Cardiovascular,0
122,66,men,Cardiovascular,0
123,66,women,Cardiovascular,0
124,66,men,Eye,0
125,66,men,Cardiovascular,0
126,66,men,MSK,0
127,66,men,Cardiovascular,0
128,66,men,MSK,0
129,66,men,Unspecified,0
130,66,women,Eye,0
131,66,men,Cardiovascular,0
132,66,women,Cardiovascular,0
133,66,men,Neuropsychiatric,0
134,66,men,Neuropsychiatric,0
135,66,women,Neuropsychiatric,0
136,66,women,Neuropsychiatric,0
137,66,men,Cardiovascular,0
138,66,men,Cardiovascular,0
139,66,women,Unspecified,0
140,67,women,Cardiovascular,0
141,67,men,Cardiovascular,0
142,67,women,Unspecified,0
143,67,women,Cardiovascular,0
144,67,women,MSK,0
145,67,men,Eye,0
146,67,women,Complex,0
147,67,women,Metabolic,0
148,67,women,MSK,0
149,67,women,Cardiovascular,0
150,67,women,Complex,0
151,67,men,Cardiovascular,0
152,67,women,MSK,0
153,67,men,Neuropsychiatric,0
154,67,men,Unspecified,0
155,67,women,Eye,0
156,67,men,Unspecified,0
157,67,women,Metabolic,0
158,67,men,Cardiovascular,0
159,67,women,Cardiovascular,0
160,67,women,Unspecified,0
161,67,men,Neuropsychiatric,0
162,67,men,Cardiovascular,0
163,67,women,MSK,0
164,67,men,Neuropsychiatric,0
165,67,men,Cardiovascular,0
166,67,women,Cardiovascular,0
167,67,men,Cardiovascular,0
168,67,women,Neuropsychiatric,0
169,67,men,MSK,0
170,67,men,Eye,0
171,67,women,Cardiovascular,0
172,67,men,Complex,0
173,67,men,Neuropsychiatric,0
174,67,men,Cardiovascular,0
175,67,women,Eye,0
176,67,men,Eye,0
177,67,men,Unspecified,0
178,67,men,Cardiovascular,0
179,67,women,Cardiovascular,0
180,67,women,MSK,0
181,67,men,Eye,0
182,67,men,Neuropsychiatric,0
183,67,women,Unspecified,0
184,67,men,Complex,0
185,67,women,Cardiovascular,0
186,67,women,Neuropsychiatric,0
187,67,women,Metabolic,0
188,67,women,Cardiovascular,0
189,67,men,Neuropsychiatric,0
190,67,women,Metabolic,0
191,67,men,Cardiovascular,0
192,67,women,Complex,0
193,67,women,MSK,0
194,67,women,Eye,0
195,67,women,Complex,0
196,67,men,Neuropsychiatric,0
197,67,men,Cardiovascular,0
198,67,men,Neuropsychiatric,0
199,67,women,Eye,0
200,67,men,Neuropsychiatric,0
201,67,women,Eye,0
202,67,men,Cardiovascular,0
203,67,women,Cardiovascular,0
204,67,women,Neuropsychiatric,0
205,67,men,Cardiovascular,0
206,67,men,Eye,0
207,67,men,Cardiovascular,0
208,67,women,MSK,0
209,67,men,Cardiovascular,0
210,68,men,Cardiovascular,0
211,68,women,MSK,0
212,68,men,Cardiovascular,0
213,68,women,Cardiovascular,0
214,68,women,Complex,0
215,68,men,Unspecified,0
216,68,men,Cardiovascular,0
217,68,men,Cardiovascular,0
218,68,men,MSK,0
219,68,men,Neuropsychiatric,0
220,68,men,Complex,0
221,68,women,Eye,0
222,68,men,MSK,0
223,68,men,Eye,0
224,68,men,Eye,0
225,68,men,Cardiovascular,0
226,68,women,Metabolic,0
227,68,women,Eye,0
228,68,men,Unspecified,0
229,68,men,Cardiovascular,0
230,68,women,Eye,0
231,68,men,MSK,0
232,68,men,Cardiovascular,0
233,68,women,Metabolic,0
234,68,men,Cardiovascular,0
235,68,women,MSK,0
236,68,men,Cardiovascular,0
237,68,men,Complex,0
238,68,men,Neuropsychiatric,0
239,68,women,Cardiovascular,0
240,68,women,Cardiovascular,0
241,68,men,Complex,0
242,68,women,Neuropsychiatric,0
243,68,women,Neuropsychiatric,0
244,68,women,Neuropsychiatric,0
245,68,women,MSK,0
246,68,women,MSK,0
247,68,men,Neuropsychiatric,0
248,68,men,Neuropsychiatric,0
249,68,women,Metabolic,0
250,68,women,MSK,0
251,68,women,Neuropsychiatric,0
252,68,men,Neuropsychiatric,0
253,68,men,Metabolic,0
254,68,men,Complex,0
255,68,men,Neuropsychiatric,0
256,68,women,Neuropsychiatric,0
257,68,women,MSK,0
258,68,men,Cardiovascular,0
259,68,women,Neuropsychiatric,0
260,68,women,Eye,0
261,68,men,Neuropsychiatric,0
262,68,men,Metabolic,0
263,68,women,Neuropsychiatric,0
264,68,women,Metabolic,0
265,68,women,MSK,0
266,68,women,Cardiovascular,0
267,68,men,Eye,0
268,68,women,Unspecified,0
269,68,men,Cardiovascular,0
270,68,men,Neuropsychiatric,0
271,68,women,Eye,0
272,68,women,Cardiovascular,0
273,68,women,MSK,0
274,68,women,Complex,0
275,68,women,MSK,0
276,68,men,Cardiovascular,0
277,68,men,Cardiovascular,0
278,69,women,Eye,0
279,69,women,MSK,0
280,69,women,MSK,0
281,69,men,Cardiovascular,0
282,69,men,Eye,0
283,69,men,Cardiovascular,0
284,69,women,Cardiovascular,0
285,69,men,Cardiovascular,0
286,69,men,Eye,0
287,69,women,Neuropsychiatric,0
288,69,women,Cardiovascular,0
289,69,men,Eye,0
290,69,women,Neuropsychiatric,0
291,69,women,MSK,0
292,69,women,MSK,0
293,69,men,Metabolic,0
294,69,men,Cardiovascular,0
295,69,men,Cardiovascular,0
296,69,women,MSK,0
297,69,women,Metabolic,0
298,69,women,MSK,0
299,69,women,Complex,0
300,69,men,MSK,0
301,69,men,MSK,0
302,69,men,Cardiovascular,0
303,69,men,Eye,0
304,69,women,MSK,0
305,69,men,Neuropsychiatric,0
306,69,women,Metabolic,0
307,69,women,Eye,0
308,69,women,Cardiovascular,0
309,69,women,Cardiovascular,0
310,69,women,Cardiovascular,0
311,69,women,Cardiovascular,0
312,69,women,Eye,0
313,69,men,Cardiovascular,0
314,69,men,Unspecified,0
315,69,men,Neuropsychiatric,0
316,69,women,Cardiovascular,0
317,69,women,Metabolic,0
318,69,women,Cardiovascular,0
319,69,men,Metabolic,0
320,69,women,MSK,0
321,69,women,Unspecified,0
322,69,men,Cardiovascular,0
323,69,men,Cardiovascular,0
324,69,women,Unspecified,0
325,69,women,Neuropsychiatric,0
326,69,men,Cardiovascular,0
327,69,men,Unspecified,0
328,69,men,MSK,0
329,69,women,Cardiovascular,0
330,69,women,Neuropsychiatric,0
331,69,men,Neuropsychiatric,0
332,69,men,Eye,0
333,69,women,MSK,0
334,69,men,Neuropsychiatric,0
335,69,men,Cardiovascular,0
336,70,men,Metabolic,0
337,70,women,Cardiovascular,0
338,70,women,MSK,0
339,70,men,Neuropsychiatric,0
340,70,men,Cardiovascular,0
341,70,men,MSK,0
342,70,men,Neuropsychiatric,0
343,70,women,Cardiovascular,0
344,70,women,Cardiovascular,0
345,70,women,Metabolic,0
346,70,men,Neuropsychiatric,0
347,70,women,MSK,0
348,70,men,Complex,0
349,70,men,Complex,0
350,70,men,Cardiovascular,0
351,70,men,Neuropsychiatric,0
352,70,men,Cardiovascular,0
353,70,men,Cardiovascular,0
354,70,men,Neuropsychiatric,0
355,70,men,Cardiovascular,0
356,70,men,Cardiovascular,0
357,70,women,Complex,0
358,70,men,Cardiovascular,0
359,70,men,Cardiovascular,0
360,70,women,Eye,0
361,70,men,Unspecified,0
362,70,women,Cardiovascular,0
363,70,women,Cardiovascular,0
364,70,women,Cardiovascular,0
365,70,men,Cardiovascular,0
366,70,men,Metabolic,0
367,70,women,Neuropsychiatric,0
368,70,men,Cardiovascular,0
369,70,men,Unspecified,0
370,70,men,Cardiovascular,0
371,70,women,Cardiovascular,0
372,70,men,Neuropsychiatric,0
373,70,men,MSK,0
374,70,men,Cardiovascular,0
375,70,women,Eye,0
376,70,men,Unspecified,0
377,70,men,Cardiovascular,0
378,70,men,Neuropsychiatric,0
379,70,men,Cardiovascular,0
380,70,women,Eye,0
381,70,women,Metabolic,0
382,70,women,Cardiovascular,0
383,70,men,Eye,0
384,70,men,Cardiovascular,0
385,70,women,Neuropsychiatric,0
386,70,men,Neuropsychiatric,0
387,70,men,Complex,0
388,70,men,Neuropsychiatric,0
389,70,women,Neuropsychiatric,0
390,70,men,Metabolic,0
391,70,men,Cardiovascular,0
392,70,women,MSK,0
393,70,men,Cardiovascular,0
394,70,men,MSK,0
395,70,women,Unspecified,0
396,70,women,MSK,0
397,70,men,Cardiovascular,0
398,70,women,Eye,0
399,70,women,Cardiovascular,0
400,70,women,Neuropsychiatric,0
401,70,women,Eye,0
402,70,women,Eye,0
403,70,women,Eye,0
404,70,men,Eye,0
405,70,men,MSK,0
406,70,men,Eye,0
407,70,women,Neuropsychiatric,0
408,70,men,MSK,0
409,70,men,Neuropsychiatric,0
410,70,women,Complex,0
411,70,men,Cardiovascular,0
412,70,women,Complex,0
413,70,women,Cardiovascular,0
414,70,women,MSK,0
415,70,women,Cardiovascular,0
416,70,men,MSK,0
417,70,men,Complex,0
418,70,men,Complex,0
419,70,women,MSK,0
420,70,men,MSK,0
421,70,men,Complex,0
422,71,women,Cardiovascular,0
423,71,women,Unspecified,0
424,71,men,Neuropsychiatric,0
425,71,men,Cardiovascular,0
426,71,women,Unspecified,0
427,71,men,MSK,0
428,71,men,Neuropsychiatric,0
429,71,men,Metabolic,0
430,71,women,Cardiovascular,0
431,71,women,Metabolic,0
432,71,men,Neuropsychiatric,0
433,71,men,Cardiovascular,0
434,71,women,MSK,0
435,71,men,Unspecified,0
436,71,women,Neuropsychiatric,0
437,71,men,Eye,0
438,71,women,Eye,0
439,71,women,Cardiovascular,0
440,71,women,MSK,0
441,71,men,Neuropsychiatric,0
442,71,men,Cardiovascular,0
443,71,women,Cardiovascular,0
444,71,men,Cardiovascular,0
445,71,women,Eye,0
446,71,men,Cardiovascular,0
447,71,men,Neuropsychiatric,0
448,71,men,Cardiovascular,0
449,71,men,Metabolic,0
450,71,women,MSK,0
451,71,women,Complex,0
452,71,women,MSK,0
453,71,women,Complex,0
454,71,men,Metabolic,0
455,71,women,Eye,0
456,71,women,Complex,0
457,71,women,Cardiovascular,0
458,71,men,Cardiovascular,0
459,71,women,Neuropsychiatric,0
460,71,women,Cardiovascular,0
461,71,women,Neuropsychiatric,0
462,71,women,Neuropsychiatric,0
463,71,women,MSK,0
464,71,men,MSK,0
465,71,women,Complex,0
466,71,women,MSK,0
467,71,men,MSK,0
468,71,men,Unspecified,0
469,71,women,Neuropsychiatric,0
470,71,women,Cardiovascular,0
471,71,women,Metabolic,0
472,71,men,Cardiovascular,0
473,71,women,Complex,0
474,71,men,Metabolic,0
475,71,men,Eye,0
476,71,men,Cardiovascular,0
477,71,women,Complex,0
478,71,women,Cardiovascular,0
479,71,women,Cardiovascular,0
480,71,men,MSK,0
481,71,men,Eye,0
482,71,women,Neuropsychiatric,0
483,71,women,Eye,0
484,71,women,Cardiovascular,0
485,71,women,Cardiovascular,0
486,71,women,MSK,0
487,71,men,Neuropsychiatric,0
488,71,men,Neuropsychiatric,0
489,71,women,Complex,0
490,71,women,Cardiovascular,0
491,71,women,Complex,0
492,71,women,Neuropsychiatric,0
493,71,men,Unspecified,0
494,71,women,MSK,0
495,71,women,Complex,0
496,71,women,Complex,0
497,71,men,Neuropsychiatric,0
498,71,women,Eye,0
499,71,men,Neuropsychiatric,0
500,71,women,Neuropsychiatric,0
501,71,men,Neuropsychiatric,0
502,71,women,Neuropsychiatric,0
503,71,men,Cardiovascular,0
504,71,men,Cardiovascular,0
505,71,men,Neuropsychiatric,0
506,71,women,Cardiovascular,0
507,71,women,Metabolic,0
508,71,women,Cardiovascular,0
509,71,men,Metabolic,0
510,71,men,Complex,0
511,71,women,Cardiovascular,0
512,71,men,Neuropsychiatric,0
513,71,men,Neuropsychiatric,0
514,71,women,Metabolic,0
515,71,women,Cardiovascular,0
516,71,women,Cardiovascular,0
517,71,men,Metabolic,0
518,71,men,Cardiovascular,0
519,71,women,Cardiovascular,0
520,71,women,Cardiovascular,0
521,71,women,MSK,0
522,71,women,Cardiovascular,0
523,71,men,Eye,0
524,71,women,Metabolic,0
525,71,men,Eye,0
526,71,men,MSK,0
527,71,women,Cardiovascular,0
528,71,women,Neuropsychiatric,0
529,71,women,Metabolic,0
530,71,men,MSK,0
531,71,women,Neuropsychiatric,0
532,71,men,Cardiovascular,0
533,71,women,Neuropsychiatric,0
534,72,women,Eye,0
535,72,women,MSK,0
536,72,women,Metabolic,0
537,72,women,Unspecified,0
538,72,women,MSK,0
539,72,women,Cardiovascular,0
540,72,women,Unspecified,0
541,72,women,Cardiovascular,0
542,72,men,Cardiovascular,0
543,72,men,Eye,0
544,72,women,Neuropsychiatric,0
545,72,women,Unspecified,0
546,72,men,Neuropsychiatric,0
547,72,women,Unspecified,0
548,72,women,Eye,0
549,72,men,Cardiovascular,0
550,72,men,Complex,0
551,72,women,Neuropsychiatric,0
552,72,men,Cardiovascular,0
553,72,men,Complex,0
554,72,men,MSK,0
555,72,women,Complex,0
556,72,men,Cardiovascular,0
557,72,men,Complex,0
558,72,women,Cardiovascular,0
559,72,women,Eye,0
560,72,women,MSK,0
561,72,men,Eye,0
562,72,men,MSK,0
563,72,men,Unspecified,0
564,72,women,Unspecified,0
565,72,women,Cardiovascular,0
566,72,men,Cardiovascular,0
567,72,women,Cardiovascular,0
568,72,women,MSK,0
569,72,women,Cardiovascular,0
570,72,men,Neuropsychiatric,0
571,72,men,Eye,0
572,72,women,Neuropsychiatric,0
573,72,women,Cardiovascular,0
574,72,women,MSK,0
575,72,women,Cardiovascular,0
576,72,men,Unspecified,0
577,72,women,MSK,0
578,72,women,Unspecified,0
579,72,men,MSK,0
580,72,men,Metabolic,0
581,72,men,Unspecified,0
582,72,men,Cardiovascular,0
583,72,men,Neuropsychiatric,0
584,72,men,MSK,0
585,72,women,MSK,0
586,72,women,Neuropsychiatric,0
587,72,women,Cardiovascular,0
588,72,men,Complex,0
589,72,men,Cardiovascular,0
590,72,women,Metabolic,0
591,72,women,MSK,0
592,72,men,Unspecified,0
593,72,men,Cardiovascular,0
594,72,women,Cardiovascular,0
595,72,men,Neuropsychiatric,0
596,72,men,Cardiovascular,0
597,72,men,Eye,0
598,72,women,Cardiovascular,0
599,72,women,Cardiovascular,0
600,72,men,Cardiovascular,0
601,72,men,Cardiovascular,0
602,72,women,MSK,0
603,72,men,Cardiovascular,0
604,72,women,Cardiovascular,0
605,72,men,Cardiovascular,0
606,72,women,Cardiovascular,0
607,72,men,MSK,0
608,72,men,MSK,0
609,72,men,Cardiovascular,0
610,72,women,Cardiovascular,0
611,72,women,Neuropsychiatric,0
612,72,women,MSK,0
613,72,men,Unspecified,0
614,72,men,Eye,0
615,72,men,Neuropsychiatric,0
616,72,men,Unspecified,0
617,72,men,Neuropsychiatric,0
618,72,men,Cardiovascular,0
619,72,men,MSK,0
620,72,women,Eye,0
621,72,men,Eye,0
622,72,women,Eye,0
623,72,men,Cardiovascular,0
624,72,women,Eye,0
625,73,men,Cardiovascular,0
626,73,women,Cardiovascular,0
627,73,men,Cardiovascular,0
628,73,men,Complex,0
629,73,women,Unspecified,0
630,73,women,MSK,0
631,73,men,MSK,0
632,73,men,Unspecified,0
633,73,women,Complex,0
634,73,men,Neuropsychiatric,0
635,73,men,Cardiovascular,0
636,73,men,Complex,0
637,73,men,Eye,0
638,73,women,Cardiovascular,0
639,73,men,Neuropsychiatric,0
640,73,women,Neuropsychiatric,0
641,73,men,MSK,0
642,73,women,Cardiovascular,0
643,73,men,Neuropsychiatric,0
644,73,women,Eye,0
645,73,women,Eye,0
646,73,women,Eye,0
647,73,men,Cardiovascular,0
648,73,men,Unspecified,0
649,73,women,Cardiovascular,0
650,73,men,Neuropsychiatric,0
651,73,women,Complex,0
652,73,women,Eye,0
653,73,men,Neuropsychiatric,0
654,73,men,Cardiovascular,0
655,73,women,Unspecified,0
656,73,women,Cardiovascular,0
657,73,women,Neuropsychiatric,0
658,73,men,Cardiovascular,0
659,73,men,Neuropsychiatric,0
660,73,men,MSK,0
661,73,women,Cardiovascular,0
662,73,women,Cardiovascular,0
663,73,men,Metabolic,0
664,73,women,Neuropsychiatric,0
665,73,women,Neuropsychiatric,0
666,73,men,Metabolic,0
667,73,men,Neuropsychiatric,0
668,73,women,MSK,0
669,73,men,MSK,0
670,73,women,Complex,0
671,73,men,Unspecified,0
672,73,men,MSK,0
673,73,women,Cardiovascular,0
674,73,women,MSK,0
675,73,women,Complex,0
676,73,men,MSK,0
677,73,women,Complex,0
678,73,men,Cardiovascular,0
679,73,men,Cardiovascular,0
680,73,men,Cardiovascular,0
681,73,men,Cardiovascular,0
682,73,women,Eye,0
683,73,men,Unspecified,0
684,73,women,Neuropsychiatric,0
685,73,women,Cardiovascular,0
686,73,men,MSK,0
687,73,women,MSK,0
688,73,women,Eye,0
689,73,men,Neuropsychiatric,0
690,73,men,Cardiovascular,0
691,73,men,Complex,0
692,73,men,Neuropsychiatric,0
693,73,women,MSK,0
694,73,men,Neuropsychiatric,0
695,73,men,Cardiovascular,0
696,73,men,Eye,0
697,73,men,MSK,0
698,73,men,Neuropsychiatric,0
699,73,women,Eye,0
700,73,men,Cardiovascular,0
701,73,men,Neuropsychiatric,0
702,73,women,Unspecified,0
703,73,women,MSK,0
704,73,women,Eye,0
705,73,men,Unspecified,0
706,73,men,Neuropsychiatric,0
707,73,women,MSK,0
708,73,men,Neuropsychiatric,0
709,73,men,Cardiovascular,0
710,73,women,Cardiovascular,0
711,73,men,Metabolic,0
712,73,men,Neuropsychiatric,0
713,73,women,Complex,0
714,73,men,Cardiovascular,0
715,73,men,Cardiovascular,0
716,73,men,Cardiovascular,0
717,73,men,Cardiovascular,0
718,73,women,MSK,0
719,73,men,Cardiovascular,0
720,73,men,Neuropsychiatric,0
721,73,men,Cardiovascular,0
722,73,women,Neuropsychiatric,0
723,73,women,Cardiovascular,0
724,73,men,Unspecified,0
725,73,men,Neuropsychiatric,0
726,73,men,Cardiovascular,0
727,73,men,Unspecified,0
728,73,women,Cardiovascular,0
729,73,women,Eye,0
730,73,men,Complex,0
731,73,women,MSK,0
732,73,women,Cardiovascular,0
733,73,men,Cardiovascular,0
734,73,men,MSK,0
735,73,men,Complex,0
736,73,women,Unspecified,0
737,73,women,Eye,0
738,73,men,Neuropsychiatric,0
739,73,women,Cardiovascular,0
740,73,men,Neuropsychiatric,0
741,73,men,Cardiovascular,0
742,73,women,Cardiovascular,0
743,73,women,MSK,0
744,73,women,Complex,0
745,73,women,Neuropsychiatric,0
746,74,women,Neuropsychiatric,0
747,74,women,Metabolic,0
748,74,men,Neuropsychiatric,0
749,74,men,MSK,0
750,74,women,Cardiovascular,0
751,74,women,Cardiovascular,0
752,74,men,Cardiovascular,0
753,74,women,MSK,0
754,74,women,Complex,0
755,74,men,Cardiovascular,0
756,74,men,MSK,0
757,74,men,Cardiovascular,0
758,74,men,Cardiovascular,0
759,74,women,Eye,0
760,74,women,Cardiovascular,0
761,74,men,Cardiovascular,0
762,74,women,Neuropsychiatric,0
763,74,men,Eye,0
764,74,women,Eye,0
765,74,men,Cardiovascular,0
766,74,men,Eye,0
767,74,men,Cardiovascular,0
768,74,men,Neuropsychiatric,0
769,74,women,Eye,0
770,74,women,Eye,0
771,74,women,Eye,0
772,74,women,MSK,0
773,74,women,Cardiovascular,0
774,74,women,Cardiovascular,0
775,74,women,MSK,0
776,74,men,Neuropsychiatric,0
777,74,men,Unspecified,0
778,74,men,Unspecified,0
779,74,men,Neuropsychiatric,0
780,74,women,Complex,0
781,74,men,MSK,0
782,74,women,Cardiovascular,0
783,74,men,MSK,0
784,74,women,Cardiovascular,0
785,74,women,Eye,0
786,74,women,Cardiovascular,0
787,74,men,Complex,0
788,74,men,Complex,0
789,74,women,Complex,0
790,74,women,Cardiovascular,0
791,74,men,Eye,0
792,74,men,Eye,0
793,74,women,Neuropsychiatric,0
794,74,women,Metabolic,0
795,74,women,Cardiovascular,0
796,74,women,Eye,0
797,74,women,Metabolic,0
798,74,women,Cardiovascular,0
799,74,women,Cardiovascular,0
800,74,men,Cardiovascular,0
801,74,men,Cardiovascular,0
802,74,women,Eye,0
803,74,women,Eye,0
804,74,men,Neuropsychiatric,0
805,74,women,Neuropsychiatric,0
806,74,men,Cardiovascular,0
807,74,men,Eye,0
808,74,women,MSK,0
809,74,women,MSK,0
810,74,women,Complex,0
811,74,men,Neuropsychiatric,0
812,74,men,Cardiovascular,0
813,74,men,Eye,0
814,74,women,Cardiovascular,0
815,74,men,MSK,0
816,74,women,Cardiovascular,0
817,74,men,Neuropsychiatric,0
818,74,men,Cardiovascular,0
819,74,women,Unspecified,0
820,74,women,Unspecified,0
821,74,women,MSK,0
822,74,women,MSK,0
823,74,women,MSK,0
824,74,men,MSK,0
825,74,men,MSK,0
826,74,women,Eye,0
827,74,men,Cardiovascular,0
828,74,men,Eye,0
829,74,women,Cardiovascular,0
830,74,women,Neuropsychiatric,0
831,74,men,Cardiovascular,0
832,74,women,Metabolic,0
833,74,men,Eye,0
834,74,women,Unspecified,0
835,74,women,Metabolic,0
836,74,women,Cardiovascular,0
837,74,men,Neuropsychiatric,0
838,74,men,Eye,0
839,74,women,Eye,0
840,74,women,Cardiovascular,0
841,74,women,Cardiovascular,0
842,74,men,Neuropsychiatric,0
843,74,women,Cardiovascular,0
844,74,women,Neuropsychiatric,0
845,74,women,Metabolic,0
846,74,men,MSK,0
847,74,men,Complex,0
848,74,men,MSK,0
849,74,women,Metabolic,0
850,74,women,Eye,0
851,74,women,Metabolic,0
852,74,men,Complex,0
853,75,men,Eye,0
854,75,women,Complex,0
855,75,men,Cardiovascular,0
856,75,men,Cardiovascular,0
857,75,men,Cardiovascular,0
858,75,men,Cardiovascular,0
859,75,men,Neuropsychiatric,0
860,75,men,Neuropsychiatric,0
861,75,women,Metabolic,0
862,75,men,Neuropsychiatric,0
863,75,women,Complex,0
864,75,men,Cardiovascular,0
865,75,women,MSK,0
866,75,women,Neuropsychiatric,0
867,75,women,Eye,0
868,75,women,Eye,0
869,75,men,Neuropsychiatric,0
870,75,women,MSK,0
871,75,women,Cardiovascular,0
872,75,men,Neuropsychiatric,0
873,75,women,Cardiovascular,0
874,75,men,Cardiovascular,0
875,75,women,Metabolic,0
876,75,men,Cardiovascular,0
877,75,women,MSK,0
878,75,women,Neuropsychiatric,0
879,75,men,MSK,0
880,75,women,Eye,0
881,75,women,Cardiovascular,0
882,75,men,Cardiovascular,0
883,75,women,Neuropsychiatric,0
884,75,women,Eye,0
885,75,men,Cardiovascular,0
886,75,women,MSK,0
887,75,men,MSK,0
888,75,men,Neuropsychiatric,0
889,75,men,MSK,0
890,75,women,Neuropsychiatric,0
891,75,men,Cardiovascular,0
892,75,men,Unspecified,0
893,75,women,Neuropsychiatric,0
894,75,women,Metabolic,0
895,75,women,Complex,0
896,75,men,MSK,0
897,75,women,Cardiovascular,0
898,75,men,Cardiovascular,0
899,75,women,Cardiovascular,0
900,75,women,MSK,0
901,75,men,Cardiovascular,0
902,75,women,Cardiovascular,0
903,75,women,Neuropsychiatric,0
904,75,women,MSK,0
905,75,women,Eye,0
906,75,women,Unspecified,0
907,75,men,Cardiovascular,0
908,75,women,MSK,0
909,75,men,Cardiovascular,0
910,75,women,Cardiovascular,0
911,75,women,MSK,0
912,75,women,Metabolic,0
913,75,women,Cardiovascular,0
914,75,men,Unspecified,0
915,75,men,Cardiovascular,0
916,75,women,Complex,0
917,75,men,Complex,0
918,75,women,Cardiovascular,0
919,75,men,Neuropsychiatric,0
920,75,women,Cardiovascular,0
921,75,men,Cardiovascular,0
922,75,women,Cardiovascular,0
923,75,men,Eye,0
924,75,men,Neuropsychiatric,0
925,75,men,Cardiovascular,0
926,75,men,Unspecified,0
927,75,men,Cardiovascular,0
928,75,women,MSK,0
929,75,men,Neuropsychiatric,0
930,75,women,Cardiovascular,0
931,75,men,MSK,0
932,75,men,Metabolic,0
933,75,men,Complex,0
934,75,men,Complex,0
935,75,men,MSK,0
936,75,women,Complex,0
937,75,men,Cardiovascular,0
938,75,men,Cardiovascular,0
939,75,women,Unspecified,0
940,75,men,Cardiovascular,0
941,75,men,Cardiovascular,0
942,75,men,Eye,0
943,75,men,MSK,0
944,75,men,Cardiovascular,0
945,75,women,Cardiovascular,0
946,75,women,Cardiovascular,0
947,75,women,Cardiovascular,0
948,75,women,Eye,0
949,75,women,Metabolic,0
950,75,men,MSK,0
951,75,men,Metabolic,0
952,75,men,MSK,0
953,75,women,Eye,0
954,75,women,Cardiovascular,0
955,75,women,Cardiovascular,0
956,75,men,Neuropsychiatric,0
957,75,women,Eye,0
958,75,men,Cardiovascular,0
959,75,women,Unspecified,0
960,75,men,Eye,0
961,75,men,Neuropsychiatric,0
962,75,women,Cardiovascular,0
963,75,women,Eye,0
964,75,women,Neuropsychiatric,0
965,75,men,Neuropsychiatric,0
966,75,men,Eye,0
967,75,men,Unspecified,0
968,75,women,Complex,0
969,75,men,Unspecified,0
970,75,women,Cardiovascular,0
971,75,men,Unspecified,0
972,75,men,Unspecified,0
973,75,men,Cardiovascular,0
974,75,men,Eye,0
975,75,women,Cardiovascular,0
976,75,women,Cardiovascular,0
977,75,women,Cardiovascular,0
978,75,women,Cardiovascular,0
979,75,men,Unspecified,0
980,75,women,Unspecified,0
981,75,women,Cardiovascular,0
982,75,women,MSK,0
983,75,men,Cardiovascular,0
984,75,men,Complex,0
985,75,men,Cardiovascular,0
986,75,men,MSK,0
987,75,men,Neuropsychiatric,0
988,75,women,Cardiovascular,0
989,75,women,Eye,0
990,75,men,Neuropsychiatric,0
991,75,men,Cardiovascular,0
992,75,men,Eye,0
993,75,women,Cardiovascular,0
994,75,women,Cardiovascular,0
995,76,women,Cardiovascular,0
996,76,men,Neuropsychiatric,0
997,76,women,Cardiovascular,0
998,76,women,Cardiovascular,0
999,76,women,Unspecified,0
1000,76,women,Cardiovascular,0
1001,76,men,MSK,0
1002,76,women,Neuropsychiatric,0
1003,76,women,Unspecified,0
1004,76,men,Cardiovascular,0
1005,76,men,MSK,0
1006,76,men,Cardiovascular,0
1007,76,women,MSK,0
1008,76,women,MSK,0
1009,76,women,Cardiovascular,0
1010,76,men,Neuropsychiatric,0
1011,76,men,Neuropsychiatric,0
1012,76,men,Eye,0
1013,76,women,Cardiovascular,0
1014,76,women,Cardiovascular,0
1015,76,men,Cardiovascular,0
1016,76,women,Cardiovascular,0
1017,76,men,Metabolic,0
1018,76,men,Unspecified,0
1019,76,men,Unspecified,0
1020,76,women,Complex,0
1021,76,women,Cardiovascular,0
1022,76,women,Metabolic,0
1023,76,women,Cardiovascular,0
1024,76,women,Complex,0
1025,76,men,Eye,0
1026,76,men,Neuropsychiatric,0
1027,76,women,Cardiovascular,0
1028,76,men,Cardiovascular,0
1029,76,women,Neuropsychiatric,0
1030,76,women,Cardiovascular,0
1031,76,women,Eye,0
1032,76,women,Metabolic,0
1033,76,women,Metabolic,0
1034,76,women,Metabolic,0
1035,76,women,Eye,0
1036,76,women,Unspecified,0
1037,76,men,Cardiovascular,0
1038,76,men,Cardiovascular,0
1039,76,women,Eye,0
1040,76,women,Metabolic,0
1041,76,women,Eye,0
1042,76,women,Cardiovascular,0
1043,76,men,Neuropsychiatric,0
1044,76,men,MSK,0
1045,76,women,Eye,0
1046,76,women,Cardiovascular,0
1047,76,women,Cardiovascular,0
1048,76,men,Cardiovascular,0
1049,76,men,Cardiovascular,0
1050,76,women,Cardiovascular,0
1051,76,men,Complex,0
1052,76,women,Eye,0
1053,76,women,MSK,0
1054,76,men,Cardiovascular,0
1055,76,men,Metabolic,0
1056,76,women,Cardiovascular,0
1057,76,women,MSK,0
1058,76,men,Cardiovascular,0
1059,76,women,Neuropsychiatric,0
1060,76,women,MSK,0
1061,76,men,Metabolic,0
1062,76,men,Metabolic,0
1063,76,men,Unspecified,0
1064,76,men,Eye,0
1065,76,women,Cardiovascular,0
1066,76,men,MSK,0
1067,76,women,Neuropsychiatric,0
1068,76,women,MSK,0
1069,76,men,Unspecified,0
1070,76,men,Cardiovascular,0
1071,76,women,Cardiovascular,0
1072,76,women,MSK,0
1073,76,women,Cardiovascular,0
1074,76,women,Cardiovascular,0
1075,76,women,Eye,0
1076,76,women,Cardiovascular,0
1077,76,men,Cardiovascular,0
1078,76,men,Cardiovascular,0
1079,76,women,Cardiovascular,0
1080,76,men,Neuropsychiatric,0
1081,76,women,Eye,0
1082,76,women,Eye,0
1083,76,women,Cardiovascular,0
1084,76,men,Complex,0
1085,76,women,Cardiovascular,0
1086,76,women,MSK,0
1087,76,women,Unspecified,0
1088,76,men,Cardiovascular,0
1089,76,women,Eye,0
1090,76,men,Eye,0
1091,76,men,Cardiovascular,0
1092,76,men,Cardiovascular,0
1093,76,men,Eye,0
1094,76,men,Unspecified,0
1095,76,women,Metabolic,0
1096,76,men,Neuropsychiatric,0
1097,76,men,Cardiovascular,0
1098,76,men,Neuropsychiatric,0
1099,76,women,Cardiovascular,0
1100,76,women,MSK,0
1101,76,men,Cardiovascular,0
1102,76,women,Unspecified,0
1103,76,men,Neuropsychiatric,0
1104,76,men,Neuropsychiatric,0
1105,76,women,Cardiovascular,0
1106,76,women,Cardiovascular,0
1107,76,women,MSK,0
1108,76,women,Eye,0
1109,76,women,Eye,0
1110,76,men,Unspecified,0
1111,76,men,MSK,0
1112,76,women,Neuropsychiatric,0
1113,76,men,Neuropsychiatric,0
1114,76,men,Neuropsychiatric,0
1115,77,men,Cardiovascular,0
1116,77,women,Neuropsychiatric,0
1117,77,women,Neuropsychiatric,0
1118,77,men,Metabolic,0
1119,77,women,Cardiovascular,0
1120,77,women,Eye,0
1121,77,women,Cardiovascular,0
1122,77,men,Cardiovascular,0
1123,77,men,Cardiovascular,0
1124,77,women,Metabolic,0
1125,77,women,MSK,0
1126,77,women,MSK,0
1127,77,women,Cardiovascular,0
1128,77,men,Complex,0
1129,77,men,Neuropsychiatric,0
1130,77,men,Neuropsychiatric,0
1131,77,women,MSK,0
1132,77,women,Cardiovascular,0
1133,77,women,MSK,0
1134,77,women,Metabolic,0
1135,77,women,Cardiovascular,0
1136,77,women,Metabolic,0
1137,77,men,Unspecified,0
1138,77,men,Unspecified,0
1139,77,women,Cardiovascular,0
1140,77,men,Metabolic,0
1141,77,men,Unspecified,0
1142,77,women,Cardiovascular,0
1143,77,women,Eye,0
1144,77,men,Eye,0
1145,77,men,Neuropsychiatric,0
1146,77,men,Cardiovascular,0
1147,77,men,Cardiovascular,0
1148,77,men,Complex,0
1149,77,women,Metabolic,0
1150,77,men,Cardiovascular,0
1151,77,men,Cardiovascular,0
1152,77,men,Cardiovascular,0
1153,77,women,Eye,0
1154,77,women,Cardiovascular,0
1155,77,women,MSK,0
1156,77,women,MSK,0
1157,77,men,MSK,0
1158,77,women,MSK,0
1159,77,women,MSK,0
1160,77,women,Neuropsychiatric,0
1161,77,women,Complex,0
1162,77,women,Cardiovascular,0
1163,77,men,MSK,0
1164,77,men,Eye,0
1165,77,women,Cardiovascular,0
1166,77,men,Complex,0
1167,77,men,Eye,0
1168,77,women,Cardiovascular,0
1169,77,women,Neuropsychiatric,0
1170,77,men,Cardiovascular,0
1171,77,women,Complex,0
1172,77,women,Unspecified,0
1173,77,men,Eye,0
1174,77,men,Eye,0
1175,77,men,Cardiovascular,0
1176,77,men,Cardiovascular,0
1177,77,women,Neuropsychiatric,0
1178,77,women,Metabolic,0
1179,77,men,Eye,0
1180,77,women,Neuropsychiatric,0
1181,77,men,Cardiovascular,0
1182,77,men,Cardiovascular,0
1183,77,men,Cardiovascular,0
1184,77,women,Cardiovascular,0
1185,77,men,Eye,0
1186,77,women,Metabolic,0
1187,77,women,Cardiovascular,0
1188,77,women,MSK,0
1189,77,men,Unspecified,0
1190,77,women,MSK,0
1191,77,men,MSK,0
1192,77,women,Neuropsychiatric,0
1193,77,women,Cardiovascular,0
1194,77,women,Cardiovascular,0
1195,77,women,Complex,0
1196,77,women,Eye,0
1197,77,men,Unspecified,0
1198,77,men,Cardiovascular,0
1199,77,women,MSK,0
1200,77,men,Neuropsychiatric,0
1201,77,women,MSK,0
1202,77,women,MSK,0
1203,77,men,Cardiovascular,0
1204,77,men,Cardiovascular,0
1205,77,women,Unspecified,0
1206,77,women,Cardiovascular,0
1207,77,men,Neuropsychiatric,0
1208,77,men,Cardiovascular,0
1209,77,women,Cardiovascular,0
1210,77,men,Unspecified,0
1211,77,women,Cardiovascular,0
1212,77,women,Cardiovascular,0
1213,77,men,Unspecified,0
1214,77,women,Cardiovascular,0
1215,77,men,Cardiovascular,0
1216,77,men,Cardiovascular,0
1217,78,men,Neuropsychiatric,0
1218,78,men,Cardiovascular,0
1219,78,men,Eye,0
1220,78,men,Cardiovascular,0
1221,78,women,Cardiovascular,0
1222,78,men,Cardiovascular,0
1223,78,men,Cardiovascular,0
1224,78,men,MSK,0
1225,78,men,Complex,0
1226,78,women,Eye,0
1227,78,women,MSK,0
1228,78,women,Neuropsychiatric,0
1229,78,women,Neuropsychiatric,0
1230,78,men,Cardiovascular,0
1231,78,women,Metabolic,0
1232,78,women,Unspecified,0
1233,78,men,MSK,0
1234,78,women,Unspecified,0
1235,78,women,Complex,0
1236,78,women,Unspecified,0
1237,78,men,Eye,0
1238,78,men,MSK,0
1239,78,women,MSK,0
1240,78,men,Cardiovascular,0
1241,78,women,Eye,0
1242,78,women,Neuropsychiatric,0
1243,78,women,MSK,0
1244,78,men,Neuropsychiatric,0
1245,78,women,Cardiovascular,0
1246,78,women,Complex,0
1247,78,men,Cardiovascular,0
1248,78,men,Cardiovascular,0
1249,78,women,Cardiovascular,0
1250,78,women,Unspecified,0
1251,78,women,Eye,0
1252,78,men,Cardiovascular,0
1253,78,men,Unspecified,0
1254,78,men,Eye,0
1255,78,men,Cardiovascular,0
1256,78,women,Cardiovascular,0
1257,78,men,Cardiovascular,0
1258,78,women,MSK,0
1259,78,men,Neuropsychiatric,0
1260,78,women,Cardiovascular,0
1261,78,women,MSK,0
1262,78,women,MSK,0
1263,78,women,Eye,0
1264,78,women,Cardiovascular,0
1265,78,men,Neuropsychiatric,0
1266,78,men,Neuropsychiatric,0
1267,78,men,MSK,0
1268,78,men,MSK,0
1269,78,men,Complex,0
1270,78,women,Cardiovascular,0
1271,78,women,Neuropsychiatric,0
1272,78,men,Complex,0
1273,78,women,Cardiovascular,0
1274,78,men,MSK,0
1275,78,women,Metabolic,0
1276,78,women,Cardiovascular,0
1277,78,men,Metabolic,0
1278,78,men,Cardiovascular,0
1279,78,men,MSK,0
1280,78,men,Metabolic,0
1281,78,women,MSK,0
1282,78,men,Complex,0
1283,78,women,Neuropsychiatric,0
1284,78,men,Cardiovascular,0
1285,78,men,MSK,0
1286,78,women,Cardiovascular,0
1287,78,women,Cardiovascular,0
1288,78,men,Cardiovascular,0
1289,78,women,Neuropsychiatric,0
1290,78,men,Neuropsychiatric,0
1291,78,women,Cardiovascular,0
1292,78,women,Cardiovascular,0
1293,78,women,Cardiovascular,0
1294,78,women,Cardiovascular,0
1295,78,women,Cardiovascular,0
1296,78,men,Cardiovascular,0
1297,78,men,MSK,0
1298,78,women,MSK,0
1299,78,women,Cardiovascular,0
1300,78,women,Cardiovascular,0
1301,78,women,Complex,0
1302,78,women,Eye,0
1303,78,men,MSK,0
1304,78,women,Cardiovascular,0
1305,78,women,Complex,0
1306,78,women,Metabolic,0
1307,78,men,Complex,0
1308,78,women,Cardiovascular,0
1309,78,men,Complex,0
1310,78,men,Cardiovascular,0
1311,78,men,Complex,0
1312,78,men,MSK,0
1313,78,men,Cardiovascular,0
1314,78,men,Eye,0
1315,78,men,Cardiovascular,0
1316,78,men,Cardiovascular,0
1317,78,women,Metabolic,0
1318,78,women,Eye,0
1319,78,men,Metabolic,0
1320,78,women,MSK,0
1321,78,women,Eye,0
1322,78,women,Metabolic,0
1323,78,men,Unspecified,0
1324,78,women,Cardiovascular,0
1325,78,women,Neuropsychiatric,0
1326,78,men,Eye,0
1327,78,women,Cardiovascular,0
1328,78,women,Eye,0
1329,78,men,Unspecified,0
1330,78,men,Eye,0
1331,78,men,Unspecified,0
1332,78,women,Neuropsychiatric,0
1333,79,women,Metabolic,0
1334,79,women,Neuropsychiatric,0
1335,79,women,Eye,0
1336,79,women,Eye,0
1337,79,women,Eye,0
1338,79,women,Cardiovascular,0
1339,79,women,Cardiovascular,0
1340,79,women,MSK,0
1341,79,women,Cardiovascular,0
1342,79,men,Metabolic,0
1343,79,women,Cardiovascular,0
1344,79,women,MSK,0
1345,79,men,Neuropsychiatric,0
1346,79,men,Neuropsychiatric,0
1347,79,women,Cardiovascular,0
1348,79,men,Unspecified,0
1349,79,men,Complex,0
1350,79,men,Cardiovascular,0
1351,79,men,Eye,0
1352,79,men,Metabolic,0
1353,79,men,Neuropsychiatric,0
1354,79,women,MSK,0
1355,79,women,Eye,0
1356,79,men,Cardiovascular,0
1357,79,women,Neuropsychiatric,0
1358,79,women,Cardiovascular,0
1359,79,women,Neuropsychiatric,0
1360,79,women,MSK,0
1361,79,men,MSK,0
1362,79,men,Unspecified,0
1363,79,men,MSK,0
1364,79,men,Cardiovascular,0
1365,79,men,Unspecified,0
1366,79,men,Neuropsychiatric,0
1367,79,women,Cardiovascular,0
1368,79,women,Cardiovascular,0
1369,79,women,Cardiovascular,0
1370,79,women,Neuropsychiatric,0
1371,79,women,Metabolic,0
1372,79,women,Unspecified,0
1373,79,women,Cardiovascular,0
1374,79,women,Neuropsychiatric,0
1375,79,women,MSK,0
1376,79,women,Neuropsychiatric,0
1377,79,women,MSK,0
1378,79,women,Cardiovascular,0
1379,79,men,Unspecified,0
1380,79,men,Neuropsychiatric,0
1381,79,men,Metabolic,0
1382,79,women,MSK,0
1383,79,men,Cardiovascular,0
1384,79,men,Unspecified,0
1385,79,men,MSK,0
1386,79,men,Cardiovascular,0
1387,79,women,Neuropsychiatric,0
1388,79,men,Cardiovascular,0
1389,79,men,Neuropsychiatric,0
1390,79,women,MSK,0
1391,79,men,Complex,0
1392,79,men,Cardiovascular,0
1393,79,women,Cardiovascular,0
1394,79,men,MSK,0
1395,79,men,Eye,0
1396,79,women,MSK,0
1397,79,men,MSK,0
1398,79,men,Unspecified,0
1399,79,men,Complex,0
1400,79,men,MSK,0
1401,79,women,Complex,0
1402,79,men,Cardiovascular,0
1403,79,women,Neuropsychiatric,0
1404,79,women,Cardiovascular,0
1405,79,women,Cardiovascular,0
1406,79,women,Cardiovascular,0
1407,79,women,Cardiovascular,0
1408,79,men,Unspecified,0
1409,79,men,Unspecified,0
1410,79,women,Cardiovascular,0
1411,79,men,Metabolic,0
1412,79,men,Cardiovascular,0
1413,79,women,Metabolic,0
1414,79,women,Neuropsychiatric,0
1415,79,women,Metabolic,0
1416,79,women,Cardiovascular,0
1417,79,men,Neuropsychiatric,0
1418,79,men,Cardiovascular,0
1419,79,men,Cardiovascular,0
1420,79,men,Eye,0
1421,79,men,Cardiovascular,0
1422,79,women,Cardiovascular,0
1423,79,women,Cardiovascular,0
1424,79,women,MSK,0
1425,79,women,Eye,0
1426,79,women,Cardiovascular,0
1427,79,women,MSK,0
1428,79,women,Cardiovascular,0
1429,79,women,Eye,0
1430,79,women,Eye,0
1431,79,women,Neuropsychiatric,0
1432,79,women,Cardiovascular,0
1433,79,women,Metabolic,0
1434,79,men,Eye,0
1435,79,women,Cardiovascular,0
1436,79,men,Cardiovascular,0
1437,79,men,Cardiovascular,0
1438,79,men,Cardiovascular,0
1439,79,women,Eye,0
1440,79,men,MSK,0
1441,80,women,Metabolic,0
1442,80,men,Cardiovascular,0
1443,80,men,Neuropsychiatric,0
1444,80,women,Neuropsychiatric,0
1445,80,women,Neuropsychiatric,0
1446,80,men,MSK,0
1447,80,women,Cardiovascular,0
1448,80,women,MSK,0
1449,80,women,Cardiovascular,0
1450,80,men,Cardiovascular,0
1451,80,men,Neuropsychiatric,0
1452,80,women,Eye,0
1453,80,men,Neuropsychiatric,0
1454,80,women,Cardiovascular,0
1455,80,men,Unspecified,0
1456,80,men,Eye,0
1457,80,women,Cardiovascular,0
1458,80,women,Cardiovascular,0
1459,80,women,Cardiovascular,0
1460,80,women,MSK,0
1461,80,women,Cardiovascular,0
1462,80,men,Unspecified,0
1463,80,men,MSK,0
1464,80,women,Cardiovascular,0
1465,80,women,Cardiovascular,0
1466,80,men,Cardiovascular,0
1467,80,women,Neuropsychiatric,0
1468,80,women,Neuropsychiatric,0
1469,80,women,Cardiovascular,0
1470,80,men,Cardiovascular,0
1471,80,women,Cardiovascular,0
1472,80,men,Metabolic,0
1473,80,men,Cardiovascular,0
1474,80,men,Neuropsychiatric,0
1475,80,women,MSK,0
1476,80,men,Cardiovascular,0
1477,80,men,Metabolic,0
1478,80,men,Cardiovascular,0
1479,80,women,Unspecified,0
1480,80,women,MSK,0
1481,80,men,MSK,0
1482,80,men,MSK,0
1483,80,men,Cardiovascular,0
1484,80,men,Cardiovascular,0
1485,80,men,Eye,0
1486,80,women,Cardiovascular,0
1487,80,women,Cardiovascular,0
1488,80,men,Complex,0
1489,80,men,Neuropsychiatric,0
1490,80,women,Complex,0
1491,80,men,Neuropsychiatric,0
1492,80,women,Cardiovascular,0
1493,80,men,MSK,0
1494,80,women,Metabolic,0
1495,80,women,Cardiovascular,0
1496,80,women,Eye,0
1497,80,men,Cardiovascular,0
1498,80,men,Neuropsychiatric,0
1499,80,women,Cardiovascular,0
1500,80,women,MSK,0
1501,80,men,Eye,0
1502,80,men,MSK,0
1503,80,men,Neuropsychiatric,0
1504,80,men,Cardiovascular,0
1505,80,men,MSK,0
1506,80,men,Cardiovascular,0
1507,80,women,Neuropsychiatric,0
1508,80,women,Cardiovascular,0
1509,80,women,MSK,0
1510,80,men,Cardiovascular,0
1511,80,women,Cardiovascular,0
1512,80,men,Metabolic,0
1513,80,women,Cardiovascular,0
1514,80,women,Cardiovascular,0
1515,80,women,MSK,0
1516,80,women,Neuropsychiatric,0
1517,80,men,Neuropsychiatric,0
1518,80,women,Cardiovascular,0
1519,80,women,Cardiovascular,0
1520,80,men,Eye,0
1521,80,women,Cardiovascular,0
1522,80,men,Cardiovascular,0
1523,80,women,Neuropsychiatric,0
1524,80,women,Complex,0
1525,80,men,Cardiovascular,0
1526,80,women,Neuropsychiatric,0
1527,80,women,Metabolic,0
1528,80,women,MSK,0
1529,80,men,Cardiovascular,0
1530,80,women,Unspecified,0
1531,80,men,MSK,0
1532,80,men,Neuropsychiatric,0
1533,80,men,Eye,0
1534,80,women,Cardiovascular,0
1535,80,women,Eye,0
1536,80,men,Neuropsychiatric,0
1537,80,men,MSK,0
1538,80,men,Cardiovascular,0
1539,80,women,Neuropsychiatric,0
1540,80,women,Cardiovascular,0
1541,80,women,Cardiovascular,0
1542,80,men,MSK,0
1543,80,men,Cardiovascular,0
1544,80,women,MSK,0
1545,80,men,Cardiovascular,0
1546,80,women,MSK,0
1547,80,women,MSK,0
1548,80,women,MSK,0
1549,80,men,Cardiovascular,0
1550,80,men,Metabolic,0
1551,80,men,Complex,0
1552,80,women,MSK,0
1553,80,women,MSK,0
1554,80,women,Eye,0
1555,80,women,Cardiovascular,0
1556,80,men,Neuropsychiatric,0
1557,80,men,Metabolic,0
1558,80,men,Neuropsychiatric,0
1559,80,women,Complex,0
1560,80,women,Unspecified,0
1561,80,women,Metabolic,0
1562,80,women,Eye,0
1563,80,men,Cardiovascular,0
1564,80,women,MSK,0
1565,80,women,Unspecified,0
1566,80,men,MSK,0
1567,80,women,Eye,0
1568,80,women,Cardiovascular,0
1569,80,men,Neuropsychiatric,0
1570,80,men,Cardiovascular,0
1571,80,men,MSK,0
1572,80,women,MSK,0
1573,80,women,Complex,0
1574,80,women,Cardiovascular,0
1575,80,men,Cardiovascular,0
1576,80,women,Cardiovascular,0
1577,80,women,Complex,0
1578,80,men,MSK,0
1579,80,women,Neuropsychiatric,0
1580,80,women,Cardiovascular,0
1581,80,women,Eye,0
1582,80,women,Cardiovascular,0
1583,80,women,MSK,0
1584,80,men,Neuropsychiatric,0
1585,80,women,MSK,0
1586,80,women,Neuropsychiatric,0
1587,80,women,Eye,0
1588,81,women,Cardiovascular,0
1589,81,women,MSK,0
1590,81,women,Cardiovascular,0
1591,81,women,Neuropsychiatric,0
1592,81,women,MSK,0
1593,81,women,Eye,0
1594,81,men,Cardiovascular,0
1595,81,men,Eye,0
1596,81,women,Cardiovascular,0
1597,81,men,Cardiovascular,0
1598,81,women,MSK,0
1599,81,men,Cardiovascular,0
1600,81,women,Cardiovascular,0
1601,81,women,MSK,0
1602,81,women,Complex,0
1603,81,men,Cardiovascular,0
1604,81,men,Unspecified,0
1605,81,women,Cardiovascular,0
1606,81,women,MSK,0
1607,81,women,Cardiovascular,0
1608,81,women,Cardiovascular,0
1609,81,women,Metabolic,0
1610,81,women,Neuropsychiatric,0
1611,81,men,Neuropsychiatric,0
1612,81,men,MSK,0
1613,81,men,Metabolic,0
1614,81,men,MSK,0
1615,81,women,Cardiovascular,0
1616,81,men,Eye,0
1617,81,men,Metabolic,0
1618,81,women,MSK,0
1619,81,men,MSK,0
1620,81,women,Cardiovascular,0
1621,81,women,MSK,0
1622,81,men,MSK,0
1623,81,men,MSK,0
1624,81,women,Cardiovascular,0
1625,81,men,Neuropsychiatric,0
1626,81,women,Eye,0
1627,81,men,Cardiovascular,0
1628,81,women,Neuropsychiatric,0
1629,81,women,Eye,0
1630,81,women,Cardiovascular,0
1631,81,women,Cardiovascular,0
1632,81,men,Cardiovascular,0
1633,81,men,Cardiovascular,0
1634,81,men,Cardiovascular,0
1635,81,men,Eye,0
1636,81,men,Cardiovascular,0
1637,81,men,Complex,0
1638,81,men,Eye,0
1639,81,women,MSK,0
1640,81,women,Cardiovascular,0
1641,81,men,MSK,0
1642,81,men,MSK,0
1643,81,men,Cardiovascular,0
1644,81,men,Unspecified,0
1645,81,women,Cardiovascular,0
1646,81,men,Eye,0
1647,81,women,Cardiovascular,0
1648,81,men,Unspecified,0
1649,81,women,Cardiovascular,0
1650,81,women,MSK,0
1651,81,men,Cardiovascular,0
1652,81,women,MSK,0
1653,81,men,Complex,0
1654,81,women,Eye,0
1655,81,men,Cardiovascular,0
1656,81,men,Eye,0
1657,81,men,Metabolic,0
1658,81,women,MSK,0
1659,81,men,Cardiovascular,0
1660,81,women,MSK,0
1661,81,men,Neuropsychiatric,0
1662,81,women,Neuropsychiatric,0
1663,81,women,Neuropsychiatric,0
1664,81,men,MSK,0
1665,81,men,Neuropsychiatric,0
1666,81,men,Cardiovascular,0
1667,81,men,Neuropsychiatric,0
1668,81,men,MSK,0
1669,81,men,Cardiovascular,0
1670,81,men,MSK,0
1671,81,women,Unspecified,0
1672,81,women,Cardiovascular,0
1673,81,men,Neuropsychiatric,0
1674,81,women,MSK,0
1675,81,women,Neuropsychiatric,0
1676,81,women,Cardiovascular,0
1677,81,women,Eye,0
1678,81,men,Cardiovascular,0
1679,81,men,Cardiovascular,0
1680,81,men,Cardiovascular,0
1681,81,women,Complex,0
1682,81,women,Neuropsychiatric,0
1683,81,women,Cardiovascular,0
1684,81,women,Cardiovascular,0
1685,81,women,Unspecified,0
1686,81,men,MSK,0
1687,81,women,Metabolic,0
1688,81,women,Eye,0
1689,81,men,Cardiovascular,0
1690,81,women,Unspecified,0
1691,81,men,Cardiovascular,0
1692,81,women,Cardiovascular,0
1693,81,women,Unspecified,0
1694,81,men,Cardiovascular,0
1695,81,women,Cardiovascular,0
1696,81,men,Cardiovascular,0
1697,81,women,MSK,0
1698,81,men,Neuropsychiatric,0
1699,81,men,MSK,0
1700,81,men,Cardiovascular,0
1701,81,men,Neuropsychiatric,0
1702,81,men,Metabolic,0
1703,82,men,Cardiovascular,0
1704,82,men,Cardiovascular,0
1705,82,men,Eye,0
1706,82,women,Cardiovascular,0
1707,82,men,Cardiovascular,0
1708,82,women,Metabolic,0
1709,82,women,MSK,0
1710,82,women,MSK,0
1711,82,men,Complex,0
1712,82,men,Cardiovascular,0
1713,82,women,Cardiovascular,0
1714,82,women,Complex,0
1715,82,men,Cardiovascular,0
1716,82,women,MSK,0
1717,82,women,Unspecified,0
1718,82,women,Cardiovascular,0
1719,82,women,Eye,0
1720,82,women,Cardiovascular,0
1721,82,men,Neuropsychiatric,0
1722,82,men,Neuropsychiatric,0
1723,82,women,Cardiovascular,0
1724,82,men,MSK,0
1725,82,women,MSK,0
1726,82,women,Neuropsychiatric,0
1727,82,women,Complex,0
1728,82,men,Unspecified,0
1729,82,women,MSK,0
1730,82,men,Complex,0
1731,82,men,Complex,0
1732,82,women,Complex,0
1733,82,men,Neuropsychiatric,0
1734,82,men,MSK,0
1735,82,women,MSK,0
1736,82,men,MSK,0
1737,82,men,Cardiovascular,0
1738,82,men,Cardiovascular,0
1739,82,men,Cardiovascular,0
1740,82,women,Eye,0
1741,82,women,Cardiovascular,0
1742,82,women,Cardiovascular,0
1743,82,men,Unspecified,0
1744,82,men,Cardiovascular,0
1745,82,women,MSK,0
1746,82,women,Metabolic,0
1747,82,men,MSK,0
1748,82,women,Neuropsychiatric,0
1749,82,women,Metabolic,0
1750,82,men,Cardiovascular,0
1751,82,women,Eye,0
1752,82,women,Neuropsychiatric,0
1753,82,women,Cardiovascular,0
1754,82,women,MSK,0
1755,82,men,Complex,0
1756,82,women,Cardiovascular,0
1757,82,women,Eye,0
1758,82,women,Unspecified,0
1759,82,men,Cardiovascular,0
1760,82,women,Metabolic,0
1761,82,women,Cardiovascular,0
1762,82,men,Cardiovascular,0
1763,82,men,MSK,0
1764,82,women,MSK,0
1765,82,women,Cardiovascular,0
1766,82,women,Cardiovascular,0
1767,82,women,Cardiovascular,0
1768,82,women,Neuropsychiatric,0
1769,82,men,Cardiovascular,0
1770,82,women,Eye,0
1771,82,women,MSK,0
1772,82,women,MSK,0
1773,82,women,Eye,0
1774,82,men,Unspecified,0
1775,82,women,Cardiovascular,0
1776,82,men,MSK,0
1777,82,women,Cardiovascular,0
1778,82,women,Neuropsychiatric,0
1779,82,women,Cardiovascular,0
1780,82,women,MSK,0
1781,82,women,Neuropsychiatric,0
1782,82,women,Cardiovascular,0
1783,82,men,Eye,0
1784,82,women,MSK,0
1785,82,men,Complex,0
1786,82,men,Metabolic,0
1787,82,women,MSK,0
1788,82,women,MSK,0
1789,82,women,Cardiovascular,0
1790,82,women,Cardiovascular,0
1791,82,men,Metabolic,0
1792,82,women,Unspecified,0
1793,82,men,Complex,0
1794,82,men,Cardiovascular,0
1795,82,women,Unspecified,0
1796,82,women,Neuropsychiatric,0
1797,82,women,Eye,0
1798,82,women,Cardiovascular,0
1799,82,women,Cardiovascular,0
1800,82,men,Unspecified,0
1801,82,men,Eye,0
1802,82,women,Neuropsychiatric,0
1803,82,women,MSK,0
1804,82,women,Cardiovascular,0
1805,82,men,MSK,0
1806,82,women,MSK,0
1807,82,men,Eye,0
1808,82,women,Cardiovascular,0
1809,82,men,Cardiovascular,0
1810,82,women,Complex,0
1811,82,women,Eye,0
1812,82,women,MSK,0
1813,82,men,Eye,0
1814,82,men,Cardiovascular,0
1815,82,women,Complex,0
1816,82,women,Eye,0
1817,82,women,MSK,0
1818,82,men,Neuropsychiatric,0
1819,82,women,Cardiovascular,0
1820,82,men,Unspecified,0
1821,82,women,Cardiovascular,0
1822,82,women,Cardiovascular,0
1823,82,men,Eye,0
1824,82,men,Cardiovascular,0
1825,82,men,Neuropsychiatric,0
1826,82,women,Neuropsychiatric,0
1827,83,men,Unspecified,0
1828,83,women,Eye,0
1829,83,men,Cardiovascular,0
1830,83,men,Cardiovascular,0
1831,83,women,MSK,0
1832,83,men,Neuropsychiatric,0
1833,83,women,Complex,0
1834,83,women,Neuropsychiatric,0
1835,83,women,Unspecified,0
1836,83,women,Eye,0
1837,83,women,MSK,0
1838,83,women,Cardiovascular,0
1839,83,women,MSK,0
1840,83,women,Cardiovascular,0
1841,83,men,MSK,0
1842,83,women,Cardiovascular,0
1843,83,men,Metabolic,0
1844,83,men,MSK,0
1845,83,women,MSK,0
1846,83,men,Neuropsychiatric,0
1847,83,women,Neuropsychiatric,0
1848,83,women,Unspecified,0
1849,83,women,MSK,0
1850,83,women,Cardiovascular,0
1851,83,women,Neuropsychiatric,0
1852,83,women,Complex,0
1853,83,men,Metabolic,0
1854,83,women,Cardiovascular,0
1855,83,women,Metabolic,0
1856,83,men,Neuropsychiatric,0
1857,83,women,Cardiovascular,0
1858,83,women,Complex,0
1859,83,women,MSK,0
1860,83,women,Complex,0
1861,83,women,Eye,0
1862,83,women,MSK,0
1863,83,men,Neuropsychiatric,0
1864,83,women,Eye,0
1865,83,women,MSK,0
1866,83,men,Unspecified,0
1867,83,women,Neuropsychiatric,0
1868,83,women,Metabolic,0
1869,83,women,Unspecified,0
1870,83,men,Cardiovascular,0
1871,83,women,Cardiovascular,0
1872,83,women,Cardiovascular,0
1873,83,women,MSK,0
1874,83,women,Complex,0
1875,83,women,Neuropsychiatric,0
1876,83,women,Metabolic,0
1877,83,women,Complex,0
1878,83,women,Cardiovascular,0
1879,83,women,Cardiovascular,0
1880,83,men,MSK,0
1881,83,men,Neuropsychiatric,0
1882,83,men,Cardiovascular,0
1883,83,women,MSK,0
1884,83,men,Metabolic,0
1885,83,men,Cardiovascular,0
1886,83,women,MSK,0
1887,83,men,Cardiovascular,0
1888,83,women,Cardiovascular,0
1889,83,women,Unspecified,0
1890,83,men,Neuropsychiatric,0
1891,83,men,Cardiovascular,0
1892,83,women,Cardiovascular,0
1893,83,women,Unspecified,0
1894,83,women,Cardiovascular,0
1895,83,women,Eye,0
1896,83,women,Neuropsychiatric,0
1897,83,women,Neuropsychiatric,0
1898,83,women,Cardiovascular,0
1899,83,men,Neuropsychiatric,0
1900,83,men,Cardiovascular,0
1901,83,women,Cardiovascular,0
1902,83,women,Complex,0
1903,83,women,Cardiovascular,0
1904,83,women,Cardiovascular,0
1905,83,women,MSK,0
1906,83,women,Unspecified,0
1907,83,women,Unspecified,0
1908,83,women,Cardiovascular,0
1909,83,women,Eye,0
1910,83,women,Cardiovascular,0
1911,83,women,MSK,0
1912,83,women,Metabolic,0
1913,83,men,Neuropsychiatric,0
1914,83,women,Cardiovascular,0
1915,83,men,Eye,0
1916,83,women,Cardiovascular,0
1917,83,women,Unspecified,0
1918,83,men,Metabolic,0
1919,83,women,Metabolic,0
1920,83,women,Eye,0
1921,83,men,Cardiovascular,0
1922,83,men,Cardiovascular,0
1923,83,women,Eye,0
1924,83,women,Neuropsychiatric,0
1925,83,men,Unspecified,0
1926,83,women,MSK,0
1927,83,women,Complex,0
1928,83,men,Cardiovascular,0
1929,83,women,Eye,0
1930,83,men,Cardiovascular,0
1931,83,men,Cardiovascular,0
1932,83,women,Eye,0
1933,83,men,Neuropsychiatric,0
1934,83,women,MSK,0
1935,83,women,Neuropsychiatric,0
1936,83,women,Eye,0
1937,83,women,Complex,0
1938,83,men,Cardiovascular,0
1939,83,women,Neuropsychiatric,0
1940,83,women,MSK,0
1941,83,women,Eye,0
1942,83,women,Complex,0
1943,83,women,MSK,0
1944,83,women,MSK,0
1945,83,women,Complex,0
1946,84,women,MSK,0
1947,84,women,Cardiovascular,0
1948,84,men,Cardiovascular,0
1949,84,women,Cardiovascular,0
1950,84,men,Complex,0
1951,84,women,Eye,0
1952,84,men,Neuropsychiatric,0
1953,84,women,Eye,0
1954,84,women,Cardiovascular,0
1955,84,men,Cardiovascular,0
1956,84,women,Cardiovascular,0
1957,84,women,MSK,0
1958,84,men,Cardiovascular,0
1959,84,women,Complex,0
1960,84,men,Eye,0
1961,84,women,Metabolic,0
1962,84,men,MSK,0
1963,84,men,MSK,0
1964,84,women,Eye,0
1965,84,men,Cardiovascular,0
1966,84,women,Cardiovascular,0
1967,84,women,Cardiovascular,0
1968,84,men,Neuropsychiatric,0
1969,84,men,Cardiovascular,0
1970,84,women,Metabolic,0
1971,84,men,MSK,0
1972,84,men,Neuropsychiatric,0
1973,84,men,MSK,0
1974,84,men,Neuropsychiatric,0
1975,84,men,Cardiovascular,0
1976,84,women,Metabolic,0
1977,84,women,Metabolic,0
1978,84,women,Neuropsychiatric,0
1979,84,women,MSK,0
1980,84,men,Complex,0
1981,84,women,Unspecified,0
1982,84,women,Cardiovascular,0
1983,84,women,Eye,0
1984,84,men,MSK,0
1985,84,women,Complex,0
1986,84,women,Metabolic,0
1987,84,women,Metabolic,0
1988,84,men,Cardiovascular,0
1989,84,women,Neuropsychiatric,0
1990,84,men,Neuropsychiatric,0
1991,84,women,Cardiovascular,0
1992,84,women,Cardiovascular,0
1993,84,men,Cardiovascular,0
1994,84,women,Cardiovascular,0
1995,84,men,Cardiovascular,0
1996,84,women,Eye,0
1997,84,women,Metabolic,0
1998,84,women,Unspecified,0
1999,84,men,Neuropsychiatric,0
2000,84,men,Cardiovascular,0
2001,84,men,Cardiovascular,0
2002,84,men,Cardiovascular,0
2003,84,men,Cardiovascular,0
2004,84,women,Cardiovascular,0
2005,84,men,Neuropsychiatric,0
2006,84,women,Unspecified,0
2007,84,men,MSK,0
2008,84,women,MSK,0
2009,84,women,MSK,0
2010,84,women,MSK,0
2011,84,women,MSK,0
2012,84,men,Neuropsychiatric,0
2013,84,women,Complex,0
2014,84,women,Cardiovascular,0
2015,84,women,Cardiovascular,0
2016,84,men,Cardiovascular,0
2017,84,men,Eye,0
2018,84,men,Cardiovascular,0
2019,84,women,MSK,0
2020,84,women,Cardiovascular,0
2021,84,women,Cardiovascular,0
2022,84,women,Eye,0
2023,84,women,Metabolic,0
2024,84,women,Cardiovascular,0
2025,84,women,Cardiovascular,0
2026,84,men,Neuropsychiatric,0
2027,84,men,Eye,0
2028,84,men,Eye,0
2029,84,men,Neuropsychiatric,0
2030,84,men,Complex,0
2031,84,women,Cardiovascular,0
2032,84,women,Cardiovascular,0
2033,84,men,Cardiovascular,0
2034,84,men,Cardiovascular,0
2035,84,women,Unspecified,0
2036,84,men,MSK,0
2037,84,men,Eye,0
2038,85,men,Cardiovascular,0
2039,85,women,Cardiovascular,0
2040,85,men,Metabolic,0
2041,85,women,Cardiovascular,0
2042,85,women,MSK,0
2043,85,men,Neuropsychiatric,0
2044,85,men,Eye,0
2045,85,men,Eye,0
2046,85,men,Neuropsychiatric,0
2047,85,women,Cardiovascular,0
2048,85,women,Cardiovascular,0
2049,85,women,Cardiovascular,0
2050,85,women,Cardiovascular,0
2051,85,women,Cardiovascular,0
2052,85,men,MSK,0
2053,85,men,Neuropsychiatric,0
2054,85,men,MSK,0
2055,85,women,Complex,0
2056,85,women,Cardiovascular,0
2057,85,women,Neuropsychiatric,0
2058,85,women,Eye,0
2059,85,men,Neuropsychiatric,0
2060,85,men,Cardiovascular,0
2061,85,men,Eye,0
2062,85,women,Eye,0
2063,85,men,Cardiovascular,0
2064,85,women,MSK,0
2065,85,men,Cardiovascular,0
2066,85,women,Cardiovascular,0
2067,85,women,MSK,0
2068,85,men,MSK,0
2069,85,men,Neuropsychiatric,0
2070,85,men,Cardiovascular,0
2071,85,women,Cardiovascular,0
2072,85,women,MSK,0
2073,85,women,MSK,0
2074,85,men,Neuropsychiatric,0
2075,85,women,Metabolic,0
2076,85,women,Cardiovascular,0
2077,85,women,Cardiovascular,0
2078,85,men,MSK,0
2079,85,men,Cardiovascular,0
2080,85,women,MSK,0
2081,85,women,Complex,0
2082,85,men,Unspecified,0
2083,85,women,Complex,0
2084,85,men,MSK,0
2085,85,women,Neuropsychiatric,0
2086,85,women,Complex,0
2087,85,women,Neuropsychiatric,0
2088,85,women,Cardiovascular,0
2089,85,men,Neuropsychiatric,0
2090,85,men,Eye,0
2091,85,men,Metabolic,0
2092,85,women,Cardiovascular,0
2093,85,women,MSK,0
2094,85,men,Unspecified,0
2095,85,men,Neuropsychiatric,0
2096,85,women,Cardiovascular,0
2097,85,women,Cardiovascular,0
2098,85,men,Cardiovascular,0
2099,85,women,Unspecified,0
2100,85,women,Complex,0
2101,85,women,MSK,0
2102,85,women,MSK,0
2103,85,women,Complex,0
2104,85,women,Neuropsychiatric,0
2105,85,men,Neuropsychiatric,0
2106,85,men,Complex,0
2107,85,women,MSK,0
2108,85,men,MSK,0
2109,85,men,MSK,0
2110,85,men,Cardiovascular,0
2111,85,women,MSK,0
2112,85,women,Eye,0
2113,85,women,Unspecified,0
2114,85,women,Cardiovascular,0
2115,85,women,Cardiovascular,0
2116,85,women,Cardiovascular,0
2117,85,women,Eye,0
2118,85,men,Unspecified,0
2119,85,women,Cardiovascular,0
2120,85,women,MSK,0
2121,85,men,Neuropsychiatric,0
2122,85,women,Complex,0
2123,85,women,MSK,0
2124,85,women,Eye,0
2125,85,women,Unspecified,0
2126,85,women,Neuropsychiatric,0
2127,85,women,Neuropsychiatric,0
2128,85,men,Neuropsychiatric,0
2129,85,men,Neuropsychiatric,0
2130,85,men,Cardiovascular,0
2131,85,women,MSK,0
2132,85,men,Cardiovascular,0
2133,85,men,Cardiovascular,0
2134,85,women,Eye,0
2135,85,men,Complex,0
2136,85,women,Cardiovascular,0
2137,85,men,Neuropsychiatric,0
2138,85,men,Eye,0
2139,85,men,Cardiovascular,0
2140,85,men,MSK,0
2141,85,women,MSK,0
2142,85,men,Unspecified,0
2143,85,men,Neuropsychiatric,0
2144,85,women,Neuropsychiatric,0
2145,85,women,Cardiovascular,0
2146,85,women,Cardiovascular,0
2147,85,women,MSK,0
2148,86,men,Eye,0
2149,86,women,Cardiovascular,0
2150,86,men,Neuropsychiatric,0
2151,86,men,Cardiovascular,0
2152,86,men,Neuropsychiatric,0
2153,86,women,Neuropsychiatric,0
2154,86,men,Cardiovascular,0
2155,86,women,MSK,0
2156,86,men,Cardiovascular,0
2157,86,women,MSK,0
2158,86,women,Eye,0
2159,86,men,Cardiovascular,0
2160,86,women,Metabolic,0
2161,86,women,Cardiovascular,0
2162,86,men,Cardiovascular,0
2163,86,women,Unspecified,0
2164,86,men,Unspecified,0
2165,86,women,Unspecified,0
2166,86,women,MSK,0
2167,86,women,MSK,0
2168,86,men,MSK,0
2169,86,men,Cardiovascular,0
2170,86,women,Unspecified,0
2171,86,women,Cardiovascular,0
2172,86,women,Eye,0
2173,86,women,Eye,0
2174,86,women,MSK,0
2175,86,women,Complex,0
2176,86,men,Complex,0
2177,86,women,Cardiovascular,0
2178,86,women,Metabolic,0
2179,86,men,Cardiovascular,0
2180,86,women,Complex,0
2181,86,men,Cardiovascular,0
2182,86,women,Neuropsychiatric,0
2183,86,women,Neuropsychiatric,0
2184,86,men,Eye,0
2185,86,women,Unspecified,0
2186,86,men,Neuropsychiatric,0
2187,86,men,Cardiovascular,0
2188,86,women,Eye,0
2189,86,men,Metabolic,0
2190,86,men,Neuropsychiatric,0
2191,86,women,Cardiovascular,0
2192,86,women,Cardiovascular,0
2193,86,women,Eye,0
2194,86,women,Complex,0
2195,86,women,Neuropsychiatric,0
2196,86,women,Complex,0
2197,86,women,Cardiovascular,0
2198,86,women,Cardiovascular,0
2199,86,men,Neuropsychiatric,0
2200,86,men,Cardiovascular,0
2201,86,men,Cardiovascular,0
2202,86,men,MSK,0
2203,86,women,Unspecified,0
2204,86,women,MSK,0
2205,86,women,Cardiovascular,0
2206,86,men,MSK,0
2207,86,women,Cardiovascular,0
2208,86,men,Neuropsychiatric,0
2209,86,women,Cardiovascular,0
2210,86,women,Eye,0
2211,86,women,Metabolic,0
2212,86,women,Cardiovascular,0
2213,86,women,Eye,0
2214,86,women,Unspecified,0
2215,86,women,Eye,0
2216,86,women,Cardiovascular,0
2217,86,men,Cardiovascular,0
2218,86,women,Eye,0
2219,86,women,Cardiovascular,0
2220,86,women,Unspecified,0
2221,86,men,Metabolic,0
2222,86,women,Eye,0
2223,86,women,Eye,0
2224,86,men,Complex,0
2225,86,women,Eye,0
2226,86,men,Eye,0
2227,86,women,Metabolic,0
2228,86,men,Cardiovascular,0
2229,86,men,Cardiovascular,0
2230,86,women,Unspecified,0
2231,86,women,Eye,0
2232,86,men,Complex,0
2233,86,women,Cardiovascular,0
2234,86,men,MSK,0
2235,86,men,Cardiovascular,0
2236,86,men,Cardiovascular,0
2237,86,women,MSK,0
2238,86,women,Metabolic,0
2239,86,women,Metabolic,0
2240,87,men,Cardiovascular,0
2241,87,women,Metabolic,0
2242,87,women,Cardiovascular,0
2243,87,women,Metabolic,0
2244,87,women,Cardiovascular,0
2245,87,men,Neuropsychiatric,0
2246,87,women,Metabolic,0
2247,87,men,Neuropsychiatric,0
2248,87,women,MSK,0
2249,87,women,Cardiovascular,0
2250,87,women,Eye,0
2251,87,women,MSK,0
2252,87,women,Neuropsychiatric,0
2253,87,women,Complex,0
2254,87,women,Metabolic,0
2255,87,women,Complex,0
2256,87,women,Unspecified,0
2257,87,women,Cardiovascular,0
2258,87,women,Cardiovascular,0
2259,87,women,Complex,0
2260,87,women,Cardiovascular,0
2261,87,women,Metabolic,0
2262,87,women,Eye,0
2263,87,men,Cardiovascular,0
2264,87,women,Complex,0
2265,87,women,MSK,0
2266,87,women,Cardiovascular,0
2267,87,women,Neuropsychiatric,0
2268,87,men,Cardiovascular,0
2269,87,women,Cardiovascular,0
2270,87,women,Cardiovascular,0
2271,87,women,Cardiovascular,0
2272,87,women,Eye,0
2273,87,men,Neuropsychiatric,0
2274,87,men,MSK,0
2275,87,men,MSK,0
2276,87,women,Cardiovascular,0
2277,87,women,Neuropsychiatric,0
2278,87,women,Cardiovascular,0
2279,87,women,MSK,0
2280,87,men,Cardiovascular,0
2281,87,men,MSK,0
2282,87,women,Eye,0
2283,87,men,Cardiovascular,0
2284,87,women,Unspecified,0
2285,87,women,Unspecified,0
2286,87,men,Cardiovascular,0
2287,87,women,MSK,0
2288,87,women,Neuropsychiatric,0
2289,87,women,Complex,0
2290,87,women,Complex,0
2291,87,women,Cardiovascular,0
2292,87,men,Neuropsychiatric,0
2293,87,women,MSK,0
2294,87,women,MSK,0
2295,87,women,Eye,0
2296,87,women,Eye,0
2297,87,women,Complex,0
2298,87,women,MSK,0
2299,87,women,Cardiovascular,0
2300,87,women,Cardiovascular,0
2301,87,women,Neuropsychiatric,0
2302,87,women,Cardiovascular,0
2303,87,women,Cardiovascular,0
2304,87,women,Neuropsychiatric,0
2305,87,women,Complex,0
2306,87,men,Eye,0
2307,87,women,Eye,0
2308,87,women,Metabolic,0
2309,87,men,MSK,0
2310,87,women,MSK,0
2311,87,women,Cardiovascular,0
2312,87,women,Eye,0
2313,87,men,Complex,0
2314,87,women,Eye,0
2315,87,women,Cardiovascular,0
2316,87,men,Cardiovascular,0
2317,87,women,MSK,0
2318,87,men,Neuropsychiatric,0
2319,87,women,Unspecified,0
2320,87,women,MSK,0
2321,87,women,Cardiovascular,0
2322,87,men,MSK,0
2323,87,women,Cardiovascular,0
2324,87,men,Eye,0
2325,87,women,Complex,0
2326,87,women,Cardiovascular,0
2327,87,men,Neuropsychiatric,0
2328,87,men,Cardiovascular,0
2329,87,women,Unspecified,0
2330,87,women,MSK,0
2331,88,women,Eye,0
2332,88,women,Metabolic,0
2333,88,women,Metabolic,0
2334,88,women,Complex,0
2335,88,women,Eye,0
2336,88,women,Neuropsychiatric,0
2337,88,men,Complex,0
2338,88,women,Cardiovascular,0
2339,88,men,Eye,0
2340,88,men,Cardiovascular,0
2341,88,women,Unspecified,0
2342,88,women,Cardiovascular,0
2343,88,women,Cardiovascular,0
2344,88,women,Cardiovascular,0
2345,88,women,Cardiovascular,0
2346,88,men,MSK,0
2347,88,women,Cardiovascular,0
2348,88,men,Complex,0
2349,88,women,Cardiovascular,0
2350,88,men,Cardiovascular,0
2351,88,women,Metabolic,0
2352,88,women,Cardiovascular,0
2353,88,women,Complex,0
2354,88,women,Cardiovascular,0
2355,88,women,Cardiovascular,0
2356,88,women,Cardiovascular,0
2357,88,women,Cardiovascular,0
2358,88,women,Eye,0
2359,88,women,Cardiovascular,0
2360,88,men,Cardiovascular,0
2361,88,men,Cardiovascular,0
2362,88,women,MSK,0
2363,88,men,MSK,0
2364,88,women,Neuropsychiatric,0
2365,88,men,MSK,0
2366,88,women,Cardiovascular,0
2367,88,women,Cardiovascular,0
2368,88,men,Neuropsychiatric,0
2369,88,women,Cardiovascular,0
2370,88,men,Cardiovascular,0
2371,88,women,Cardiovascular,0
2372,88,men,Cardiovascular,0
2373,88,women,Cardiovascular,0
2374,88,women,Metabolic,0
2375,88,women,Neuropsychiatric,0
2376,88,women,Cardiovascular,0
2377,88,women,MSK,0
2378,88,women,MSK,0
2379,88,men,Metabolic,0
2380,88,women,Metabolic,0
2381,88,women,Metabolic,0
2382,88,men,Complex,0
2383,88,women,Metabolic,0
2384,88,women,Cardiovascular,0
2385,88,women,Unspecified,0
2386,88,men,MSK,0
2387,89,women,Cardiovascular,0
2388,89,men,MSK,0
2389,89,women,MSK,0
2390,89,women,Cardiovascular,0
2391,89,women,Neuropsychiatric,0
2392,89,women,Unspecified,0
2393,89,women,Complex,0
2394,89,women,Neuropsychiatric,0
2395,89,women,MSK,0
2396,89,men,Complex,0
2397,89,women,Eye,0
2398,89,men,MSK,0
2399,89,women,Cardiovascular,0
2400,89,women,Cardiovascular,0
2401,89,women,Cardiovascular,0
2402,89,women,MSK,0
2403,89,men,Cardiovascular,0
2404,89,men,MSK,0
2405,89,women,Neuropsychiatric,0
2406,89,women,Neuropsychiatric,0
2407,89,men,Cardiovascular,0
2408,89,women,Cardiovascular,0
2409,89,men,Cardiovascular,0
2410,89,men,Cardiovascular,0
2411,89,women,MSK,0
2412,89,women,Unspecified,0
2413,89,women,Unspecified,0
2414,89,men,Cardiovascular,0
2415,89,women,Unspecified,0
2416,89,women,Eye,0
2417,89,women,Neuropsychiatric,0
2418,89,women,Neuropsychiatric,0
2419,89,men,Neuropsychiatric,0
2420,89,women,Neuropsychiatric,0
2421,89,men,Unspecified,0
2422,89,men,Unspecified,0
2423,89,men,Metabolic,0
2424,89,men,Eye,0
2425,89,men,MSK,0
2426,89,women,MSK,0
2427,89,women,MSK,0
2428,89,men,Cardiovascular,0
2429,89,women,Neuropsychiatric,0
2430,89,men,MSK,0
2431,89,men,MSK,0
2432,89,women,Cardiovascular,0
2433,89,men,Cardiovascular,0
2434,89,women,Cardiovascular,0
2435,89,men,Neuropsychiatric,0
2436,89,men,Complex,0
2437,89,men,Eye,0
2438,89,men,Cardiovascular,0
2439,89,women,MSK,0
2440,89,women,Metabolic,0
2441,89,men,Neuropsychiatric,0
2442,89,women,Cardiovascular,0
2443,89,women,Cardiovascular,0
2444,89,women,MSK,0
2445,89,women,MSK,0
2446,89,men,Cardiovascular,0
2447,89,men,MSK,0
2448,89,women,Eye,0
2449,89,women,Cardiovascular,0
2450,89,women,Cardiovascular,0
2451,89,women,Complex,0
2452,89,women,MSK,0
2453,89,women,Cardiovascular,0
2454,89,women,Neuropsychiatric,0
2455,89,women,Cardiovascular,0
2456,89,women,Cardiovascular,0
2457,89,women,Eye,0
2458,89,women,Metabolic,0
2459,89,women,Neuropsychiatric,0
2460,89,men,Cardiovascular,0
2461,90,women,Neuropsychiatric,0
2462,90,women,Eye,0
2463,90,women,MSK,0
2464,90,women,Cardiovascular,0
2465,90,women,Cardiovascular,0
2466,90,women,Complex,0
2467,90,men,Neuropsychiatric,0
2468,90,women,MSK,0
2469,90,women,Eye,0
2470,90,men,MSK,0
2471,90,women,MSK,0
2472,90,women,Cardiovascular,0
2473,90,men,Neuropsychiatric,0
2474,90,men,Cardiovascular,0
2475,90,men,Cardiovascular,0
2476,90,women,MSK,0
2477,90,women,Cardiovascular,0
2478,90,women,Neuropsychiatric,0
2479,90,men,Neuropsychiatric,0
2480,90,women,MSK,0
2481,90,women,MSK,0
2482,90,women,Metabolic,0
2483,90,women,MSK,0
2484,90,women,Metabolic,0
2485,90,women,Cardiovascular,0
2486,90,women,MSK,0
2487,90,men,Eye,0
2488,90,women,Neuropsychiatric,0
2489,90,women,Neuropsychiatric,0
2490,90,women,Cardiovascular,0
2491,90,men,Metabolic,0
2492,90,men,Cardiovascular,0
2493,90,men,Neuropsychiatric,0
2494,90,women,Eye,0
2495,90,women,Complex,0
2496,90,women,Cardiovascular,0
2497,90,women,Complex,0
2498,90,women,Cardiovascular,0
2499,90,women,Eye,0
2500,90,women,MSK,0
2501,90,women,MSK,0
2502,90,women,Cardiovascular,0
2503,90,women,Cardiovascular,0
2504,90,women,Cardiovascular,0
2505,90,women,MSK,0
2506,90,men,Eye,0
2507,90,women,MSK,0
2508,91,women,Metabolic,0
2509,91,men,Neuropsychiatric,0
2510,91,women,Neuropsychiatric,0
2511,91,women,Neuropsychiatric,0
2512,91,men,Cardiovascular,0
2513,91,men,Cardiovascular,0
2514,91,women,Cardiovascular,0
2515,91,women,Cardiovascular,0
2516,91,women,Neuropsychiatric,0
2517,91,men,MSK,0
2518,91,women,Eye,0
2519,91,women,Cardiovascular,0
2520,91,women,Complex,0
2521,91,women,Cardiovascular,0
2522,91,women,Eye,0
2523,91,men,MSK,0
2524,91,women,Eye,0
2525,91,women,Neuropsychiatric,0
2526,91,women,Cardiovascular,0
2527,91,women,MSK,0
2528,91,men,Eye,0
2529,91,women,Unspecified,0
2530,91,women,MSK,0
2531,91,women,Neuropsychiatric,0
2532,91,women,Neuropsychiatric,0
2533,91,women,MSK,0
2534,91,women,Cardiovascular,0
2535,91,women,Cardiovascular,0
2536,91,women,Cardiovascular,0
2537,91,women,Eye,0
2538,91,women,Metabolic,0
2539,91,women,Metabolic,0
2540,91,women,Neuropsychiatric,0
2541,91,women,MSK,0
2542,91,women,Cardiovascular,0
2543,91,men,Unspecified,0
2544,91,women,Metabolic,0
2545,91,men,Eye,0
2546,91,women,Complex,0
2547,91,women,Eye,0
2548,91,men,Neuropsychiatric,0
2549,91,women,Unspecified,0
2550,91,women,Unspecified,0
2551,91,women,MSK,0
2552,91,women,MSK,0
2553,91,women,MSK,0
2554,91,women,MSK,0
2555,91,men,MSK,0
2556,92,women,Metabolic,0
2557,92,men,MSK,0
2558,92,women,MSK,0
2559,92,women,Eye,0
2560,92,men,Cardiovascular,0
2561,92,women,Eye,0
2562,92,men,Cardiovascular,0
2563,92,women,Complex,0
2564,92,men,Unspecified,0
2565,92,women,Eye,0
2566,92,women,MSK,0
2567,92,women,MSK,0
2568,92,women,Complex,0
2569,92,women,Eye,0
2570,92,men,Neuropsychiatric,0
2571,92,men,Cardiovascular,0
2572,92,women,Complex,0
2573,92,women,MSK,0
2574,92,women,Cardiovascular,0
2575,92,women,Neuropsychiatric,0
2576,92,women,Cardiovascular,0
2577,92,women,Cardiovascular,0
2578,92,women,Neuropsychiatric,0
2579,92,women,Neuropsychiatric,0
2580,92,men,Complex,0
2581,92,women,MSK,0
2582,92,women,Complex,0
2583,93,women,Cardiovascular,0
2584,93,women,Eye,0
2585,93,women,Metabolic,0
2586,93,men,Eye,0
2587,93,women,Cardiovascular,0
2588,93,men,Cardiovascular,0
2589,93,men,Eye,0
2590,93,men,MSK,0
2591,93,women,Cardiovascular,0
2592,93,men,Cardiovascular,0
2593,93,women,Complex,0
2594,93,women,MSK,0
2595,93,men,Neuropsychiatric,0
2596,93,women,MSK,0
2597,93,women,Cardiovascular,0
2598,93,men,Cardiovascular,0
2599,93,women,MSK,0
2600,93,women,Cardiovascular,0
2601,93,men,Unspecified,0
2602,93,women,Complex,0
2603,93,women,Eye,0
2604,93,women,MSK,0
2605,93,men,Cardiovascular,0
2606,93,women,Unspecified,0
2607,93,men,Cardiovascular,0
2608,93,women,Eye,0
2609,93,women,Cardiovascular,0
2610,94,men,Cardiovascular,0
2611,94,men,Eye,0
2612,94,women,MSK,0
2613,94,women,Unspecified,0
2614,94,men,MSK,0
2615,94,women,MSK,0
2616,94,women,Cardiovascular,0
2617,94,women,Metabolic,0
2618,94,women,Eye,0
2619,94,women,Eye,0
2620,94,women,MSK,0
2621,94,women,Cardiovascular,0
2622,94,men,Neuropsychiatric,0
2623,94,women,Cardiovascular,0
2624,94,men,Neuropsychiatric,0
2625,94,women,Neuropsychiatric,0
2626,95,men,MSK,0
2627,95,men,Eye,0
2628,95,men,Eye,0
2629,95,women,Eye,0
2630,95,women,Cardiovascular,0
2631,95,women,Cardiovascular,0
2632,95,women,MSK,0
2633,95,men,Cardiovascular,0
2634,95,women,Unspecified,0
2635,95,women,Cardiovascular,0
2636,96,women,Metabolic,0
2637,96,women,Complex,0
2638,96,women,Eye,0
2639,96,men,Cardiovascular,0
2640,97,men,Cardiovascular,0
2641,97,women,MSK,0
2642,97,men,Complex,0
2643,97,women,Cardiovascular,0
2644,97,women,Cardiovascular,0
2645,97,women,Cardiovascular,0
2646,97,men,Cardiovascular,0
2647,98,women,Eye,0
2648,98,women,Complex,0
2649,98,women,Neuropsychiatric,0
2650,98,women,MSK,0
2651,98,women,Cardiovascular,0
2652,98,women,Cardiovascular,0
2653,98,men,Cardiovascular,0
2654,98,women,MSK,0
2655,98,women,Cardiovascular,0
2656,98,women,Neuropsychiatric,0
2657,98,women,Unspecified,0
2658,98,women,Metabolic,0
2659,99,men,Cardiovascular,0
2660,99,women,Complex,0
2661,99,women,Metabolic,0
2662,99,women,MSK,0
2663,99,women,MSK,0
2664,99,men,Eye,0
2665,65,women,MSK,1
2666,65,men,Cardiovascular,1
2667,65,women,MSK,1
2668,65,men,MSK,1
2669,65,men,Cardiovascular,1
2670,65,women,MSK,1
2671,65,women,MSK,1
2672,65,women,Cardiovascular,1
2673,65,women,Cardiovascular,1
2674,65,men,MSK,1
2675,65,men,Unspecified,1
2676,65,men,Neuropsychiatric,1
2677,65,men,Cardiovascular,1
2678,65,men,Cardiovascular,1
2679,65,women,Neuropsychiatric,1
2680,65,women,Cardiovascular,1
2681,65,men,Cardiovascular,1
2682,65,men,Eye,1
2683,65,women,MSK,1
2684,65,women,Eye,1
2685,65,women,Metabolic,1
2686,65,women,Unspecified,1
2687,65,men,MSK,1
2688,65,women,Cardiovascular,1
2689,65,men,Complex,1
2690,65,women,Complex,1
2691,65,women,MSK,1
2692,65,men,Neuropsychiatric,1
2693,65,men,Cardiovascular,1
2694,65,women,Cardiovascular,1
2695,65,women,Unspecified,1
2696,65,women,Cardiovascular,1
2697,65,women,Unspecified,1
2698,65,women,Neuropsychiatric,1
2699,65,women,MSK,1
2700,65,women,MSK,1
2701,65,women,MSK,1
2702,65,men,Cardiovascular,1
2703,65,men,Cardiovascular,1
2704,65,women,MSK,1
2705,65,women,MSK,1
2706,65,men,Cardiovascular,1
2707,65,men,Cardiovascular,1
2708,65,men,Cardiovascular,1
2709,65,women,MSK,1
2710,65,men,Eye,1
2711,65,women,MSK,1
2712,65,women,MSK,1
2713,65,men,Cardiovascular,1
2714,65,women,Metabolic,1
2715,65,women,Neuropsychiatric,1
2716,65,men,Cardiovascular,1
2717,65,women,MSK,1
2718,65,women,MSK,1
2719,65,women,Cardiovascular,1
2720,65,women,Neuropsychiatric,1
2721,65,women,Unspecified,1
2722,65,women,Neuropsychiatric,1
2723,65,women,Cardiovascular,1
2724,65,women,MSK,1
2725,65,women,MSK,1
2726,65,women,Cardiovascular,1
2727,65,women,Cardiovascular,1
2728,65,men,Metabolic,1
2729,65,men,Unspecified,1
2730,65,women,Cardiovascular,1
2731,65,women,Neuropsychiatric,1
2732,66,women,Cardiovascular,1
2733,66,women,Cardiovascular,1
2734,66,men,Cardiovascular,1
2735,66,women,Cardiovascular,1
2736,66,men,Cardiovascular,1
2737,67,women,Metabolic,1
2738,67,men,Complex,1
2739,67,women,Cardiovascular,1
2740,67,men,Complex,1
2741,67,women,Eye,1
2742,68,women,Cardiovascular,1
2743,68,men,Neuropsychiatric,1
2744,68,men,Cardiovascular,1
2745,68,women,Cardiovascular,1
2746,68,men,Neuropsychiatric,1
2747,68,women,Unspecified,1
2748,68,men,Cardiovascular,1
2749,68,men,Neuropsychiatric,1
2750,69,men,Neuropsychiatric,1
2751,69,men,Neuropsychiatric,1
2752,69,women,Neuropsychiatric,1
2753,69,women,MSK,1
2754,69,men,Neuropsychiatric,1
2755,69,women,Cardiovascular,1
2756,69,men,Cardiovascular,1
2757,70,women,Cardiovascular,1
2758,70,men,Complex,1
2759,70,women,Metabolic,1
2760,70,men,Cardiovascular,1
2761,70,women,MSK,1
2762,70,women,MSK,1
2763,70,women,Metabolic,1
2764,70,women,Metabolic,1
2765,70,women,MSK,1
2766,70,women,Complex,1
2767,70,women,MSK,1
2768,70,women,MSK,1
2769,71,women,Eye,1
2770,71,men,Cardiovascular,1
2771,71,women,MSK,1
2772,71,men,Unspecified,1
2773,71,women,Neuropsychiatric,1
2774,71,men,Cardiovascular,1
2775,71,women,Complex,1
2776,71,women,Cardiovascular,1
2777,71,women,Cardiovascular,1
2778,71,men,Cardiovascular,1
2779,71,women,Complex,1
2780,71,women,Cardiovascular,1
2781,71,men,Cardiovascular,1
2782,72,women,Cardiovascular,1
2783,72,women,Cardiovascular,1
2784,72,men,Eye,1
2785,72,women,Cardiovascular,1
2786,73,men,Cardiovascular,1
2787,73,men,Metabolic,1
2788,73,men,Neuropsychiatric,1
2789,73,women,Cardiovascular,1
2790,74,women,Cardiovascular,1
2791,74,women,Cardiovascular,1
2792,74,women,Cardiovascular,1
2793,74,women,MSK,1
2794,74,men,MSK,1
2795,74,men,Neuropsychiatric,1
2796,74,men,Cardiovascular,1
2797,74,men,Eye,1
2798,75,women,Cardiovascular,1
2799,75,men,Cardiovascular,1
2800,75,women,Eye,1
2801,75,men,Cardiovascular,1
2802,75,women,Cardiovascular,1
2803,75,women,Cardiovascular,1
2804,75,women,MSK,1
2805,75,women,Cardiovascular,1
2806,75,women,Eye,1
2807,76,women,Metabolic,1
2808,76,men,MSK,1
2809,76,men,Neuropsychiatric,1
2810,76,women,Cardiovascular,1
2811,76,women,Eye,1
2812,76,women,Unspecified,1
2813,76,women,Unspecified,1
2814,76,men,Metabolic,1
2815,76,men,Neuropsychiatric,1
2816,76,men,Cardiovascular,1
2817,76,men,Neuropsychiatric,1
2818,76,women,Neuropsychiatric,1
2819,76,women,Complex,1
2820,77,men,Neuropsychiatric,1
2821,77,women,Cardiovascular,1
2822,77,women,Unspecified,1
2823,77,women,Cardiovascular,1
2824,77,women,MSK,1
2825,77,men,MSK,1
2826,77,men,MSK,1
2827,77,women,Cardiovascular,1
2828,77,men,Complex,1
2829,77,men,MSK,1
2830,77,women,MSK,1
2831,77,women,Complex,1
2832,77,men,Cardiovascular,1
2833,78,women,MSK,1
2834,78,men,Cardiovascular,1
2835,78,women,MSK,1
2836,78,women,MSK,1
2837,78,men,Complex,1
2838,78,women,Unspecified,1
2839,78,women,Metabolic,1
2840,78,women,Eye,1
2841,79,men,Cardiovascular,1
2842,79,women,Unspecified,1
2843,79,women,Neuropsychiatric,1
2844,79,men,Neuropsychiatric,1
2845,79,women,MSK,1
2846,80,women,Cardiovascular,1
2847,80,men,Eye,1
2848,80,men,Cardiovascular,1
2849,80,men,Unspecified,1
2850,80,men,Cardiovascular,1
2851,81,women,Cardiovascular,1
2852,81,women,Eye,1
2853,81,women,Metabolic,1
2854,81,women,Metabolic,1
2855,81,women,Cardiovascular,1
2856,81,women,Metabolic,1
2857,81,women,Unspecified,1
2858,82,women,MSK,1
2859,82,women,Cardiovascular,1
2860,82,women,Cardiovascular,1
2861,82,women,Unspecified,1
2862,82,women,MSK,1
2863,83,women,Unspecified,1
2864,83,men,Complex,1
2865,83,women,MSK,1
2866,83,men,Cardiovascular,1
2867,83,men,MSK,1
2868,84,women,Cardiovascular,1
2869,84,women,Neuropsychiatric,1
2870,84,men,Metabolic,1
2871,84,women,Eye,1
2872,84,men,Unspecified,1
2873,85,women,Cardiovascular,1
2874,85,women,Neuropsychiatric,1
2875,85,men,Cardiovascular,1
2876,85,men,Cardiovascular,1
2877,85,women,Cardiovascular,1
2878,85,men,Eye,1
2879,85,women,Metabolic,1
2880,85,women,Eye,1
2881,85,women,Eye,1
2882,85,men,Cardiovascular,1
2883,85,women,MSK,1
2884,85,women,MSK,1
2885,86,women,Cardiovascular,1
2886,86,women,MSK,1
2887,86,women,Eye,1
2888,86,women,Cardiovascular,1
2889,87,women,Unspecified,1
2890,87,men,Cardiovascular,1
2891,87,women,MSK,1
2892,87,men,Unspecified,1
2893,88,women,MSK,1
2894,89,women,Cardiovascular,1
2895,89,women,Eye,1
2896,89,women,Eye,1
2897,90,women,Unspecified,1
2898,91,women,Neuropsychiatric,1
2899,91,women,Neuropsychiatric,1
2900,91,women,MSK,1
2901,92,women,Complex,1
2902,92,women,Cardiovascular,1
2903,92,women,Unspecified,1
2904,92,men,Complex,1
2905,92,women,MSK,1
2906,92,women,Cardiovascular,1
2907,92,women,Neuropsychiatric,1
2908,93,women,Unspecified,1
2909,95,women,Eye,1
2910,65,men,Cardiovascular,2
2911,65,women,Complex,2
2912,65,men,Complex,2
2913,65,women,MSK,2
2914,65,men,Cardiovascular,2
2915,65,women,Complex,2
2916,65,men,Cardiovascular,2
2917,65,men,Cardiovascular,2
2918,65,men,Complex,2
2919,65,women,Cardiovascular,2
2920,65,men,MSK,2
2921,65,men,MSK,2
2922,65,men,Cardiovascular,2
2923,65,men,Cardiovascular,2
2924,65,men,MSK,2
2925,65,men,Neuropsychiatric,2
2926,65,women,MSK,2
2927,65,men,Cardiovascular,2
2928,65,women,Cardiovascular,2
2929,65,men,Neuropsychiatric,2
2930,65,men,Cardiovascular,2
2931,65,women,Cardiovascular,2
2932,65,men,Eye,2
2933,65,men,Neuropsychiatric,2
2934,65,men,MSK,2
2935,65,men,Cardiovascular,2
2936,65,men,Metabolic,2
2937,65,women,Cardiovascular,2
2938,65,men,Neuropsychiatric,2
2939,65,men,Unspecified,2
2940,65,women,Unspecified,2
2941,65,men,Cardiovascular,2
2942,65,women,Cardiovascular,2
2943,65,women,MSK,2
2944,65,women,MSK,2
2945,65,women,Cardiovascular,2
2946,65,men,Neuropsychiatric,2
2947,65,men,Cardiovascular,2
2948,65,women,Neuropsychiatric,2
2949,65,women,Cardiovascular,2
2950,65,women,Eye,2
2951,65,women,Cardiovascular,2
2952,65,women,Cardiovascular,2
2953,65,men,Metabolic,2
2954,65,men,Neuropsychiatric,2
2955,65,women,Eye,2
2956,65,women,Eye,2
2957,65,women,Neuropsychiatric,2
2958,65,men,Neuropsychiatric,2
2959,65,women,MSK,2
2960,65,women,Cardiovascular,2
2961,65,men,Neuropsychiatric,2
2962,65,men,Unspecified,2
2963,65,men,MSK,2
2964,65,women,Cardiovascular,2
2965,65,women,MSK,2
2966,65,men,Eye,2
2967,66,women,MSK,2
2968,66,women,Complex,2
2969,66,men,Cardiovascular,2
2970,66,women,Metabolic,2
2971,66,women,Cardiovascular,2
2972,66,women,Complex,2
2973,66,women,Eye,2
2974,66,women,MSK,2
2975,67,women,Cardiovascular,2
2976,67,women,Cardiovascular,2
2977,67,men,Eye,2
2978,67,women,Unspecified,2
2979,68,men,Neuropsychiatric,2
2980,68,men,Eye,2
2981,68,men,Cardiovascular,2
2982,68,men,Cardiovascular,2
2983,68,women,Complex,2
2984,68,men,Neuropsychiatric,2
2985,68,men,Neuropsychiatric,2
2986,68,women,MSK,2
2987,68,men,Cardiovascular,2
2988,68,men,Cardiovascular,2
2989,68,women,Eye,2
2990,69,women,Complex,2
2991,69,women,Eye,2
2992,69,men,Unspecified,2
2993,69,women,Metabolic,2
2994,69,women,Cardiovascular,2
2995,69,women,Cardiovascular,2
2996,70,women,Cardiovascular,2
2997,70,women,Eye,2
2998,70,women,Metabolic,2
2999,70,women,Metabolic,2
3000,70,men,Cardiovascular,2
3001,70,women,Metabolic,2
3002,70,men,Complex,2
3003,71,women,Neuropsychiatric,2
3004,71,men,Eye,2
3005,71,men,Neuropsychiatric,2
3006,71,men,Cardiovascular,2
3007,71,women,Complex,2
3008,71,women,Cardiovascular,2
3009,71,men,Cardiovascular,2
3010,71,men,Cardiovascular,2
3011,71,women,Cardiovascular,2
3012,71,women,Cardiovascular,2
3013,72,women,Unspecified,2
3014,72,women,MSK,2
3015,72,women,MSK,2
3016,72,men,Cardiovascular,2
3017,72,women,Cardiovascular,2
3018,72,men,MSK,2
3019,72,women,Eye,2
3020,72,men,Unspecified,2
3021,72,women,Cardiovascular,2
3022,72,men,Neuropsychiatric,2
3023,72,women,Cardiovascular,2
3024,72,women,Cardiovascular,2
3025,73,men,Metabolic,2
3026,73,women,Metabolic,2
3027,73,women,Metabolic,2
3028,73,men,Eye,2
3029,73,women,Cardiovascular,2
3030,73,men,Neuropsychiatric,2
3031,74,men,MSK,2
3032,74,men,Cardiovascular,2
3033,74,women,Cardiovascular,2
3034,74,women,Cardiovascular,2
3035,74,men,MSK,2
3036,74,women,MSK,2
3037,74,men,Cardiovascular,2
3038,74,women,Complex,2
3039,74,men,Cardiovascular,2
3040,74,women,Eye,2
3041,74,men,Cardiovascular,2
3042,75,men,Complex,2
3043,75,women,Eye,2
3044,75,women,MSK,2
3045,75,women,Complex,2
3046,75,men,Cardiovascular,2
3047,75,women,Cardiovascular,2
3048,75,women,Metabolic,2
3049,75,women,Metabolic,2
3050,75,women,Metabolic,2
3051,75,women,Eye,2
3052,75,women,Cardiovascular,2
3053,75,women,Eye,2
3054,75,women,Eye,2
3055,76,men,MSK,2
3056,76,women,Complex,2
3057,76,women,Metabolic,2
3058,76,women,Metabolic,2
3059,76,women,Complex,2
3060,76,men,MSK,2
3061,76,women,Cardiovascular,2
3062,76,men,MSK,2
3063,76,women,Metabolic,2
3064,76,women,Cardiovascular,2
3065,77,women,Cardiovascular,2
3066,77,women,Metabolic,2
3067,77,men,Unspecified,2
3068,77,women,MSK,2
3069,77,women,Cardiovascular,2
3070,77,women,MSK,2
3071,77,women,Cardiovascular,2
3072,77,women,MSK,2
3073,77,women,Metabolic,2
3074,78,women,Unspecified,2
3075,78,men,Unspecified,2
3076,78,women,Eye,2
3077,78,women,Cardiovascular,2
3078,78,women,Cardiovascular,2
3079,78,women,Cardiovascular,2
3080,78,men,Neuropsychiatric,2
3081,78,men,Unspecified,2
3082,78,women,Cardiovascular,2
3083,78,men,MSK,2
3084,78,men,MSK,2
3085,78,men,Cardiovascular,2
3086,78,women,Complex,2
3087,78,men,Cardiovascular,2
3088,78,women,Cardiovascular,2
3089,79,women,Cardiovascular,2
3090,79,women,MSK,2
3091,79,women,Eye,2
3092,79,men,Neuropsychiatric,2
3093,79,women,MSK,2
3094,79,men,Cardiovascular,2
3095,79,women,Neuropsychiatric,2
3096,79,women,MSK,2
3097,80,women,Eye,2
3098,80,men,Neuropsychiatric,2
3099,80,women,Cardiovascular,2
3100,80,women,MSK,2
3101,80,women,Cardiovascular,2
3102,80,women,Cardiovascular,2
3103,81,women,Cardiovascular,2
3104,81,men,Neuropsychiatric,2
3105,81,men,Unspecified,2
3106,81,women,Cardiovascular,2
3107,81,women,Complex,2
3108,81,women,Cardiovascular,2
3109,81,women,Neuropsychiatric,2
3110,81,women,Cardiovascular,2
3111,81,women,Neuropsychiatric,2
3112,81,women,Cardiovascular,2
3113,81,women,Neuropsychiatric,2
3114,82,women,Cardiovascular,2
3115,82,men,Neuropsychiatric,2
3116,82,women,Cardiovascular,2
3117,82,women,Unspecified,2
3118,82,women,Cardiovascular,2
3119,82,women,Cardiovascular,2
3120,82,women,Metabolic,2
3121,82,women,Unspecified,2
3122,82,women,Eye,2
3123,82,women,Complex,2
3124,83,women,Cardiovascular,2
3125,83,women,Unspecified,2
3126,83,women,Eye,2
3127,83,women,Complex,2
3128,83,women,Neuropsychiatric,2
3129,83,men,Cardiovascular,2
3130,83,men,Metabolic,2
3131,84,women,Cardiovascular,2
3132,84,men,Eye,2
3133,84,women,Metabolic,2
3134,84,men,Metabolic,2
3135,84,women,Complex,2
3136,84,women,MSK,2
3137,84,women,Complex,2
3138,84,women,Cardiovascular,2
3139,84,women,MSK,2
3140,84,men,Neuropsychiatric,2
3141,84,men,Complex,2
3142,85,women,Complex,2
3143,85,women,MSK,2
3144,85,women,Metabolic,2
3145,85,women,Eye,2
3146,85,men,Neuropsychiatric,2
3147,85,women,MSK,2
3148,85,men,Cardiovascular,2
3149,85,men,MSK,2
3150,85,women,Neuropsychiatric,2
3151,86,men,Cardiovascular,2
3152,86,women,Eye,2
3153,86,women,Cardiovascular,2
3154,86,women,MSK,2
3155,86,women,MSK,2
3156,86,women,Neuropsychiatric,2
3157,86,women,Neuropsychiatric,2
3158,87,women,Metabolic,2
3159,87,women,Cardiovascular,2
3160,87,men,Cardiovascular,2
3161,87,women,Neuropsychiatric,2
3162,88,women,Eye,2
3163,88,women,Cardiovascular,2
3164,88,women,Eye,2
3165,89,women,Cardiovascular,2
3166,89,men,Neuropsychiatric,2
3167,89,women,MSK,2
3168,90,women,Unspecified,2
3169,90,women,Eye,2
3170,90,women,Cardiovascular,2
3171,90,women,Cardiovascular,2
3172,90,men,MSK,2
3173,90,women,MSK,2
3174,90,women,Eye,2
3175,91,women,Eye,2
3176,91,women,MSK,2
3177,92,women,Complex,2
3178,92,women,Cardiovascular,2
3179,92,women,Unspecified,2
3180,94,women,Cardiovascular,2
3181,96,women,Neuropsychiatric,2
3182,65,men,Cardiovascular,3
3183,65,women,Eye,3
3184,65,women,Cardiovascular,3
3185,65,men,MSK,3
3186,65,men,Cardiovascular,3
3187,65,men,Unspecified,3
3188,65,men,MSK,3
3189,65,women,Eye,3
3190,65,men,Cardiovascular,3
3191,65,women,Cardiovascular,3
3192,65,women,Cardiovascular,3
3193,65,women,Complex,3
3194,65,men,Eye,3
3195,65,men,Complex,3
3196,65,women,Neuropsychiatric,3
3197,65,men,MSK,3
3198,65,men,Unspecified,3
3199,65,men,Cardiovascular,3
3200,65,women,MSK,3
3201,65,women,MSK,3
3202,65,women,Neuropsychiatric,3
3203,65,women,Cardiovascular,3
3204,65,women,MSK,3
3205,65,women,Neuropsychiatric,3
3206,65,men,Metabolic,3
3207,65,men,Cardiovascular,3
3208,65,women,Unspecified,3
3209,65,women,Cardiovascular,3
3210,65,women,Eye,3
3211,65,women,Cardiovascular,3
3212,65,women,Eye,3
3213,65,men,MSK,3
3214,65,men,Cardiovascular,3
3215,65,women,Cardiovascular,3
3216,65,women,Metabolic,3
3217,65,men,Cardiovascular,3
3218,65,women,Cardiovascular,3
3219,65,men,Neuropsychiatric,3
3220,65,men,Cardiovascular,3
3221,65,men,Cardiovascular,3
3222,65,men,MSK,3
3223,65,women,Complex,3
3224,65,women,Neuropsychiatric,3
3225,65,men,Cardiovascular,3
3226,65,women,Neuropsychiatric,3
3227,65,men,Cardiovascular,3
3228,65,men,Eye,3
3229,65,women,Cardiovascular,3
3230,65,men,Cardiovascular,3
3231,65,men,Cardiovascular,3
3232,65,women,MSK,3
3233,65,men,MSK,3
3234,65,men,Cardiovascular,3
3235,66,women,MSK,3
3236,66,women,Cardiovascular,3
3237,66,women,Metabolic,3
3238,66,women,Unspecified,3
3239,66,men,Cardiovascular,3
3240,66,men,Cardiovascular,3
3241,66,men,Metabolic,3
3242,66,women,Unspecified,3
3243,67,women,Cardiovascular,3
3244,67,men,Cardiovascular,3
3245,67,women,Neuropsychiatric,3
3246,67,women,Cardiovascular,3
3247,67,men,Eye,3
3248,67,men,Neuropsychiatric,3
3249,68,women,Eye,3
3250,68,men,Neuropsychiatric,3
3251,68,women,Cardiovascular,3
3252,68,men,Cardiovascular,3
3253,68,women,Eye,3
3254,68,women,Cardiovascular,3
3255,68,women,Cardiovascular,3
3256,68,women,Cardiovascular,3
3257,68,women,Cardiovascular,3
3258,68,women,Neuropsychiatric,3
3259,68,men,Cardiovascular,3
3260,69,women,MSK,3
3261,69,men,Cardiovascular,3
3262,69,women,Cardiovascular,3
3263,69,women,Complex,3
3264,69,women,MSK,3
3265,69,men,Neuropsychiatric,3
3266,69,women,Metabolic,3
3267,69,women,MSK,3
3268,69,men,Unspecified,3
3269,69,women,Neuropsychiatric,3
3270,70,men,Unspecified,3
3271,70,women,Eye,3
3272,70,women,Eye,3
3273,70,men,Eye,3
3274,70,women,Eye,3
3275,71,women,Cardiovascular,3
3276,71,women,MSK,3
3277,71,women,Eye,3
3278,71,men,Cardiovascular,3
3279,71,women,Cardiovascular,3
3280,71,men,MSK,3
3281,71,women,MSK,3
3282,72,women,Neuropsychiatric,3
3283,72,women,Metabolic,3
3284,72,men,Neuropsychiatric,3
3285,72,men,MSK,3
3286,72,men,Cardiovascular,3
3287,72,women,Neuropsychiatric,3
3288,72,men,Cardiovascular,3
3289,72,women,Unspecified,3
3290,72,men,Eye,3
3291,72,women,Eye,3
3292,73,women,Neuropsychiatric,3
3293,73,women,Eye,3
3294,74,men,Complex,3
3295,74,women,MSK,3
3296,74,women,Metabolic,3
3297,74,men,Complex,3
3298,74,women,Metabolic,3
3299,74,men,Cardiovascular,3
3300,74,women,Unspecified,3
3301,74,women,Cardiovascular,3
3302,74,women,Cardiovascular,3
3303,74,men,Complex,3
3304,74,women,Cardiovascular,3
3305,74,women,MSK,3
3306,75,women,Eye,3
3307,75,women,Cardiovascular,3
3308,75,women,Unspecified,3
3309,75,men,Neuropsychiatric,3
3310,75,women,Cardiovascular,3
3311,75,women,Eye,3
3312,75,women,Metabolic,3
3313,75,men,MSK,3
3314,75,women,Neuropsychiatric,3
3315,75,men,Eye,3
3316,75,women,Unspecified,3
3317,75,men,MSK,3
3318,76,women,MSK,3
3319,76,women,Cardiovascular,3
3320,76,women,MSK,3
3321,76,men,Complex,3
3322,76,women,Neuropsychiatric,3
3323,76,women,Unspecified,3
3324,76,women,MSK,3
3325,76,men,Eye,3
3326,76,men,Cardiovascular,3
3327,76,women,Cardiovascular,3
3328,76,men,Eye,3
3329,76,men,Cardiovascular,3
3330,76,women,Neuropsychiatric,3
3331,76,women,Cardiovascular,3
3332,76,women,Eye,3
3333,77,women,Metabolic,3
3334,77,men,Metabolic,3
3335,77,women,Cardiovascular,3
3336,77,men,Neuropsychiatric,3
3337,77,men,Cardiovascular,3
3338,77,men,Metabolic,3
3339,77,women,MSK,3
3340,77,women,Eye,3
3341,77,women,Neuropsychiatric,3
3342,77,women,Cardiovascular,3
3343,78,men,Neuropsychiatric,3
3344,78,men,Cardiovascular,3
3345,78,men,Unspecified,3
3346,78,men,MSK,3
3347,78,men,Unspecified,3
3348,78,men,MSK,3
3349,78,women,MSK,3
3350,78,men,Neuropsychiatric,3
3351,78,women,Cardiovascular,3
3352,78,women,MSK,3
3353,78,men,Cardiovascular,3
3354,79,women,Cardiovascular,3
3355,79,men,Cardiovascular,3
3356,79,women,Unspecified,3
3357,79,men,Complex,3
3358,79,men,Cardiovascular,3
3359,79,men,Cardiovascular,3
3360,79,men,Unspecified,3
3361,79,women,Eye,3
3362,80,women,Cardiovascular,3
3363,80,men,Cardiovascular,3
3364,80,women,Eye,3
3365,80,women,MSK,3
3366,81,women,Cardiovascular,3
3367,81,men,MSK,3
3368,81,women,Unspecified,3
3369,81,women,Neuropsychiatric,3
3370,81,women,Metabolic,3
3371,81,men,Neuropsychiatric,3
3372,81,women,Cardiovascular,3
3373,81,women,MSK,3
3374,82,women,Eye,3
3375,82,men,Neuropsychiatric,3
3376,82,women,Unspecified,3
3377,82,women,Cardiovascular,3
3378,82,men,MSK,3
3379,82,men,Eye,3
3380,82,men,Cardiovascular,3
3381,83,men,Unspecified,3
3382,83,women,Neuropsychiatric,3
3383,83,women,Metabolic,3
3384,83,men,Neuropsychiatric,3
3385,83,women,Cardiovascular,3
3386,83,men,Eye,3
3387,83,men,Metabolic,3
3388,83,men,Neuropsychiatric,3
3389,83,men,Complex,3
3390,84,women,Eye,3
3391,84,men,Eye,3
3392,85,men,MSK,3
3393,85,women,Cardiovascular,3
3394,85,women,Complex,3
3395,86,men,Eye,3
3396,86,women,Cardiovascular,3
3397,86,men,Cardiovascular,3
3398,86,women,MSK,3
3399,87,men,Neuropsychiatric,3
3400,88,women,MSK,3
3401,88,women,Complex,3
3402,89,women,Cardiovascular,3
3403,89,men,Cardiovascular,3
3404,89,women,Eye,3
3405,89,women,Unspecified,3
3406,89,women,Eye,3
3407,89,women,Complex,3
3408,89,women,Metabolic,3
3409,90,women,MSK,3
3410,91,women,Eye,3
3411,91,women,Metabolic,3
3412,92,women,Cardiovascular,3
3413,92,women,MSK,3
3414,93,women,Cardiovascular,3
3415,93,women,Cardiovascular,3
3416,96,women,Cardiovascular,3
3417,96,women,Neuropsychiatric,3
3418,65,women,MSK,4
3419,65,men,Unspecified,4
3420,65,men,Cardiovascular,4
3421,65,men,Neuropsychiatric,4
3422,65,women,Cardiovascular,4
3423,65,men,Metabolic,4
3424,65,women,Eye,4
3425,65,women,Unspecified,4
3426,65,women,MSK,4
3427,65,women,Cardiovascular,4
3428,65,women,Cardiovascular,4
3429,65,women,Cardiovascular,4
3430,65,women,Eye,4
3431,65,men,Neuropsychiatric,4
3432,65,men,Cardiovascular,4
3433,65,men,Cardiovascular,4
3434,65,men,MSK,4
3435,65,men,Unspecified,4
3436,65,men,Unspecified,4
3437,65,women,Eye,4
3438,65,men,MSK,4
3439,65,women,Eye,4
3440,65,men,Cardiovascular,4
3441,65,men,Eye,4
3442,65,men,Metabolic,4
3443,65,men,Eye,4
3444,65,women,Cardiovascular,4
3445,65,men,Neuropsychiatric,4
3446,65,men,Neuropsychiatric,4
3447,65,men,Eye,4
3448,65,men,Cardiovascular,4
3449,65,men,Eye,4
3450,65,men,Cardiovascular,4
3451,65,women,Cardiovascular,4
3452,65,men,Cardiovascular,4
3453,65,men,Cardiovascular,4
3454,65,men,Unspecified,4
3455,65,women,Cardiovascular,4
3456,65,women,Cardiovascular,4
3457,65,men,Eye,4
3458,65,women,Eye,4
3459,65,women,Metabolic,4
3460,65,men,Metabolic,4
3461,65,women,Neuropsychiatric,4
3462,65,women,Neuropsychiatric,4
3463,65,men,Neuropsychiatric,4
3464,65,men,Cardiovascular,4
3465,65,men,Eye,4
3466,65,men,Cardiovascular,4
3467,65,women,MSK,4
3468,65,men,Eye,4
3469,65,women,Cardiovascular,4
3470,65,men,Cardiovascular,4
3471,65,men,Cardiovascular,4
3472,65,women,MSK,4
3473,65,women,Cardiovascular,4
3474,65,men,Cardiovascular,4
3475,65,men,Cardiovascular,4
3476,65,men,Neuropsychiatric,4
3477,65,women,Cardiovascular,4
3478,66,men,Cardiovascular,4
3479,66,women,MSK,4
3480,66,women,Eye,4
3481,66,women,Eye,4
3482,66,women,MSK,4
3483,66,men,Cardiovascular,4
3484,66,women,Eye,4
3485,66,men,Cardiovascular,4
3486,66,women,Complex,4
3487,67,men,MSK,4
3488,67,men,Cardiovascular,4
3489,67,women,MSK,4
3490,67,men,Cardiovascular,4
3491,67,men,Neuropsychiatric,4
3492,67,women,MSK,4
3493,67,men,Metabolic,4
3494,67,men,Metabolic,4
3495,67,women,Unspecified,4
3496,67,women,Cardiovascular,4
3497,67,women,MSK,4
3498,67,women,Cardiovascular,4
3499,67,women,Cardiovascular,4
3500,68,women,Eye,4
3501,68,women,Metabolic,4
3502,68,women,Unspecified,4
3503,68,women,Cardiovascular,4
3504,68,men,Eye,4
3505,68,men,MSK,4
3506,68,men,Unspecified,4
3507,68,women,Metabolic,4
3508,69,women,Cardiovascular,4
3509,69,women,Cardiovascular,4
3510,70,women,Neuropsychiatric,4
3511,70,women,Metabolic,4
3512,70,men,Cardiovascular,4
3513,70,men,Neuropsychiatric,4
3514,70,women,MSK,4
3515,70,men,Neuropsychiatric,4
3516,70,men,MSK,4
3517,70,men,Neuropsychiatric,4
3518,71,men,Eye,4
3519,71,women,Cardiovascular,4
3520,71,women,MSK,4
3521,71,men,MSK,4
3522,71,men,Neuropsychiatric,4
3523,71,women,Metabolic,4
3524,71,men,MSK,4
3525,72,men,Cardiovascular,4
3526,72,women,Cardiovascular,4
3527,72,men,Cardiovascular,4
3528,72,men,MSK,4
3529,72,women,Cardiovascular,4
3530,72,women,Eye,4
3531,72,men,MSK,4
3532,72,men,Neuropsychiatric,4
3533,72,men,MSK,4
3534,73,women,MSK,4
3535,73,women,Cardiovascular,4
3536,73,men,Neuropsychiatric,4
3537,73,women,Cardiovascular,4
3538,73,men,MSK,4
3539,73,women,Cardiovascular,4
3540,73,men,Complex,4
3541,73,men,MSK,4
3542,73,women,Cardiovascular,4
3543,73,men,MSK,4
3544,74,men,Cardiovascular,4
3545,74,women,MSK,4
3546,74,women,Metabolic,4
3547,74,men,Unspecified,4
3548,74,women,Cardiovascular,4
3549,74,women,Neuropsychiatric,4
3550,74,women,Neuropsychiatric,4
3551,75,women,Unspecified,4
3552,75,women,Eye,4
3553,75,women,Cardiovascular,4
3554,75,women,MSK,4
3555,75,women,Neuropsychiatric,4
3556,75,women,Cardiovascular,4
3557,75,men,Cardiovascular,4
3558,75,men,Cardiovascular,4
3559,75,men,Cardiovascular,4
3560,75,men,Complex,4
3561,76,men,Neuropsychiatric,4
3562,76,women,Cardiovascular,4
3563,76,women,Cardiovascular,4
3564,76,women,Neuropsychiatric,4
3565,76,women,Eye,4
3566,76,women,Neuropsychiatric,4
3567,76,women,Neuropsychiatric,4
3568,76,women,MSK,4
3569,76,women,Cardiovascular,4
3570,77,men,Cardiovascular,4
3571,77,women,Cardiovascular,4
3572,77,women,Complex,4
3573,77,women,Complex,4
3574,77,women,MSK,4
3575,77,men,Cardiovascular,4
3576,77,women,Metabolic,4
3577,78,women,MSK,4
3578,78,women,Metabolic,4
3579,78,women,Eye,4
3580,78,women,Cardiovascular,4
3581,78,women,Cardiovascular,4
3582,78,men,MSK,4
3583,78,women,Cardiovascular,4
3584,79,men,Cardiovascular,4
3585,79,men,Cardiovascular,4
3586,79,men,Cardiovascular,4
3587,79,women,Cardiovascular,4
3588,79,women,MSK,4
3589,79,women,Complex,4
3590,80,women,MSK,4
3591,80,men,Complex,4
3592,80,men,Eye,4
3593,80,men,Metabolic,4
3594,80,women,Eye,4
3595,80,men,Unspecified,4
3596,80,women,Cardiovascular,4
3597,80,men,Neuropsychiatric,4
3598,80,women,Eye,4
3599,80,women,Cardiovascular,4
3600,81,men,Metabolic,4
3601,81,women,Cardiovascular,4
3602,81,women,Cardiovascular,4
3603,81,women,Neuropsychiatric,4
3604,81,women,Cardiovascular,4
3605,82,women,Cardiovascular,4
3606,82,men,Eye,4
3607,82,men,Neuropsychiatric,4
3608,82,women,Cardiovascular,4
3609,82,women,Neuropsychiatric,4
3610,82,women,Cardiovascular,4
3611,82,women,Neuropsychiatric,4
3612,82,men,Cardiovascular,4
3613,82,women,Metabolic,4
3614,82,women,MSK,4
3615,83,women,Eye,4
3616,83,women,Neuropsychiatric,4
3617,83,women,MSK,4
3618,83,women,Cardiovascular,4
3619,83,men,MSK,4
3620,83,women,Metabolic,4
3621,83,women,MSK,4
3622,84,women,Neuropsychiatric,4
3623,84,women,Complex,4
3624,84,women,Cardiovascular,4
3625,84,women,MSK,4
3626,84,women,Eye,4
3627,84,men,Unspecified,4
3628,84,women,Cardiovascular,4
3629,85,men,Neuropsychiatric,4
3630,85,women,MSK,4
3631,85,men,Metabolic,4
3632,85,women,Cardiovascular,4
3633,86,women,MSK,4
3634,86,women,Cardiovascular,4
3635,87,women,Complex,4
3636,87,men,Complex,4
3637,87,women,Complex,4
3638,87,women,Cardiovascular,4
3639,88,women,Cardiovascular,4
3640,88,women,MSK,4
3641,88,women,Complex,4
3642,89,women,Cardiovascular,4
3643,89,women,Cardiovascular,4
3644,89,women,MSK,4
3645,89,women,Cardiovascular,4
3646,90,women,Metabolic,4
3647,91,women,Cardiovascular,4
3648,91,women,MSK,4
3649,91,women,Unspecified,4
3650,91,women,Eye,4
3651,92,women,Cardiovascular,4
3652,92,women,MSK,4
3653,92,women,MSK,4
3654,93,women,Eye,4
3655,93,women,MSK,4
3656,96,women,Neuropsychiatric,4
3657,98,women,Cardiovascular,4
3658,65,men,Complex,5
3659,65,men,Cardiovascular,5
3660,65,women,Cardiovascular,5
3661,65,men,Complex,5
3662,65,men,Cardiovascular,5
3663,65,women,Cardiovascular,5
3664,65,women,Neuropsychiatric,5
3665,65,women,Cardiovascular,5
3666,65,men,Eye,5
3667,65,women,Neuropsychiatric,5
3668,65,women,MSK,5
3669,65,men,Cardiovascular,5
3670,65,women,Metabolic,5
3671,65,men,Metabolic,5
3672,65,women,Metabolic,5
3673,65,women,Neuropsychiatric,5
3674,65,men,Neuropsychiatric,5
3675,65,women,Cardiovascular,5
3676,65,men,Eye,5
3677,65,women,Cardiovascular,5
3678,65,women,Cardiovascular,5
3679,65,women,Unspecified,5
3680,65,women,Cardiovascular,5
3681,65,men,Metabolic,5
3682,65,men,Unspecified,5
3683,65,men,MSK,5
3684,65,women,Eye,5
3685,65,women,Eye,5
3686,65,men,Cardiovascular,5
3687,65,men,Cardiovascular,5
3688,65,men,Cardiovascular,5
3689,65,women,Unspecified,5
3690,65,women,Complex,5
3691,65,men,Complex,5
3692,65,women,MSK,5
3693,65,men,Neuropsychiatric,5
3694,65,men,Eye,5
3695,65,women,MSK,5
3696,65,women,Cardiovascular,5
3697,65,women,Eye,5
3698,65,women,Cardiovascular,5
3699,65,women,Complex,5
3700,65,women,Unspecified,5
3701,65,women,Unspecified,5
3702,65,men,Complex,5
3703,65,women,Unspecified,5
3704,65,women,Eye,5
3705,65,men,Metabolic,5
3706,65,women,Complex,5
3707,65,men,Cardiovascular,5
3708,65,men,Eye,5
3709,65,women,Complex,5
3710,65,women,Metabolic,5
3711,65,women,Eye,5
3712,65,women,Cardiovascular,5
3713,65,women,Eye,5
3714,65,men,Neuropsychiatric,5
3715,65,men,Metabolic,5
3716,65,women,Neuropsychiatric,5
3717,65,men,Neuropsychiatric,5
3718,65,men,Neuropsychiatric,5
3719,65,men,Eye,5
3720,65,men,Eye,5
3721,65,men,Cardiovascular,5
3722,65,men,Eye,5
3723,65,women,Eye,5
3724,65,women,MSK,5
3725,65,women,Cardiovascular,5
3726,65,women,Eye,5
3727,65,men,Cardiovascular,5
3728,65,women,Eye,5
3729,65,women,Cardiovascular,5
3730,65,men,Neuropsychiatric,5
3731,65,women,Cardiovascular,5
3732,65,women,Cardiovascular,5
3733,65,men,MSK,5
3734,65,men,Metabolic,5
3735,65,men,MSK,5
3736,65,women,Neuropsychiatric,5
3737,66,men,Complex,5
3738,66,men,MSK,5
3739,66,women,Eye,5
3740,66,men,Cardiovascular,5
3741,66,men,Unspecified,5
3742,66,women,MSK,5
3743,66,women,Cardiovascular,5
3744,67,men,Unspecified,5
3745,67,women,Metabolic,5
3746,67,men,Cardiovascular,5
3747,68,men,Neuropsychiatric,5
3748,68,women,Metabolic,5
3749,68,men,MSK,5
3750,68,women,MSK,5
3751,68,men,Eye,5
3752,68,men,MSK,5
3753,68,men,Cardiovascular,5
3754,68,women,Cardiovascular,5
3755,69,men,Complex,5
3756,69,men,MSK,5
3757,69,women,Cardiovascular,5
3758,69,women,Eye,5
3759,69,men,Unspecified,5
3760,69,women,Unspecified,5
3761,69,men,Cardiovascular,5
3762,69,men,Cardiovascular,5
3763,70,women,MSK,5
3764,70,men,Cardiovascular,5
3765,70,women,Cardiovascular,5
3766,70,women,Metabolic,5
3767,70,women,Cardiovascular,5
3768,70,women,Unspecified,5
3769,70,women,Neuropsychiatric,5
3770,70,men,Neuropsychiatric,5
3771,70,men,Neuropsychiatric,5
3772,70,women,Cardiovascular,5
3773,70,men,Cardiovascular,5
3774,70,women,Eye,5
3775,70,women,Complex,5
3776,70,men,Complex,5
3777,70,men,MSK,5
3778,70,men,Eye,5
3779,70,women,MSK,5
3780,70,women,Eye,5
3781,70,women,MSK,5
3782,70,men,MSK,5
3783,70,women,Metabolic,5
3784,71,men,MSK,5
3785,71,men,Cardiovascular,5
3786,71,men,Unspecified,5
3787,71,men,Complex,5
3788,71,women,Complex,5
3789,71,men,Cardiovascular,5
3790,71,men,Cardiovascular,5
3791,71,women,Cardiovascular,5
3792,71,women,MSK,5
3793,71,women,Neuropsychiatric,5
3794,72,women,Complex,5
3795,72,women,Cardiovascular,5
3796,72,women,MSK,5
3797,72,women,Cardiovascular,5
3798,72,women,Unspecified,5
3799,72,women,Neuropsychiatric,5
3800,72,men,Neuropsychiatric,5
3801,72,women,Cardiovascular,5
3802,72,women,Metabolic,5
3803,72,women,Cardiovascular,5
3804,72,women,MSK,5
3805,72,women,Cardiovascular,5
3806,73,women,Cardiovascular,5
3807,73,women,Metabolic,5
3808,73,women,MSK,5
3809,73,women,Eye,5
3810,73,men,Cardiovascular,5
3811,73,men,MSK,5
3812,73,men,Neuropsychiatric,5
3813,73,men,Metabolic,5
3814,73,men,Eye,5
3815,74,men,Cardiovascular,5
3816,74,women,MSK,5
3817,74,women,Metabolic,5
3818,74,women,Metabolic,5
3819,75,men,MSK,5
3820,75,men,Cardiovascular,5
3821,75,men,Unspecified,5
3822,75,women,Eye,5
3823,75,women,Cardiovascular,5
3824,75,women,Complex,5
3825,75,women,Eye,5
3826,75,women,Neuropsychiatric,5
3827,75,women,Cardiovascular,5
3828,75,women,Cardiovascular,5
3829,75,men,MSK,5
3830,75,women,MSK,5
3831,76,men,MSK,5
3832,76,women,MSK,5
3833,76,women,MSK,5
3834,76,women,MSK,5
3835,76,women,Cardiovascular,5
3836,76,men,Cardiovascular,5
3837,76,women,Eye,5
3838,76,men,Metabolic,5
3839,76,women,MSK,5
3840,76,women,Cardiovascular,5
3841,76,men,Metabolic,5
3842,76,women,Cardiovascular,5
3843,76,men,Neuropsychiatric,5
3844,77,women,MSK,5
3845,77,men,Complex,5
3846,77,women,Eye,5
3847,77,women,Cardiovascular,5
3848,77,women,MSK,5
3849,78,women,Neuropsychiatric,5
3850,78,men,MSK,5
3851,78,men,Complex,5
3852,78,women,Cardiovascular,5
3853,78,women,Complex,5
3854,78,women,Eye,5
3855,79,women,Metabolic,5
3856,79,women,Unspecified,5
3857,79,women,Unspecified,5
3858,79,men,Cardiovascular,5
3859,79,women,Cardiovascular,5
3860,79,men,Eye,5
3861,79,men,Neuropsychiatric,5
3862,79,men,Cardiovascular,5
3863,79,men,Eye,5
3864,79,women,Cardiovascular,5
3865,79,women,MSK,5
3866,79,men,Unspecified,5
3867,79,women,Cardiovascular,5
3868,79,men,Cardiovascular,5
3869,79,women,Neuropsychiatric,5
3870,80,women,Cardiovascular,5
3871,80,women,Complex,5
3872,80,men,Cardiovascular,5
3873,80,women,Eye,5
3874,81,men,Unspecified,5
3875,81,women,Cardiovascular,5
3876,81,women,Complex,5
3877,81,women,Eye,5
3878,81,women,Complex,5
3879,81,men,Cardiovascular,5
3880,81,women,Metabolic,5
3881,81,women,Cardiovascular,5
3882,82,men,Neuropsychiatric,5
3883,82,women,Metabolic,5
3884,82,women,Eye,5
3885,82,women,MSK,5
3886,82,women,MSK,5
3887,82,men,Cardiovascular,5
3888,82,men,Cardiovascular,5
3889,82,women,Unspecified,5
3890,82,women,Cardiovascular,5
3891,83,men,Cardiovascular,5
3892,83,men,Unspecified,5
3893,83,women,MSK,5
3894,83,men,Unspecified,5
3895,83,men,MSK,5
3896,83,men,Unspecified,5
3897,84,men,Cardiovascular,5
3898,84,men,Unspecified,5
3899,84,women,Cardiovascular,5
3900,85,women,Cardiovascular,5
3901,85,men,Complex,5
3902,85,women,Eye,5
3903,85,men,MSK,5
3904,85,men,Metabolic,5
3905,85,women,Complex,5
3906,85,women,MSK,5
3907,85,women,Cardiovascular,5
3908,86,men,Cardiovascular,5
3909,86,women,Cardiovascular,5
3910,86,women,Neuropsychiatric,5
3911,87,women,Unspecified,5
3912,87,women,Unspecified,5
3913,87,men,Complex,5
3914,87,women,Metabolic,5
3915,87,women,Unspecified,5
3916,87,men,Cardiovascular,5
3917,88,women,Unspecified,5
3918,88,women,Complex,5
3919,88,men,Cardiovascular,5
3920,89,women,Cardiovascular,5
3921,89,women,Neuropsychiatric,5
3922,91,women,Neuropsychiatric,5
3923,93,women,MSK,5
3924,93,women,Eye,5
3925,94,men,Eye,5
3926,94,women,Cardiovascular,5
3927,96,women,MSK,5
3928,97,women,MSK,5
3929,97,women,Eye,5
3930,65,women,Cardiovascular,6
3931,65,men,Cardiovascular,6
3932,65,women,Cardiovascular,6
3933,65,men,Neuropsychiatric,6
3934,65,men,Cardiovascular,6
3935,65,women,MSK,6
3936,65,men,Cardiovascular,6
3937,65,women,Neuropsychiatric,6
3938,65,men,Neuropsychiatric,6
3939,65,women,Unspecified,6
3940,65,men,MSK,6
3941,65,women,Cardiovascular,6
3942,65,men,Complex,6
3943,65,men,Cardiovascular,6
3944,65,men,Complex,6
3945,65,women,MSK,6
3946,65,women,Metabolic,6
3947,65,women,MSK,6
3948,65,men,MSK,6
3949,65,men,Neuropsychiatric,6
3950,65,women,MSK,6
3951,65,women,Neuropsychiatric,6
3952,65,men,Cardiovascular,6
3953,65,women,Cardiovascular,6
3954,65,men,MSK,6
3955,65,women,Cardiovascular,6
3956,65,women,MSK,6
3957,65,women,MSK,6
3958,65,women,MSK,6
3959,65,women,Neuropsychiatric,6
3960,65,men,Cardiovascular,6
3961,65,women,Complex,6
3962,65,men,Cardiovascular,6
3963,65,men,Cardiovascular,6
3964,65,women,MSK,6
3965,65,men,Cardiovascular,6
3966,65,men,Cardiovascular,6
3967,65,men,Cardiovascular,6
3968,65,men,Eye,6
3969,65,women,Neuropsychiatric,6
3970,65,men,Neuropsychiatric,6
3971,65,women,MSK,6
3972,65,women,MSK,6
3973,65,women,Cardiovascular,6
3974,65,women,Cardiovascular,6
3975,65,men,Neuropsychiatric,6
3976,65,women,MSK,6
3977,65,women,Neuropsychiatric,6
3978,65,men,Cardiovascular,6
3979,65,women,Complex,6
3980,65,women,Eye,6
3981,65,men,MSK,6
3982,65,women,Neuropsychiatric,6
3983,65,men,Cardiovascular,6
3984,65,women,Cardiovascular,6
3985,65,men,Unspecified,6
3986,65,women,Cardiovascular,6
3987,65,men,MSK,6
3988,66,men,MSK,6
3989,66,men,Complex,6
3990,66,men,Cardiovascular,6
3991,66,men,Neuropsychiatric,6
3992,66,men,Neuropsychiatric,6
3993,66,men,Neuropsychiatric,6
3994,66,women,Neuropsychiatric,6
3995,66,women,Complex,6
3996,66,men,Cardiovascular,6
3997,66,women,Neuropsychiatric,6
3998,67,women,Eye,6
3999,67,men,Neuropsychiatric,6
4000,67,women,Cardiovascular,6
4001,67,women,MSK,6
4002,68,men,Cardiovascular,6
4003,68,women,Cardiovascular,6
4004,68,women,Cardiovascular,6
4005,68,men,Eye,6
4006,68,men,Cardiovascular,6
4007,68,women,MSK,6
4008,68,men,Unspecified,6
4009,68,women,Unspecified,6
4010,68,men,Neuropsychiatric,6
4011,69,men,Cardiovascular,6
4012,69,women,Unspecified,6
4013,69,women,Metabolic,6
4014,69,women,Eye,6
4015,69,women,Unspecified,6
4016,70,women,Metabolic,6
4017,70,men,MSK,6
4018,70,men,Unspecified,6
4019,70,women,Cardiovascular,6
4020,70,women,MSK,6
4021,70,men,Cardiovascular,6
4022,70,men,Complex,6
4023,70,men,Cardiovascular,6
4024,71,women,Cardiovascular,6
4025,71,women,Cardiovascular,6
4026,71,women,MSK,6
4027,71,women,Complex,6
4028,71,women,Cardiovascular,6
4029,71,women,Neuropsychiatric,6
4030,71,women,Unspecified,6
4031,71,men,Cardiovascular,6
4032,71,women,Cardiovascular,6
4033,72,women,Eye,6
4034,72,men,Cardiovascular,6
4035,72,women,Unspecified,6
4036,72,men,Cardiovascular,6
4037,72,men,Cardiovascular,6
4038,72,women,Cardiovascular,6
4039,72,men,Eye,6
4040,72,men,Neuropsychiatric,6
4041,73,women,Cardiovascular,6
4042,73,women,Cardiovascular,6
4043,73,women,Cardiovascular,6
4044,73,women,Cardiovascular,6
4045,73,men,Cardiovascular,6
4046,73,men,Cardiovascular,6
4047,74,women,Unspecified,6
4048,74,women,Cardiovascular,6
4049,74,men,Cardiovascular,6
4050,74,men,Neuropsychiatric,6
4051,74,women,Neuropsychiatric,6
4052,74,men,Cardiovascular,6
4053,74,women,Neuropsychiatric,6
4054,74,women,MSK,6
4055,74,men,Metabolic,6
4056,74,women,Cardiovascular,6
4057,74,men,Cardiovascular,6
4058,75,women,Cardiovascular,6
4059,75,men,Neuropsychiatric,6
4060,75,women,Cardiovascular,6
4061,75,women,Cardiovascular,6
4062,75,women,Cardiovascular,6
4063,75,men,Cardiovascular,6
4064,75,men,Cardiovascular,6
4065,75,men,Unspecified,6
4066,76,women,MSK,6
4067,76,men,Cardiovascular,6
4068,76,men,Cardiovascular,6
4069,76,men,Eye,6
4070,76,women,Neuropsychiatric,6
4071,76,men,Neuropsychiatric,6
4072,77,women,Complex,6
4073,77,women,Cardiovascular,6
4074,77,women,MSK,6
4075,77,women,Neuropsychiatric,6
4076,77,women,Neuropsychiatric,6
4077,77,women,Cardiovascular,6
4078,77,men,Cardiovascular,6
4079,77,men,Complex,6
4080,77,women,Eye,6
4081,77,women,Eye,6
4082,78,women,Cardiovascular,6
4083,78,women,Eye,6
4084,78,women,MSK,6
4085,78,women,Cardiovascular,6
4086,78,women,Cardiovascular,6
4087,78,men,Metabolic,6
4088,78,women,Cardiovascular,6
4089,78,women,Metabolic,6
4090,78,women,Unspecified,6
4091,78,women,Eye,6
4092,79,women,Unspecified,6
4093,79,women,Cardiovascular,6
4094,79,women,Neuropsychiatric,6
4095,80,men,Cardiovascular,6
4096,80,women,Eye,6
4097,80,women,Neuropsychiatric,6
4098,80,women,Complex,6
4099,80,men,Cardiovascular,6
4100,80,women,Cardiovascular,6
4101,80,women,Complex,6
4102,81,men,Unspecified,6
4103,81,women,Complex,6
4104,81,women,Metabolic,6
4105,81,women,Eye,6
4106,81,men,Neuropsychiatric,6
4107,81,men,Unspecified,6
4108,81,men,Cardiovascular,6
4109,81,men,Cardiovascular,6
4110,82,women,MSK,6
4111,82,men,Neuropsychiatric,6
4112,82,women,Cardiovascular,6
4113,82,women,Cardiovascular,6
4114,82,women,MSK,6
4115,82,men,Cardiovascular,6
4116,82,women,Cardiovascular,6
4117,82,women,Eye,6
4118,82,women,Unspecified,6
4119,82,women,Cardiovascular,6
4120,83,men,MSK,6
4121,83,women,MSK,6
4122,83,men,Cardiovascular,6
4123,83,men,MSK,6
4124,83,women,Cardiovascular,6
4125,83,women,Eye,6
4126,84,women,MSK,6
4127,84,women,Cardiovascular,6
4128,84,women,Cardiovascular,6
4129,84,men,Eye,6
4130,84,women,MSK,6
4131,84,women,Complex,6
4132,84,men,Cardiovascular,6
4133,85,women,Cardiovascular,6
4134,85,men,Eye,6
4135,85,men,Cardiovascular,6
4136,85,men,Neuropsychiatric,6
4137,85,women,Neuropsychiatric,6
4138,85,women,Neuropsychiatric,6
4139,85,men,Eye,6
4140,86,women,MSK,6
4141,86,men,Neuropsychiatric,6
4142,86,women,Cardiovascular,6
4143,86,women,Cardiovascular,6
4144,87,men,Unspecified,6
4145,87,women,Cardiovascular,6
4146,87,women,Eye,6
4147,88,women,MSK,6
4148,88,women,Cardiovascular,6
4149,88,women,Cardiovascular,6
4150,88,women,Cardiovascular,6
4151,88,women,Neuropsychiatric,6
4152,88,women,Eye,6
4153,89,women,Cardiovascular,6
4154,89,women,Cardiovascular,6
4155,89,women,Unspecified,6
4156,89,men,Cardiovascular,6
4157,90,women,Cardiovascular,6
4158,90,women,MSK,6
4159,90,women,Complex,6
4160,90,women,Metabolic,6
4161,90,women,MSK,6
4162,91,men,Cardiovascular,6
4163,91,women,Cardiovascular,6
4164,91,women,Eye,6
4165,91,men,Cardiovascular,6
4166,91,women,Eye,6
4167,91,women,Cardiovascular,6
4168,92,women,Eye,6
4169,92,women,Eye,6
4170,93,women,Cardiovascular,6
4171,93,women,Eye,6
4172,93,women,Complex,6
4173,93,women,MSK,6
4174,94,women,MSK,6
4175,95,women,Metabolic,6
4176,97,men,Cardiovascular,6
4177,97,women,Eye,6
4178,99,women,Complex,6
4179,65,women,Eye,7
4180,65,women,Cardiovascular,7
4181,65,women,Cardiovascular,7
4182,65,women,Complex,7
4183,65,women,Metabolic,7
4184,65,women,Cardiovascular,7
4185,65,men,Neuropsychiatric,7
4186,65,men,Cardiovascular,7
4187,65,men,MSK,7
4188,65,women,Cardiovascular,7
4189,65,women,Cardiovascular,7
4190,65,women,Neuropsychiatric,7
4191,65,women,Cardiovascular,7
4192,65,women,Eye,7
4193,65,men,Cardiovascular,7
4194,65,men,Eye,7
4195,65,men,Cardiovascular,7
4196,65,women,Unspecified,7
4197,65,women,Eye,7
4198,65,men,Cardiovascular,7
4199,65,women,Cardiovascular,7
4200,65,women,Cardiovascular,7
4201,65,women,Neuropsychiatric,7
4202,65,men,Cardiovascular,7
4203,65,men,Neuropsychiatric,7
4204,65,men,MSK,7
4205,65,men,Complex,7
4206,65,women,Metabolic,7
4207,65,women,Unspecified,7
4208,65,men,Cardiovascular,7
4209,65,women,Cardiovascular,7
4210,65,women,Cardiovascular,7
4211,65,women,MSK,7
4212,65,men,Complex,7
4213,65,men,Metabolic,7
4214,65,women,Eye,7
4215,65,women,Eye,7
4216,65,men,Complex,7
4217,65,women,Unspecified,7
4218,65,women,Cardiovascular,7
4219,65,men,MSK,7
4220,65,men,Cardiovascular,7
4221,65,women,Complex,7
4222,65,men,Metabolic,7
4223,65,women,MSK,7
4224,65,men,MSK,7
4225,65,men,Cardiovascular,7
4226,65,men,Cardiovascular,7
4227,65,women,Cardiovascular,7
4228,65,women,Neuropsychiatric,7
4229,65,women,MSK,7
4230,65,women,Complex,7
4231,65,men,Complex,7
4232,65,women,Eye,7
4233,65,women,Eye,7
4234,65,women,Cardiovascular,7
4235,65,men,Cardiovascular,7
4236,65,men,Neuropsychiatric,7
4237,65,men,Cardiovascular,7
4238,65,women,Metabolic,7
4239,65,men,Cardiovascular,7
4240,65,men,Neuropsychiatric,7
4241,65,women,Eye,7
4242,66,women,Cardiovascular,7
4243,66,men,Neuropsychiatric,7
4244,66,women,Eye,7
4245,66,women,Cardiovascular,7
4246,66,women,Cardiovascular,7
4247,66,women,MSK,7
4248,66,women,MSK,7
4249,66,women,Complex,7
4250,67,men,Neuropsychiatric,7
4251,67,women,Cardiovascular,7
4252,67,women,Cardiovascular,7
4253,67,men,Metabolic,7
4254,67,women,Neuropsychiatric,7
4255,67,women,Complex,7
4256,68,women,Complex,7
4257,68,women,MSK,7
4258,68,men,Eye,7
4259,68,women,Cardiovascular,7
4260,68,men,Cardiovascular,7
4261,69,women,Eye,7
4262,69,women,Cardiovascular,7
4263,69,men,Unspecified,7
4264,69,men,Neuropsychiatric,7
4265,69,women,Metabolic,7
4266,69,women,Cardiovascular,7
4267,69,men,Cardiovascular,7
4268,70,men,Cardiovascular,7
4269,70,women,Cardiovascular,7
4270,70,men,Cardiovascular,7
4271,71,men,Metabolic,7
4272,71,men,Eye,7
4273,71,women,Cardiovascular,7
4274,71,women,Metabolic,7
4275,71,women,Neuropsychiatric,7
4276,71,women,MSK,7
4277,71,men,Cardiovascular,7
4278,71,women,Cardiovascular,7
4279,71,men,Cardiovascular,7
4280,71,men,Neuropsychiatric,7
4281,72,women,Cardiovascular,7
4282,72,women,Cardiovascular,7
4283,72,women,MSK,7
4284,72,women,Eye,7
4285,72,men,Cardiovascular,7
4286,72,men,Neuropsychiatric,7
4287,72,men,Neuropsychiatric,7
4288,72,women,Complex,7
4289,72,women,Complex,7
4290,72,women,MSK,7
4291,73,women,Unspecified,7
4292,73,men,Cardiovascular,7
4293,73,women,Cardiovascular,7
4294,73,women,Unspecified,7
4295,73,men,Cardiovascular,7
4296,73,men,Cardiovascular,7
4297,74,women,Metabolic,7
4298,74,women,Unspecified,7
4299,74,men,MSK,7
4300,74,women,Complex,7
4301,74,women,Neuropsychiatric,7
4302,74,men,Cardiovascular,7
4303,74,men,Cardiovascular,7
4304,74,women,Cardiovascular,7
4305,74,women,Cardiovascular,7
4306,74,men,Cardiovascular,7
4307,74,men,Cardiovascular,7
4308,74,women,Eye,7
4309,74,men,Neuropsychiatric,7
4310,74,men,Unspecified,7
4311,74,men,Neuropsychiatric,7
4312,75,men,Eye,7
4313,75,women,Cardiovascular,7
4314,75,men,Unspecified,7
4315,75,women,MSK,7
4316,75,women,Cardiovascular,7
4317,75,women,Cardiovascular,7
4318,75,men,Neuropsychiatric,7
4319,75,women,Cardiovascular,7
4320,75,women,MSK,7
4321,76,men,Cardiovascular,7
4322,76,women,Cardiovascular,7
4323,76,women,Complex,7
4324,76,women,MSK,7
4325,76,women,Neuropsychiatric,7
4326,76,women,Cardiovascular,7
4327,76,women,Eye,7
4328,77,men,Cardiovascular,7
4329,77,men,Complex,7
4330,77,men,Cardiovascular,7
4331,77,men,Eye,7
4332,77,women,Cardiovascular,7
4333,77,men,MSK,7
4334,77,women,Metabolic,7
4335,77,men,Neuropsychiatric,7
4336,77,women,MSK,7
4337,77,men,Neuropsychiatric,7
4338,77,women,Cardiovascular,7
4339,77,men,Neuropsychiatric,7
4340,77,women,Metabolic,7
4341,78,men,Neuropsychiatric,7
4342,78,men,MSK,7
4343,78,women,Complex,7
4344,78,men,Eye,7
4345,78,women,MSK,7
4346,78,men,Cardiovascular,7
4347,78,women,Cardiovascular,7
4348,78,women,Cardiovascular,7
4349,78,women,Metabolic,7
4350,79,women,Eye,7
4351,79,women,Metabolic,7
4352,80,women,Cardiovascular,7
4353,80,men,Neuropsychiatric,7
4354,80,men,Neuropsychiatric,7
4355,80,women,Complex,7
4356,80,women,Complex,7
4357,80,women,Complex,7
4358,80,men,Cardiovascular,7
4359,80,men,Cardiovascular,7
4360,80,women,Unspecified,7
4361,80,men,Complex,7
4362,80,women,Cardiovascular,7
4363,81,women,Metabolic,7
4364,81,women,Cardiovascular,7
4365,81,men,Cardiovascular,7
4366,81,men,Neuropsychiatric,7
4367,81,women,Metabolic,7
4368,81,men,Cardiovascular,7
4369,81,women,Complex,7
4370,81,women,Cardiovascular,7
4371,81,men,Cardiovascular,7
4372,81,men,Cardiovascular,7
4373,81,men,Unspecified,7
4374,81,women,Complex,7
4375,82,women,Cardiovascular,7
4376,82,women,Cardiovascular,7
4377,82,women,Unspecified,7
4378,82,men,MSK,7
4379,82,men,Neuropsychiatric,7
4380,82,men,Cardiovascular,7
4381,82,women,Metabolic,7
4382,82,women,Eye,7
4383,82,women,Unspecified,7
4384,83,women,Cardiovascular,7
4385,83,women,Eye,7
4386,83,women,Complex,7
4387,83,men,MSK,7
4388,83,women,MSK,7
4389,83,men,Cardiovascular,7
4390,83,men,MSK,7
4391,84,women,Neuropsychiatric,7
4392,84,women,Cardiovascular,7
4393,84,women,MSK,7
4394,84,men,MSK,7
4395,84,women,MSK,7
4396,84,women,Complex,7
4397,84,men,Cardiovascular,7
4398,84,men,Eye,7
4399,84,women,Cardiovascular,7
4400,85,women,Eye,7
4401,85,women,Neuropsychiatric,7
4402,85,women,Cardiovascular,7
4403,85,women,Cardiovascular,7
4404,86,women,Cardiovascular,7
4405,86,men,Neuropsychiatric,7
4406,86,women,Metabolic,7
4407,86,women,MSK,7
4408,87,women,Unspecified,7
4409,87,women,Neuropsychiatric,7
4410,87,women,Unspecified,7
4411,88,men,Cardiovascular,7
4412,88,men,MSK,7
4413,88,women,Neuropsychiatric,7
4414,88,women,Complex,7
4415,88,women,Complex,7
4416,88,men,Neuropsychiatric,7
4417,88,women,Cardiovascular,7
4418,89,women,Cardiovascular,7
4419,89,men,Cardiovascular,7
4420,90,women,Neuropsychiatric,7
4421,90,women,Cardiovascular,7
4422,90,women,Complex,7
4423,91,women,MSK,7
4424,91,women,MSK,7
4425,92,women,MSK,7
4426,92,women,Cardiovascular,7
4427,93,women,Neuropsychiatric,7
4428,94,women,MSK,7
4429,97,women,Cardiovascular,7
4430,65,women,Cardiovascular,8
4431,65,men,Cardiovascular,8
4432,65,women,Unspecified,8
4433,65,women,MSK,8
4434,65,men,Cardiovascular,8
4435,65,men,Cardiovascular,8
4436,65,men,Neuropsychiatric,8
4437,65,men,MSK,8
4438,65,men,Eye,8
4439,65,women,Unspecified,8
4440,65,women,MSK,8
4441,65,women,Neuropsychiatric,8
4442,65,women,Complex,8
4443,65,women,Neuropsychiatric,8
4444,65,women,Cardiovascular,8
4445,65,women,Cardiovascular,8
4446,65,men,Neuropsychiatric,8
4447,65,women,MSK,8
4448,65,women,Cardiovascular,8
4449,65,women,Neuropsychiatric,8
4450,65,men,Neuropsychiatric,8
4451,65,women,MSK,8
4452,65,men,Complex,8
4453,65,men,Neuropsychiatric,8
4454,65,men,Cardiovascular,8
4455,65,women,Neuropsychiatric,8
4456,65,women,Eye,8
4457,65,women,MSK,8
4458,65,women,Neuropsychiatric,8
4459,65,women,Complex,8
4460,65,men,MSK,8
4461,65,women,MSK,8
4462,65,men,Eye,8
4463,65,women,Cardiovascular,8
4464,65,women,Cardiovascular,8
4465,65,men,Complex,8
4466,65,men,Cardiovascular,8
4467,65,men,Metabolic,8
4468,65,men,Neuropsychiatric,8
4469,65,men,MSK,8
4470,65,men,Complex,8
4471,65,men,MSK,8
4472,65,women,MSK,8
4473,65,women,Metabolic,8
4474,65,men,Cardiovascular,8
4475,65,men,MSK,8
4476,65,men,MSK,8
4477,65,men,Cardiovascular,8
4478,65,men,Cardiovascular,8
4479,65,women,Eye,8
4480,65,men,Cardiovascular,8
4481,65,men,Cardiovascular,8
4482,65,men,Cardiovascular,8
4483,65,men,Eye,8
4484,65,men,Neuropsychiatric,8
4485,65,women,Cardiovascular,8
4486,65,women,Eye,8
4487,65,men,Cardiovascular,8
4488,65,women,Eye,8
4489,65,men,Cardiovascular,8
4490,65,men,Cardiovascular,8
4491,65,women,Cardiovascular,8
4492,65,men,Cardiovascular,8
4493,65,men,Cardiovascular,8
4494,65,men,MSK,8
4495,65,women,Metabolic,8
4496,65,women,Eye,8
4497,65,women,Neuropsychiatric,8
4498,65,men,Neuropsychiatric,8
4499,65,men,Metabolic,8
4500,65,men,Cardiovascular,8
4501,66,men,Cardiovascular,8
4502,66,men,Eye,8
4503,66,men,Cardiovascular,8
4504,66,men,Eye,8
4505,66,men,Neuropsychiatric,8
4506,67,women,Complex,8
4507,67,men,Unspecified,8
4508,67,men,Neuropsychiatric,8
4509,67,women,Complex,8
4510,67,women,MSK,8
4511,67,women,Metabolic,8
4512,67,women,Unspecified,8
4513,67,men,Neuropsychiatric,8
4514,68,women,MSK,8
4515,68,women,Cardiovascular,8
4516,68,men,Metabolic,8
4517,68,women,Cardiovascular,8
4518,68,men,Unspecified,8
4519,68,women,MSK,8
4520,69,men,Complex,8
4521,69,women,Cardiovascular,8
4522,69,women,MSK,8
4523,69,women,Metabolic,8
4524,69,men,MSK,8
4525,69,men,Eye,8
4526,69,men,Cardiovascular,8
4527,69,men,MSK,8
4528,69,women,MSK,8
4529,69,women,Cardiovascular,8
4530,70,women,Cardiovascular,8
4531,70,women,Cardiovascular,8
4532,70,women,Eye,8
4533,70,women,MSK,8
4534,70,women,MSK,8
4535,70,women,Metabolic,8
4536,71,women,Eye,8
4537,71,women,Eye,8
4538,71,women,Neuropsychiatric,8
4539,71,women,Metabolic,8
4540,71,women,Cardiovascular,8
4541,71,men,Cardiovascular,8
4542,71,women,Metabolic,8
4543,72,men,Cardiovascular,8
4544,72,women,Complex,8
4545,72,men,Cardiovascular,8
4546,72,women,Metabolic,8
4547,72,women,Eye,8
4548,72,men,Metabolic,8
4549,72,men,Neuropsychiatric,8
4550,73,women,MSK,8
4551,73,men,Eye,8
4552,73,men,Cardiovascular,8
4553,73,women,Neuropsychiatric,8
4554,73,men,MSK,8
4555,73,women,MSK,8
4556,73,men,Unspecified,8
4557,73,women,Cardiovascular,8
4558,73,men,Metabolic,8
4559,73,men,Cardiovascular,8
4560,73,women,Cardiovascular,8
4561,73,women,Eye,8
4562,73,men,Eye,8
4563,74,men,Cardiovascular,8
4564,74,women,Neuropsychiatric,8
4565,74,men,Cardiovascular,8
4566,74,women,MSK,8
4567,74,men,Cardiovascular,8
4568,74,men,Neuropsychiatric,8
4569,74,women,Neuropsychiatric,8
4570,74,women,Cardiovascular,8
4571,74,men,Neuropsychiatric,8
4572,75,men,Cardiovascular,8
4573,75,women,Cardiovascular,8
4574,75,men,MSK,8
4575,75,men,Cardiovascular,8
4576,75,men,Neuropsychiatric,8
4577,75,women,Eye,8
4578,76,men,Cardiovascular,8
4579,76,men,Complex,8
4580,76,women,Cardiovascular,8
4581,76,women,Metabolic,8
4582,76,women,Unspecified,8
4583,76,men,Unspecified,8
4584,76,men,Metabolic,8
4585,76,women,MSK,8
4586,76,men,Eye,8
4587,76,women,Eye,8
4588,76,men,Cardiovascular,8
4589,77,men,Cardiovascular,8
4590,77,women,Neuropsychiatric,8
4591,77,men,Cardiovascular,8
4592,77,women,Cardiovascular,8
4593,77,men,Metabolic,8
4594,78,men,Unspecified,8
4595,78,men,MSK,8
4596,78,women,Metabolic,8
4597,78,women,Complex,8
4598,78,men,Unspecified,8
4599,79,men,Unspecified,8
4600,79,men,MSK,8
4601,79,men,Neuropsychiatric,8
4602,79,women,Metabolic,8
4603,79,women,Unspecified,8
4604,79,women,Cardiovascular,8
4605,79,men,Neuropsychiatric,8
4606,79,women,Complex,8
4607,79,men,Cardiovascular,8
4608,79,men,Neuropsychiatric,8
4609,79,men,Neuropsychiatric,8
4610,79,women,MSK,8
4611,80,women,Cardiovascular,8
4612,80,women,Cardiovascular,8
4613,80,women,Cardiovascular,8
4614,80,women,Complex,8
4615,80,women,MSK,8
4616,80,men,MSK,8
4617,80,women,Eye,8
4618,81,women,Unspecified,8
4619,81,women,MSK,8
4620,81,women,Eye,8
4621,81,men,Metabolic,8
4622,81,men,Neuropsychiatric,8
4623,81,men,Unspecified,8
4624,81,women,Complex,8
4625,81,men,Eye,8
4626,81,men,Neuropsychiatric,8
4627,81,men,Neuropsychiatric,8
4628,81,women,Cardiovascular,8
4629,81,men,Unspecified,8
4630,81,women,Metabolic,8
4631,82,men,Eye,8
4632,82,men,Unspecified,8
4633,82,men,Neuropsychiatric,8
4634,82,women,MSK,8
4635,82,women,Complex,8
4636,82,women,Cardiovascular,8
4637,82,men,MSK,8
4638,83,women,Neuropsychiatric,8
4639,83,women,Cardiovascular,8
4640,83,women,Eye,8
4641,83,women,Neuropsychiatric,8
4642,83,men,Neuropsychiatric,8
4643,83,men,Eye,8
4644,83,women,Eye,8
4645,84,men,Neuropsychiatric,8
4646,84,women,Neuropsychiatric,8
4647,84,women,MSK,8
4648,84,women,Cardiovascular,8
4649,84,women,Cardiovascular,8
4650,85,women,Neuropsychiatric,8
4651,85,men,MSK,8
4652,85,women,Cardiovascular,8
4653,85,men,Cardiovascular,8
4654,85,men,Cardiovascular,8
4655,85,women,MSK,8
4656,85,women,MSK,8
4657,85,women,MSK,8
4658,86,men,MSK,8
4659,86,women,Eye,8
4660,86,women,MSK,8
4661,86,women,MSK,8
4662,86,women,Neuropsychiatric,8
4663,86,women,Cardiovascular,8
4664,86,women,Metabolic,8
4665,86,women,MSK,8
4666,86,women,Metabolic,8
4667,87,women,Metabolic,8
4668,88,women,Unspecified,8
4669,88,women,MSK,8
4670,88,men,Metabolic,8
4671,88,women,MSK,8
4672,88,women,Eye,8
4673,89,women,MSK,8
4674,90,women,MSK,8
4675,90,women,Eye,8
4676,90,women,Cardiovascular,8
4677,90,women,Eye,8
4678,90,women,MSK,8
4679,90,women,Metabolic,8
4680,91,women,Unspecified,8
4681,91,women,Eye,8
4682,91,women,Cardiovascular,8
4683,92,women,Metabolic,8
4684,93,women,Cardiovascular,8
4685,95,men,MSK,8
4686,96,men,Unspecified,8
4687,96,women,MSK,8
4688,96,women,Unspecified,8
4689,99,women,Eye,8
4690,65,men,Complex,9
4691,65,men,Eye,9
4692,65,men,MSK,9
4693,65,women,Neuropsychiatric,9
4694,65,men,Neuropsychiatric,9
4695,65,women,MSK,9
4696,65,women,Complex,9
4697,65,women,Cardiovascular,9
4698,65,women,Cardiovascular,9
4699,65,men,Neuropsychiatric,9
4700,65,women,Neuropsychiatric,9
4701,65,women,Eye,9
4702,65,men,Cardiovascular,9
4703,65,women,Cardiovascular,9
4704,65,men,Cardiovascular,9
4705,65,women,Unspecified,9
4706,65,men,Complex,9
4707,65,men,Neuropsychiatric,9
4708,65,men,Metabolic,9
4709,65,women,Cardiovascular,9
4710,65,women,Neuropsychiatric,9
4711,65,men,MSK,9
4712,65,women,Cardiovascular,9
4713,65,men,Unspecified,9
4714,65,men,Neuropsychiatric,9
4715,65,men,Cardiovascular,9
4716,65,men,Cardiovascular,9
4717,65,men,Neuropsychiatric,9
4718,65,men,Eye,9
4719,65,men,Cardiovascular,9
4720,65,women,Cardiovascular,9
4721,65,women,MSK,9
4722,65,women,MSK,9
4723,65,women,Cardiovascular,9
4724,65,men,Neuropsychiatric,9
4725,65,men,Eye,9
4726,65,women,Unspecified,9
4727,65,men,Complex,9
4728,65,women,Cardiovascular,9
4729,65,men,MSK,9
4730,65,men,MSK,9
4731,65,men,Cardiovascular,9
4732,65,women,Neuropsychiatric,9
4733,65,women,Neuropsychiatric,9
4734,65,women,Metabolic,9
4735,65,men,Metabolic,9
4736,65,men,Complex,9
4737,65,women,Eye,9
4738,65,women,Complex,9
4739,65,women,Eye,9
4740,65,men,MSK,9
4741,65,men,Unspecified,9
4742,65,women,Eye,9
4743,65,women,Unspecified,9
4744,65,men,Eye,9
4745,65,men,Cardiovascular,9
4746,65,women,Neuropsychiatric,9
4747,65,men,MSK,9
4748,65,women,Metabolic,9
4749,65,men,Cardiovascular,9
4750,65,women,Cardiovascular,9
4751,65,men,Cardiovascular,9
4752,65,women,Cardiovascular,9
4753,65,men,MSK,9
4754,65,women,MSK,9
4755,65,men,Cardiovascular,9
4756,65,women,Complex,9
4757,65,women,Cardiovascular,9
4758,65,women,Neuropsychiatric,9
4759,65,women,Neuropsychiatric,9
4760,65,women,Cardiovascular,9
4761,65,men,Neuropsychiatric,9
4762,65,men,Cardiovascular,9
4763,66,women,Metabolic,9
4764,66,women,Eye,9
4765,66,women,Neuropsychiatric,9
4766,66,men,Cardiovascular,9
4767,66,men,Neuropsychiatric,9
4768,66,men,Cardiovascular,9
4769,66,women,MSK,9
4770,67,men,Neuropsychiatric,9
4771,67,women,Eye,9
4772,67,men,Metabolic,9
4773,67,men,Cardiovascular,9
4774,67,men,Complex,9
4775,67,women,Neuropsychiatric,9
4776,67,men,Unspecified,9
4777,67,men,Unspecified,9
4778,67,men,Neuropsychiatric,9
4779,67,men,Cardiovascular,9
4780,67,men,MSK,9
4781,67,men,Eye,9
4782,67,men,Neuropsychiatric,9
4783,67,men,Cardiovascular,9
4784,68,women,Eye,9
4785,68,women,MSK,9
4786,68,women,Neuropsychiatric,9
4787,68,women,Cardiovascular,9
4788,69,women,Cardiovascular,9
4789,69,women,Eye,9
4790,69,men,MSK,9
4791,69,women,Unspecified,9
4792,69,women,Cardiovascular,9
4793,69,men,Neuropsychiatric,9
4794,69,women,Cardiovascular,9
4795,69,women,MSK,9
4796,69,women,MSK,9
4797,69,men,Cardiovascular,9
4798,69,women,Cardiovascular,9
4799,70,women,Cardiovascular,9
4800,70,women,Eye,9
4801,70,women,Cardiovascular,9
4802,70,men,Cardiovascular,9
4803,70,women,Metabolic,9
4804,70,women,Cardiovascular,9
4805,70,women,Cardiovascular,9
4806,70,women,Eye,9
4807,70,men,Eye,9
4808,70,women,Eye,9
4809,70,women,MSK,9
4810,70,men,Cardiovascular,9
4811,70,men,MSK,9
4812,71,women,Neuropsychiatric,9
4813,71,men,MSK,9
4814,71,men,Cardiovascular,9
4815,71,men,Neuropsychiatric,9
4816,72,women,Eye,9
4817,72,men,Complex,9
4818,72,women,Unspecified,9
4819,72,women,MSK,9
4820,72,men,MSK,9
4821,72,men,Neuropsychiatric,9
4822,72,men,Cardiovascular,9
4823,72,women,Cardiovascular,9
4824,72,women,Cardiovascular,9
4825,72,women,MSK,9
4826,72,women,Cardiovascular,9
4827,73,men,Neuropsychiatric,9
4828,73,men,Unspecified,9
4829,73,women,Cardiovascular,9
4830,73,men,Cardiovascular,9
4831,73,men,Neuropsychiatric,9
4832,73,men,MSK,9
4833,73,women,Metabolic,9
4834,73,women,Neuropsychiatric,9
4835,73,women,Eye,9
4836,73,men,Complex,9
4837,73,women,Unspecified,9
4838,73,men,Neuropsychiatric,9
4839,74,women,Neuropsychiatric,9
4840,74,women,MSK,9
4841,74,women,MSK,9
4842,74,women,Cardiovascular,9
4843,74,women,MSK,9
4844,74,men,Unspecified,9
4845,74,women,MSK,9
4846,74,women,Neuropsychiatric,9
4847,74,men,Cardiovascular,9
4848,75,women,Cardiovascular,9
4849,75,women,Cardiovascular,9
4850,75,women,Cardiovascular,9
4851,75,men,Cardiovascular,9
4852,75,women,Eye,9
4853,75,men,Eye,9
4854,75,women,MSK,9
4855,75,women,Eye,9
4856,75,men,MSK,9
4857,75,men,Cardiovascular,9
4858,75,men,Neuropsychiatric,9
4859,75,men,Eye,9
4860,76,men,Eye,9
4861,76,women,MSK,9
4862,76,women,Cardiovascular,9
4863,76,women,Eye,9
4864,76,men,Cardiovascular,9
4865,76,men,Eye,9
4866,76,women,MSK,9
4867,76,women,Unspecified,9
4868,76,men,Cardiovascular,9
4869,76,women,Metabolic,9
4870,76,women,Complex,9
4871,76,men,Eye,9
4872,76,women,MSK,9
4873,76,men,Neuropsychiatric,9
4874,76,women,Eye,9
4875,76,men,Complex,9
4876,76,women,MSK,9
4877,76,men,Cardiovascular,9
4878,76,women,MSK,9
4879,76,women,MSK,9
4880,76,women,Neuropsychiatric,9
4881,77,women,Eye,9
4882,77,women,Metabolic,9
4883,77,men,Cardiovascular,9
4884,77,men,Metabolic,9
4885,77,men,Unspecified,9
4886,77,women,Eye,9
4887,77,women,Eye,9
4888,77,women,Eye,9
4889,78,women,Cardiovascular,9
4890,78,women,Eye,9
4891,78,women,Cardiovascular,9
4892,78,men,Eye,9
4893,78,women,Neuropsychiatric,9
4894,78,women,Cardiovascular,9
4895,79,women,Neuropsychiatric,9
4896,79,men,Unspecified,9
4897,79,women,Cardiovascular,9
4898,79,men,Cardiovascular,9
4899,79,women,Cardiovascular,9
4900,79,men,Unspecified,9
4901,79,women,Cardiovascular,9
4902,79,women,Neuropsychiatric,9
4903,79,women,Complex,9
4904,79,women,Eye,9
4905,80,women,Unspecified,9
4906,80,women,Cardiovascular,9
4907,80,women,MSK,9
4908,80,women,Neuropsychiatric,9
4909,80,men,Unspecified,9
4910,80,women,Unspecified,9
4911,80,women,Cardiovascular,9
4912,81,women,Cardiovascular,9
4913,81,men,Cardiovascular,9
4914,81,men,Complex,9
4915,81,women,Metabolic,9
4916,81,women,Cardiovascular,9
4917,81,women,Cardiovascular,9
4918,82,women,MSK,9
4919,82,women,MSK,9
4920,82,women,MSK,9
4921,82,women,Cardiovascular,9
4922,82,women,Cardiovascular,9
4923,82,women,Eye,9
4924,82,men,Neuropsychiatric,9
4925,82,women,Cardiovascular,9
4926,82,women,MSK,9
4927,83,men,MSK,9
4928,83,women,Cardiovascular,9
4929,83,women,Cardiovascular,9
4930,83,men,Unspecified,9
4931,83,women,Metabolic,9
4932,83,women,Cardiovascular,9
4933,83,men,Cardiovascular,9
4934,83,women,MSK,9
4935,83,men,Cardiovascular,9
4936,83,women,MSK,9
4937,84,men,Unspecified,9
4938,84,women,MSK,9
4939,84,men,Neuropsychiatric,9
4940,84,women,MSK,9
4941,84,women,Eye,9
4942,84,women,MSK,9
4943,84,women,Cardiovascular,9
4944,84,men,Cardiovascular,9
4945,84,women,Unspecified,9
4946,84,men,Cardiovascular,9
4947,85,women,Neuropsychiatric,9
4948,85,women,MSK,9
4949,85,women,MSK,9
4950,85,men,Cardiovascular,9
4951,85,women,Complex,9
4952,85,women,Complex,9
4953,85,women,Unspecified,9
4954,85,women,Cardiovascular,9
4955,86,women,MSK,9
4956,86,women,Eye,9
4957,86,women,Cardiovascular,9
4958,86,women,Neuropsychiatric,9
4959,87,women,Unspecified,9
4960,87,women,Cardiovascular,9
4961,87,women,Cardiovascular,9
4962,87,women,MSK,9
4963,87,men,MSK,9
4964,87,women,Cardiovascular,9
4965,87,women,Metabolic,9
4966,88,women,Cardiovascular,9
4967,88,women,MSK,9
4968,88,women,MSK,9
4969,88,women,MSK,9
4970,88,women,Cardiovascular,9
4971,88,women,Eye,9
4972,89,women,Cardiovascular,9
4973,89,women,MSK,9
4974,89,men,MSK,9
4975,89,women,Metabolic,9
4976,89,women,Eye,9
4977,89,women,Unspecified,9
4978,89,women,Metabolic,9
4979,89,women,Eye,9
4980,90,women,Neuropsychiatric,9
4981,90,women,Unspecified,9
4982,90,women,Cardiovascular,9
4983,90,women,Eye,9
4984,90,women,Complex,9
4985,91,men,Eye,9
4986,91,women,MSK,9
4987,91,women,Cardiovascular,9
4988,91,women,Neuropsychiatric,9
4989,91,women,Cardiovascular,9
4990,92,women,Neuropsychiatric,9
4991,92,women,Neuropsychiatric,9
4992,92,women,MSK,9
4993,92,women,Metabolic,9
4994,93,women,Unspecified,9
4995,94,women,Neuropsychiatric,9
4996,94,women,Unspecified,9
4997,95,women,Complex,9
4998,96,women,Eye,9
4999,97,women,Complex,9
5000,99,women,MSK,9
