agegrp,sex,mm_cluster,from,NoEvent,AB,AHS,AIS,PB,PHS,PIS,AHS_AB,AIS_AB,PB_AHS,PB_AIS,PS_AB,PS_PB,CurrentDeath,AB_Death,AHS_Death,AIS_Death,AHS_AB_Death,AIS_AB_Death
70-74,men,Unspecified,NoEvent,0.969375911793944,0.00464161738614555,0.00245090471775074,0.00648790849995604,0,0,0,2.53557290404953e-05,2.16592335824535e-05,0,0,0,0,0.0154358467938165,0.000168028435753389,0.000615306368108009,0.000734884086595666,1.68868071129597e-164,4.25769553072265e-05
75-79,men,Unspecified,NoEvent,0.95714371743283,0.00588031183724061,0.00299598249889776,0.00803883932774669,0,0,0,7.89454934791601e-100,8.4595200253692e-05,0,0,0,0,0.0236472872546317,0.000405202950389936,0.000796984625033292,0.000961447178567819,1.1830162234804e-164,4.56316944081691e-05
65-69,men,Unspecified,NoEvent,0.975310614404745,0.00349464710396068,0.00186639880158335,0.0052506280833304,0,0,0,9.10709916254324e-24,1.35550703818261e-05,0,0,0,0,0.0130949911239271,0.000103123582240519,0.000382665420030836,0.000483376406460388,1.36471957846118e-88,3.33944338003039e-12
80-84,men,Unspecified,NoEvent,0.934855804591059,0.0075414036213889,0.00378634348876182,0.0106993846598969,0,0,0,6.81229357160896e-05,0.000138808134025484,0,0,0,0,0.0389626397856709,0.000582072490806594,0.00130731512238355,0.0019247612775184,2.99270609195844e-05,0.000103416831853205
85-89,men,Unspecified,NoEvent,0.899587545451515,0.0095412462142094,0.00439459667022015,0.0120451799492876,0,0,0,7.98265769631299e-05,0.000140814115885528,0,0,0,0,0.0682008799440232,0.000958390418977035,0.00192119214454846,0.00298579024030942,6.26658076752722e-143,0.000144538274060652
90-94,men,Unspecified,NoEvent,0.854862037777657,0.0108359451619324,0.0037564298948723,0.0128099837348089,0,0,0,0.000282463698365481,8.06931599030329e-05,0,0,0,0,0.109980414511771,0.0014761746004416,0.00198854054502912,0.00367593405817462,7.83633865524023e-05,0.000173019470492106
95-99,men,Unspecified,NoEvent,0.803371782062364,0.00560878980177405,0.00361315278022273,0.0118981036299712,0,0,0,0.000440783992214181,3.4972378867069e-11,0,0,0,0,0.16788626995398,0.00148963680386433,0.000860240327462499,0.00483124061317448,4.01040475067294e-94,9.81264850756927e-18
100-104,men,Unspecified,NoEvent,0.803371782062364,0.00560878980177405,0.00361315278022273,0.0118981036299712,0,0,0,0.000440783992214181,3.4972378867069e-11,0,0,0,0,0.16788626995398,0.00148963680386433,0.000860240327462499,0.00483124061317448,4.01040475067294e-94,9.81264850756927e-18
105-109,men,Unspecified,NoEvent,0.803371782062364,0.00560878980177405,0.00361315278022273,0.0118981036299712,0,0,0,0.000440783992214181,3.4972378867069e-11,0,0,0,0,0.16788626995398,0.00148963680386433,0.000860240327462499,0.00483124061317448,4.01040475067294e-94,9.81264850756927e-18
70-74,women,Unspecified,NoEvent,0.977088008116402,0.00143961107455783,0.0016117526447275,0.00621478803057081,0,0,0,3.62574369334146e-06,5.87876411697922e-06,0,0,0,0,0.0123796461479572,4.14085720399009e-05,0.000402812505553762,0.000795938611728957,1.23647704757454e-164,1.65297886517229e-05
75-79,women,Unspecified,NoEvent,0.967737379465907,0.00182942707426159,0.00197628757182005,0.0077242061580992,0,0,0,1.13236710735906e-100,2.30317838574541e-05,0,0,0,0,0.0190238320231016,0.000100165686646992,0.000523359825779655,0.00104453996982853,8.68896645293308e-165,1.77704406975531e-05
65-69,women,Unspecified,NoEvent,0.981385697961493,0.00108201798977863,0.00122526978780766,0.00502097634987737,0,0,0,1.30003899078235e-24,3.67282335133282e-06,0,0,0,0,0.0104842723620861,2.53700179839138e-05,0.000250084092668889,0.000522638613658591,9.97555925556484e-89,1.29426169470327e-12
80-84,women,Unspecified,NoEvent,0.950071595026551,0.00235829576593463,0.00251051152122091,0.0103335763134642,0,0,0,9.82165328173451e-06,3.79863977370463e-05,0,0,0,0,0.0315062264861447,0.000144628802374274,0.000862903172099518,0.00210187966436892,2.20939226592303e-05,4.0481274163873e-05
85-89,women,Unspecified,NoEvent,0.921804147485294,0.00300839395920827,0.00293795236644035,0.0117297474361103,0,0,0,1.16043887410008e-05,3.88546415388445e-05,0,0,0,0,0.0556059819133038,0.0002401063785633,0.00127860412605282,0.0032875607622351,4.66469144721755e-143,5.70465425123946e-05
90-94,women,Unspecified,NoEvent,0.884842740575125,0.00345120884085265,0.00253673939194401,0.0126008193001111,0,0,0,4.14774683226042e-05,2.249097450799e-05,0,0,0,0,0.0905777910330468,0.000373571554329581,0.0013368250859468,0.00408843448906789,5.89223844753315e-05,6.89789022704991e-05
95-99,women,Unspecified,NoEvent,0.838135912792719,0.00180053439583155,0.00245931810284563,0.011796570527739,0,0,0,6.52383891711727e-05,9.82481861742081e-12,0,0,0,0,0.139363604074147,0.00037996560074959,0.00058289153762896,0.00541596456934382,3.03936696926865e-94,3.94307791376557e-18
100-104,women,Unspecified,NoEvent,0.838135912792719,0.00180053439583155,0.00245931810284563,0.011796570527739,0,0,0,6.52383891711727e-05,9.82481861742081e-12,0,0,0,0,0.139363604074147,0.00037996560074959,0.00058289153762896,0.00541596456934382,3.03936696926865e-94,3.94307791376557e-18
105-109,women,Unspecified,NoEvent,0.838135912792719,0.00180053439583155,0.00245931810284563,0.011796570527739,0,0,0,6.52383891711727e-05,9.82481861742081e-12,0,0,0,0,0.139363604074147,0.00037996560074959,0.00058289153762896,0.00541596456934382,3.03936696926865e-94,3.94307791376557e-18
70-74,men,Complex,NoEvent,0.928091822816869,0.00829241380019786,0.00332726150239315,0.0117610292179784,0,0,0,2.13078082695181e-05,9.96527202247028e-05,0,0,0,0,0.0446541113564518,0.000691619522783941,0.00100239273333187,0.00201044189781996,4.28917050485188e-197,4.79466236793101e-05
75-79,men,Complex,NoEvent,0.898437321414607,0.0102996838437044,0.00398760092592359,0.0142871587330475,0,0,0,6.5043204671388e-100,0.000381595904358374,0,0,0,0,0.0670693700777339,0.00163519280372806,0.00127294122586198,0.00257875463373787,2.94597038909804e-197,5.03804372971627e-05
65-69,men,Complex,NoEvent,0.940940086298284,0.00629122549171931,0.00255320244621555,0.00959118277610597,0,0,0,7.71192933096921e-24,6.28446262505668e-05,0,0,0,0,0.0381730180514492,0.000427723141545768,0.00062818276377763,0.00133253440086214,3.49292682715044e-121,3.78946421883052e-12
80-84,men,Complex,NoEvent,0.847281896980675,0.0127540580260918,0.00486592143797452,0.0183604782658764,0,0,0,5.41926775782272e-05,0.000604568569478871,0,0,0,0,0.106699882438872,0.00226801597919256,0.00201609670846917,0.00498464383155779,7.19572258311096e-38,0.000110245084234297
85-89,men,Complex,NoEvent,0.769311882686579,0.0152256910961461,0.00532892752165367,0.019503573394301,0,0,0,5.99198156800104e-05,0.000578698757392604,0,0,0,0,0.176230573117211,0.00352360491241239,0.00279561644093015,0.00729612492232259,1.42172857874573e-175,0.000145387335371389
90-94,men,Complex,NoEvent,0.679514159647702,0.0160724536786867,0.0042338898217565,0.019279374859633,0,0,0,0.000197073884082133,0.000308238265750021,0,0,0,0,0.264149687127755,0.0050445908138094,0.00268958148832293,0.00834918630574348,1.65250476729932e-37,0.000161764106759185
95-99,men,Complex,NoEvent,0.586048418777317,0.00763482337623515,0.00373736088315467,0.0164337457031447,0,0,0,0.000282232286882912,1.22599712120022e-10,0,0,0,0,0.370053379259733,0.0046717872363132,0.00106778668378017,0.0100704656708398,7.76125900508492e-127,8.41953048545492e-18
100-104,men,Complex,NoEvent,0.586048418777317,0.00763482337623515,0.00373736088315467,0.0164337457031447,0,0,0,0.000282232286882912,1.22599712120022e-10,0,0,0,0,0.370053379259733,0.0046717872363132,0.00106778668378017,0.0100704656708398,7.76125900508492e-127,8.41953048545492e-18
105-109,men,Complex,NoEvent,0.586048418777317,0.00763482337623515,0.00373736088315467,0.0164337457031447,0,0,0,0.000282232286882912,1.22599712120022e-10,0,0,0,0,0.370053379259733,0.0046717872363132,0.00106778668378017,0.0100704656708398,7.76125900508492e-127,8.41953048545492e-18
70-74,women,Complex,NoEvent,0.944574470812636,0.00259693215797103,0.00220934071830301,0.0113755061897859,0,0,0,3.07654715694577e-06,2.73108933143389e-05,0,0,0,0,0.0361612155558047,0.000172099065319129,0.000662602763306249,0.00219864976853504,3.17114152818295e-197,1.87955278677678e-05
75-79,women,Complex,NoEvent,0.921218078874043,0.00324962272476456,0.00266757636197094,0.0139219696495314,0,0,0,9.46141598616795e-101,0.000105360994919168,0,0,0,0,0.0547186290459135,0.000409929946201299,0.000847721300224241,0.00284121409141616,2.19432071049881e-197,1.98970110158187e-05
65-69,women,Complex,NoEvent,0.954308700046348,0.00196334465732959,0.00168943959440965,0.00924441054498716,0,0,0,1.1096077771714e-24,1.71631322975263e-05,0,0,0,0,0.0308048942496247,0.000106060988519876,0.000413792870662878,0.00145219391434014,2.57343650206165e-121,1.48032121251396e-12
80-84,women,Complex,NoEvent,0.8787760283317,0.00407036208135376,0.00329265229227829,0.0180973259589375,0,0,0,7.9738933387216e-06,0.00016884854768785,0,0,0,0,0.0880542915779379,0.000575125196342386,0.00135809987857221,0.00555525087923594,5.42152846813027e-38,4.40413626155097e-05
85-89,women,Complex,NoEvent,0.812394275848746,0.00494738615936118,0.00367142559995763,0.0195730609235483,0,0,0,8.97665266923515e-06,0.000164557793023139,0,0,0,0,0.148075081407106,0.000909740713973921,0.00191739714196513,0.0082789630824189,1.09063181994918e-175,5.91346772301297e-05
90-94,women,Complex,NoEvent,0.732356166218954,0.00533016183780267,0.00297710318946172,0.0197468089329007,0,0,0,3.01323113506731e-05,8.94564942270213e-05,0,0,0,0,0.226521925476432,0.00132927790684278,0.00188268912597487,0.0096691267715012,1.29378946193358e-37,6.71517345521035e-05
95-99,women,Complex,NoEvent,0.641476364304949,0.00257146451898176,0.00266896390563317,0.0170947938438453,0,0,0,4.38261573805981e-05,3.61358355525146e-11,0,0,0,0,0.322290754660968,0.00125024816771941,0.000759104798568712,0.0118444796058182,6.17129623748035e-127,3.54965605434883e-18
100-104,women,Complex,NoEvent,0.641476364304949,0.00257146451898176,0.00266896390563317,0.0170947938438453,0,0,0,4.38261573805981e-05,3.61358355525146e-11,0,0,0,0,0.322290754660968,0.00125024816771941,0.000759104798568712,0.0118444796058182,6.17129623748035e-127,3.54965605434883e-18
105-109,women,Complex,NoEvent,0.641476364304949,0.00257146451898176,0.00266896390563317,0.0170947938438453,0,0,0,4.38261573805981e-05,3.61358355525146e-11,0,0,0,0,0.322290754660968,0.00125024816771941,0.000759104798568712,0.0118444796058182,6.17129623748035e-127,3.54965605434883e-18
70-74,men,Neuropsychiatric,NoEvent,0.936305002041409,0.00504361598337788,0.00464425260427902,0.0139199482903091,0,0,0,3.4113692210532e-05,3.28322841111338e-05,0,0,0,0,0.0369367971387818,0.000391824928209353,0.00105593235006651,0.00159582052656661,7.35783412546601e-185,3.98601606790334e-05
75-79,men,Neuropsychiatric,NoEvent,0.910861937858523,0.00629539976468701,0.00559343968412755,0.0169932534892539,0,0,0,1.04647835537974e-99,0.000126343823837148,0,0,0,0,0.0557519912699169,0.000930962438614856,0.0013475500687052,0.00205703137024606,5.07859326382407e-185,4.20902320885633e-05
65-69,men,Neuropsychiatric,NoEvent,0.947781515627275,0.00382046446419383,0.00355822999490426,0.0113340291856836,0,0,0,1.2327438765958e-23,2.06728309434503e-05,0,0,0,0,0.0315263829867809,0.000241939864493461,0.000660699636584501,0.00105606540599558,5.98254585541185e-109,3.14542034634292e-12
80-84,men,Neuropsychiatric,NoEvent,0.865983631397372,0.00785895484848818,0.00688096501104623,0.0220156565433104,0,0,0,8.7899400752456e-05,0.000201796143742836,0,0,0,0,0.0894163797916172,0.00130174610637152,0.00215161669168729,0.00400850113683232,1.25056552530643e-25,9.28529287794736e-05
85-89,men,Neuropsychiatric,NoEvent,0.797807382996628,0.00951934954655095,0.00764606392872056,0.02372879559205,0,0,0,9.86119685101297e-05,0.000195989904851391,0,0,0,0,0.149847068071445,0.00205201834363523,0.00302722697552894,0.00595324827730539,2.50704765137969e-163,0.000124244394774621
90-94,men,Neuropsychiatric,NoEvent,0.717529723731244,0.0102319454860295,0.00618562287812873,0.0238836241908196,0,0,0,0.000330243296470111,0.000106295157513668,0,0,0,0,0.228698266111533,0.00299133981650861,0.0029654996756906,0.00693668000974563,2.9671150835148e-25,0.000140759646316994
95-99,men,Neuropsychiatric,NoEvent,0.62973572105527,0.00494604967978002,0.00555638547090567,0.0207170201531189,0,0,0,0.000481276963264364,4.30229140149019e-11,0,0,0,0,0.326032272183821,0.00281907290647158,0.00119806703672485,0.0085141345076211,1.41810141992227e-114,7.45533772338586e-18
100-104,men,Neuropsychiatric,NoEvent,0.62973572105527,0.00494604967978002,0.00555638547090567,0.0207170201531189,0,0,0,0.000481276963264364,4.30229140149019e-11,0,0,0,0,0.326032272183821,0.00281907290647158,0.00119806703672485,0.0085141345076211,1.41810141992227e-114,7.45533772338586e-18
105-109,men,Neuropsychiatric,NoEvent,0.62973572105527,0.00494604967978002,0.00555638547090567,0.0207170201531189,0,0,0,0.000481276963264364,4.30229140149019e-11,0,0,0,0,0.326032272183821,0.00281907290647158,0.00119806703672485,0.0085141345076211,1.41810141992227e-114,7.45533772338586e-18
70-74,women,Neuropsychiatric,NoEvent,0.949569708878185,0.00157393177176852,0.00307295249281902,0.0134161305437622,0,0,0,4.90814940236053e-06,8.96627585420077e-06,0,0,0,0,0.0298060932111982,9.71555426388824e-05,0.00069552970009537,0.00173905303342702,5.42071480066748e-185,1.55704008489475e-05
75-79,women,Neuropsychiatric,NoEvent,0.929145943020205,0.00197600971295686,0.00372255260644649,0.0164735827191465,0,0,0,1.51440198096741e-100,3.47045875489182e-05,0,0,0,0,0.0452509890676513,0.000232182535564355,0.000892783934318983,0.00225471454146651,3.76332624694862e-185,1.65372746955103e-05
65-69,women,Neuropsychiatric,NoEvent,0.958552600221145,0.00118893540714843,0.00234786020952235,0.0108936191157714,0,0,0,1.768724158012e-24,5.63000989847808e-06,0,0,0,0,0.0253698660717953,5.98247866588061e-05,0.000433992134596177,0.00114767204223894,4.39532312501701e-109,1.22528649394119e-12
80-84,women,Neuropsychiatric,NoEvent,0.891768565333546,0.00249024255945865,0.00462298335773786,0.0215453851714946,0,0,0,1.28412685715315e-05,5.59573100636742e-05,0,0,0,0,0.0732648848256987,0.000327744018260781,0.0014390552119185,0.00443551199447712,9.35504724889405e-26,3.68289487730955e-05
85-89,women,Neuropsychiatric,NoEvent,0.83410369713155,0.0030624122307248,0.00521543364374067,0.0235764186730159,0,0,0,1.46261883614703e-05,5.51768860943802e-05,0,0,0,0,0.12465409711918,0.000524528685939274,0.00205559264725966,0.00668798454348322,1.90406443276165e-163,5.00322506501315e-05
90-94,women,Neuropsychiatric,NoEvent,0.763636613449038,0.00335073008711177,0.00429497647440197,0.0241561223276817,0,0,0,4.98609324317454e-05,3.0462238673172e-05,0,0,0,0,0.193662721603549,0.000778356593327403,0.00204981564275744,0.00793264059259033,2.29392014125906e-25,5.77000584375861e-05
95-99,women,Neuropsychiatric,NoEvent,0.681037252127658,0.00164590738790849,0.00392044540557346,0.021292172330001,0,0,0,7.383922879286e-05,1.25289262245458e-11,0,0,0,0,0.280549463299625,0.000745392222985686,0.000841518628205778,0.00989400935672068,1.11408130841254e-114,3.1054969021249e-18
100-104,women,Neuropsychiatric,NoEvent,0.681037252127658,0.00164590738790849,0.00392044540557346,0.021292172330001,0,0,0,7.383922879286e-05,1.25289262245458e-11,0,0,0,0,0.280549463299625,0.000745392222985686,0.000841518628205778,0.00989400935672068,1.11408130841254e-114,3.1054969021249e-18
105-109,women,Neuropsychiatric,NoEvent,0.681037252127658,0.00164590738790849,0.00392044540557346,0.021292172330001,0,0,0,7.383922879286e-05,1.25289262245458e-11,0,0,0,0,0.280549463299625,0.000745392222985686,0.000841518628205778,0.00989400935672068,1.11408130841254e-114,3.1054969021249e-18
70-74,men,Cardiovascular,NoEvent,0.956624540462714,0.00561236363789408,0.00303302951548104,0.00823084400002545,0,0,0,7.42540151786944e-05,8.52849759365769e-05,0,0,0,0,0.0239113934927458,0.000297162701220135,0.000786422568561454,0.00134470463024314,6.01521467337531e-190,1.51662482686516e-30
75-79,men,Cardiovascular,NoEvent,0.938893074593934,0.0070675112782162,0.00368535364969926,0.0101373091555196,0,0,0,2.29805740315022e-99,0.000331104328051537,0,0,0,0,0.0364120761679839,0.000712317805812999,0.00101252135189938,0.00174873166888258,4.18874553087061e-190,1.61569672003627e-30
65-69,men,Cardiovascular,NoEvent,0.964823665638509,0.00423580045970594,0.0023153164557769,0.00667738802634822,0,0,0,2.67349642993363e-23,5.3504083100107e-05,0,0,0,0,0.0203345861522891,0.00018282063229824,0.000490274696694209,0.00088664385527791,4.87307071069276e-114,1.19243124309051e-37
80-84,men,Cardiovascular,NoEvent,0.906904320983812,0.00896388337053076,0.00460614671054576,0.0133433845912796,0,0,0,0.000196112259677813,0.000537293900702566,0,0,0,0,0.0593321858604566,0.00101194319873987,0.00164252652423903,0.00346220260001633,1.04793707194598e-30,3.62128192230691e-30
85-89,men,Cardiovascular,NoEvent,0.856854993612009,0.0111351525444797,0.00524908777431342,0.014749168957267,0,0,0,0.000225634731732891,0.000535168130344362,0,0,0,0,0.101971547225953,0.00163594455426006,0.0023700088325832,0.00527329363705735,2.15451158601527e-168,4.96936649760525e-30
90-94,men,Cardiovascular,NoEvent,0.79510657440969,0.0123487580432979,0.00438132546494185,0.0153168073981784,0,0,0,0.000779626334235235,0.000299465080117869,0,0,0,0,0.160571993062621,0.00246053337542722,0.00239540541864399,0.0063395114128468,2.63085433943045e-30,5.80869477770854e-30
95-99,men,Cardiovascular,NoEvent,0.725289525878926,0.00620427682034514,0.0040905534611581,0.013809022580596,0,0,0,0.00118090562889709,1.25979580902445e-10,0,0,0,0,0.237922297801289,0.00241011322104287,0.00100584229830668,0.00808746218345929,1.30688487836901e-119,3.19768250057896e-43
100-104,men,Cardiovascular,NoEvent,0.725289525878926,0.00620427682034514,0.0040905534611581,0.013809022580596,0,0,0,0.00118090562889709,1.25979580902445e-10,0,0,0,0,0.237922297801289,0.00241011322104287,0.00100584229830668,0.00808746218345929,1.30688487836901e-119,3.19768250057896e-43
105-109,men,Cardiovascular,NoEvent,0.725289525878926,0.00620427682034514,0.0040905534611581,0.013809022580596,0,0,0,0.00118090562889709,1.25979580902445e-10,0,0,0,0,0.237922297801289,0.00241011322104287,0.00100584229830668,0.00808746218345929,1.30688487836901e-119,3.19768250057896e-43
70-74,women,Cardiovascular,NoEvent,0.967029767840754,0.0017457357622365,0.00200034758465975,0.00790720212947048,0,0,0,1.06487297752098e-05,2.32151955795941e-05,0,0,0,0,0.0192326675274206,7.34443908555231e-05,0.000516326445179952,0.00146064439406876,4.4171944047722e-190,5.90510638205018e-31
75-79,women,Cardiovascular,NoEvent,0.953308688890031,0.00220809781056838,0.0024413333810892,0.0097818331744524,0,0,0,3.31022738381928e-100,9.05281746474202e-05,0,0,0,0,0.0294170535184969,0.000176830521057837,0.000667715844210358,0.00190791868544631,3.08957292099964e-190,6.31871109062715e-31
65-69,women,Cardiovascular,NoEvent,0.97310142941777,0.00131455886215831,0.00152353005361044,0.00640024975746345,0,0,0,3.8253335555949e-24,1.45311029319139e-05,0,0,0,0,0.0163185592793241,4.5081813705467e-05,0.000321158720003257,0.000960900993033456,3.57034293928965e-114,4.6322794292178e-38
80-84,women,Cardiovascular,NoEvent,0.9275282214279,0.00282095552974458,0.00307350505825116,0.0129691588580866,0,0,0,2.84544335115959e-05,0.000147971835891121,0,0,0,0,0.048282786063822,0.000253039201039825,0.00109105872982767,0.00380484886192545,7.78570460933781e-31,1.42652450892831e-30
85-89,women,Cardiovascular,NoEvent,0.88642547326963,0.00354458543003036,0.0035428212021227,0.0145004870997825,0,0,0,3.31146664855599e-05,0.000149082486978103,0,0,0,0,0.0839363765327402,0.000413779991732966,0.00159241014609759,0.00586186917440008,1.61912652101348e-168,1.9801001795325e-30
90-94,women,Cardiovascular,NoEvent,0.834105198273924,0.00398614548889227,0.00299868952977535,0.0152701702614788,0,0,0,0.000116027656941676,8.45947012776291e-05,0,0,0,0,0.134029869161997,0.000631089208648445,0.00163209181433565,0.00714612390272936,2.00488443227277e-30,2.34706587787308e-30
95-99,women,Cardiovascular,NoEvent,0.769619550693012,0.0020257704594866,0.00283189575871857,0.0139254029337191,0,0,0,0.000177770386706655,3.59970022561544e-11,0,0,0,0,0.200879742824494,0.000625270790809968,0.000693209740346841,0.00922138637670903,1.00739334038694e-119,1.30692680574172e-43
100-104,women,Cardiovascular,NoEvent,0.769619550693012,0.0020257704594866,0.00283189575871857,0.0139254029337191,0,0,0,0.000177770386706655,3.59970022561544e-11,0,0,0,0,0.200879742824494,0.000625270790809968,0.000693209740346841,0.00922138637670903,1.00739334038694e-119,1.30692680574172e-43
105-109,women,Cardiovascular,NoEvent,0.769619550693012,0.0020257704594866,0.00283189575871857,0.0139254029337191,0,0,0,0.000177770386706655,3.59970022561544e-11,0,0,0,0,0.200879742824494,0.000625270790809968,0.000693209740346841,0.00922138637670903,1.00739334038694e-119,1.30692680574172e-43
70-74,men,Eye,NoEvent,0.962571959289883,0.00538737132982973,0.0030711901658871,0.00800040555363774,0,0,0,8.55085245572109e-06,6.6362762320113e-05,0,0,0,0,0.0188543058490999,0.000264713182450435,0.000752233517669091,0.000989478047192346,2.08232705475159e-164,3.34294495746267e-05
75-79,men,Eye,NoEvent,0.947578764802121,0.00680463938270379,0.00374297336734057,0.00988320534831946,0,0,0,2.65434786514053e-100,0.00025841890213755,0,0,0,0,0.0287977528106801,0.00063644747521482,0.00097142303665797,0.00129065430290028,1.45441814349232e-164,3.57205719247569e-05
65-69,men,Eye,NoEvent,0.969772008973474,0.00406159495103669,0.0023419112840561,0.00648342147176394,0,0,0,3.07538213806826e-24,4.15880788356697e-05,0,0,0,0,0.0160166250319114,0.00016268087037318,0.000468453190164643,0.00065171614575923,1.68511883410635e-88,2.62551449444537e-12
80-84,men,Eye,NoEvent,0.920698306234423,0.00868143445253737,0.00470578437278571,0.0130857259427393,0,0,0,2.27854913829382e-05,0.000421820827225057,0,0,0,0,0.0472019776192323,0.000909497673336434,0.00158516067056593,0.00257037167004382,3.66013580374652e-05,8.05336876904974e-05
85-89,men,Eye,NoEvent,0.878805577758901,0.0108948451965005,0.0054176094150505,0.0146126494878381,0,0,0,2.64843431068346e-05,0.000424459199842574,0,0,0,0,0.0819555661302826,0.0014854007418923,0.00231068348926386,0.00395507754093861,7.60221991628857e-143,0.000111646696382969
90-94,men,Eye,NoEvent,0.82689924983033,0.0122515194817175,0.00458533587041615,0.0153876198493251,0,0,0,9.27922137212796e-05,0.000240842804961856,0,0,0,0,0.130861237972758,0.00226540626502415,0.00236816143834592,0.0048213717192293,9.41304595860567e-05,0.000132332094585605
95-99,men,Eye,NoEvent,0.768113599612453,0.00626822584378403,0.00435947814947838,0.0141270971657114,0,0,0,0.000143128797770494,1.03174991883619e-10,0,0,0,0,0.197452741174873,0.00225964948669928,0.00101262575171333,0.00626345391434147,4.76165037140514e-94,7.41837469663903e-18
100-104,men,Eye,NoEvent,0.768113599612453,0.00626822584378403,0.00435947814947838,0.0141270971657114,0,0,0,0.000143128797770494,1.03174991883619e-10,0,0,0,0,0.197452741174873,0.00225964948669928,0.00101262575171333,0.00626345391434147,4.76165037140514e-94,7.41837469663903e-18
105-109,men,Eye,NoEvent,0.768113599612453,0.00626822584378403,0.00435947814947838,0.0141270971657114,0,0,0,0.000143128797770494,1.03174991883619e-10,0,0,0,0,0.197452741174873,0.00225964948669928,0.00101262575171333,0.00626345391434147,4.76165037140514e-94,7.41837469663903e-18
70-74,women,Eye,NoEvent,0.97181693442537,0.0016736419326295,0.00202296546690803,0.00767614913815907,0,0,0,1.22472958203848e-06,1.80416893946796e-05,0,0,0,0,0.0151460057254807,6.53420621144081e-05,0.000493257858158917,0.001073437320336,1.52720471102576e-164,1.29996518664015e-05
75-79,women,Eye,NoEvent,0.960373401880061,0.00212209244598689,0.00247498200151057,0.00951925076717707,0,0,0,3.81647288427442e-101,7.0526214088352e-05,0,0,0,0,0.0232230745193425,0.000157707875810429,0.00063944512064531,0.00140557494827746,1.07080685877121e-164,1.39442271003212e-05
65-69,women,Eye,NoEvent,0.977089691560852,0.00125920308333158,0.00153945050386445,0.00620796395300245,0,0,0,4.39585555112483e-25,1.12832740240221e-05,0,0,0,0,0.0128402094325012,4.00744235895502e-05,0.000306549818433924,0.000705573949382444,1.23336714738603e-88,1.01889738238041e-12
80-84,women,Eye,NoEvent,0.938892653733798,0.00272410892126961,0.00313084180486485,0.0126816733354868,0,0,0,3.29637441142432e-06,0.000115831880218088,0,0,0,0,0.0382996763282522,0.000226759870101234,0.001049885556176,0.00281652618541174,2.71139538867361e-05,3.16320561236712e-05
85-89,women,Eye,NoEvent,0.904991967211959,0.00345229075013781,0.00363990555440392,0.0143008230012355,0,0,0,3.86919540930352e-06,0.000117703495605782,0,0,0,0,0.0671531959874552,0.000373991357705954,0.00154547668065126,0.0043764925417183,5.68708088575422e-143,4.42842237176801e-05
90-94,women,Eye,NoEvent,0.861463395424696,0.00392743102645123,0.00311663459796651,0.0152347672582428,0,0,0,1.37143524024925e-05,6.75646291427816e-05,0,0,0,0,0.108475476715839,0.000577027269981792,0.00160238035264315,0.00539726966371988,7.12379587106489e-05,5.31007502037694e-05
95-99,women,Eye,NoEvent,0.807366683670553,0.00202732971748753,0.00298958137411007,0.0141116711271926,0,0,0,2.13428263858885e-05,2.92025854372154e-11,0,0,0,0,0.165137174397598,0.000580700844063863,0.000691296587221249,0.00707421942618515,3.63579953867639e-94,3.00334604662487e-18
100-104,women,Eye,NoEvent,0.807366683670553,0.00202732971748753,0.00298958137411007,0.0141116711271926,0,0,0,2.13428263858885e-05,2.92025854372154e-11,0,0,0,0,0.165137174397598,0.000580700844063863,0.000691296587221249,0.00707421942618515,3.63579953867639e-94,3.00334604662487e-18
105-109,women,Eye,NoEvent,0.807366683670553,0.00202732971748753,0.00298958137411007,0.0141116711271926,0,0,0,2.13428263858885e-05,2.92025854372154e-11,0,0,0,0,0.165137174397598,0.000580700844063863,0.000691296587221249,0.00707421942618515,3.63579953867639e-94,3.00334604662487e-18
70-74,men,MSK,NoEvent,0.972222257155969,0.00372826538501022,0.0028018368005859,0.0073872283427701,0,0,0,7.32009296568492e-05,2.81161045814051e-05,0,0,0,0,0.0125885071873002,0.000121485539092768,0.000439698315699486,0.000576043379288758,4.3536848930543e-192,3.33608600448828e-05
75-79,men,MSK,NoEvent,0.961586533809856,0.00473124809894137,0.00343078548286671,0.00916870584878543,0,0,0,2.28299900687964e-99,0.000110000756562357,0,0,0,0,0.0193180365751959,0.00029346227768229,0.000570494181935567,0.000754917789986056,3.05518866982346e-192,3.5815178187988e-05
65-69,men,MSK,NoEvent,0.977668526052792,0.00280553799643903,0.00213253516996117,0.00597535087376784,0,0,0,2.62782178057548e-23,1.75868957817716e-05,0,0,0,0,0.0106739294791169,7.45203935289403e-05,0.000273311533351892,0.000378701602645283,3.51664249796323e-116,2.61524312448794e-12
80-84,men,MSK,NoEvent,0.942060163019356,0.00608625774631296,0.00434907694840436,0.0122404189677125,0,0,0,0.000197603450816342,0.000181045467175829,0,0,0,0,0.0319266110065438,0.000422843394078278,0.000938651442174925,0.00151591166153834,7.75236464881264e-33,8.14168958868362e-05
85-89,men,MSK,NoEvent,0.912093730106024,0.00774756599341719,0.00507876514486505,0.0138647741764837,0,0,0,0.000232975741121368,0.000184791060799222,0,0,0,0,0.0562284939773545,0.000700498105272079,0.00138789590720258,0.00236601961706397,1.63328807916426e-170,0.00011449017039628
90-94,men,MSK,NoEvent,0.873911463250377,0.00887160808338466,0.00437713321755405,0.0148670038682826,0,0,0,0.00083119171300194,0.000106769413387834,0,0,0,0,0.0914233632553617,0.00108787149736354,0.00144842466430428,0.00293698769749222,2.05930519598317e-32,0.000138183339490368
95-99,men,MSK,NoEvent,0.829297301099958,0.00463689207899511,0.00425131295722256,0.0139435994165909,0,0,0,0.00130974470599005,4.67258900639906e-11,0,0,0,0,0.140922161577066,0.00110851745921765,0.00063270830257008,0.00389776235566394,1.06418712253208e-121,7.91351121643679e-18
100-104,men,MSK,NoEvent,0.829297301099958,0.00463689207899511,0.00425131295722256,0.0139435994165909,0,0,0,0.00130974470599005,4.67258900639906e-11,0,0,0,0,0.140922161577066,0.00110851745921765,0.00063270830257008,0.00389776235566394,1.06418712253208e-121,7.91351121643679e-18
105-109,men,MSK,NoEvent,0.829297301099958,0.00463689207899511,0.00425131295722256,0.0139435994165909,0,0,0,0.00130974470599005,4.67258900639906e-11,0,0,0,0,0.140922161577066,0.00110851745921765,0.00063270830257008,0.00389776235566394,1.06418712253208e-121,7.91351121643679e-18
70-74,women,MSK,NoEvent,0.978879336990834,0.00115506068467835,0.00184050474469962,0.0070684675768609,0,0,0,1.04558594616111e-05,7.62290034456586e-06,0,0,0,0,0.0100849592216347,2.99057155055187e-05,0.000287533519075836,0.000623215235757066,3.18432694415501e-192,1.29375511482378e-05
75-79,women,MSK,NoEvent,0.9706505865619,0.00146955096421543,0.00225942857229497,0.0087955445606355,0,0,0,3.26933790457868e-100,2.99000359762459e-05,0,0,0,0,0.0155157882814967,7.24257235923966e-05,0.000374020876737971,0.000818829496881967,2.24031785481785e-192,1.39249262690705e-05
65-69,women,MSK,NoEvent,0.98287566606684,0.000867875612613927,0.00139872924485398,0.00570887462996053,0,0,0,3.74785167818269e-24,4.76099394282376e-06,0,0,0,0,0.00853822490314452,1.83167365407984e-05,0.000178457573306922,0.000409094237783422,2.56822001181241e-116,1.01267539332255e-12
80-84,women,MSK,NoEvent,0.955188004671072,0.00189886872799343,0.00287698645159653,0.0117946932033142,0,0,0,2.84239404047103e-05,4.9430996633579e-05,0,0,0,0,0.0257572417389454,0.000104822806038016,0.000618136869239181,0.0016515943376078,5.71007049621366e-33,3.17962571554575e-05
85-89,women,MSK,NoEvent,0.931231355280242,0.00243398437346471,0.00338303705611454,0.0134527498105521,0,0,0,3.37449167295145e-05,5.08043113614395e-05,0,0,0,0,0.0456784000919817,0.000174860250234981,0.000920333204197124,0.00259570738045377,1.211373222617e-170,4.5023324668417e-05
90-94,women,MSK,NoEvent,0.900075144967983,0.00281156457135799,0.00294124770761555,0.0145517401920725,0,0,0,0.000121448477901003,2.96114503785038e-05,0,0,0,0,0.0749212197498019,0.000273939678399955,0.000968896350724051,0.00325036947602605,1.54073910386825e-32,5.4817377739928e-05
95-99,women,MSK,NoEvent,0.860326359282443,0.00148017936872191,0.0028774418643221,0.0137470027521553,0,0,0,0.000192760998647207,1.30530514654496e-11,0,0,0,0,0.11632380127073,0.000281165173190754,0.000426311046742225,0.00434497822999464,8.01988301714653e-122,3.16208426552737e-18
100-104,women,MSK,NoEvent,0.860326359282443,0.00148017936872191,0.0028774418643221,0.0137470027521553,0,0,0,0.000192760998647207,1.30530514654496e-11,0,0,0,0,0.11632380127073,0.000281165173190754,0.000426311046742225,0.00434497822999464,8.01988301714653e-122,3.16208426552737e-18
105-109,women,MSK,NoEvent,0.860326359282443,0.00148017936872191,0.0028774418643221,0.0137470027521553,0,0,0,0.000192760998647207,1.30530514654496e-11,0,0,0,0,0.11632380127073,0.000281165173190754,0.000426311046742225,0.00434497822999464,8.01988301714653e-122,3.16208426552737e-18
70-74,men,Metabolic,NoEvent,0.961864431978319,0.00498265860372568,0.00294542642881033,0.00858299454663825,0,0,0,2.61352796999491e-05,5.32734349006295e-05,0,0,0,0,0.0196202351320098,0.000203209911353053,0.000738509001896695,0.000968689611948683,9.37240538066336e-222,1.44360706976326e-05
75-79,men,Metabolic,NoEvent,0.946631756487096,0.00629179299739584,0.00358875076637587,0.0106000946549167,0,0,0,8.11074352601298e-100,0.000207393725021512,0,0,0,0,0.029959692387269,0.000488446470241458,0.000953447098589905,0.00126320403203558,6.54450037566947e-222,1.54213810582678e-05
65-69,men,Metabolic,NoEvent,0.969116659044309,0.00375670061861525,0.00224614435980904,0.00695595628214211,0,0,0,9.40031879231311e-24,3.33872660630324e-05,0,0,0,0,0.016668266025757,0.000124891119722105,0.000459933526787184,0.000638061755661736,7.58504934485223e-146,1.13386134418915e-12
80-84,men,Metabolic,NoEvent,0.919161351125519,0.00802175627380638,0.00450886513391595,0.0140255017145722,0,0,0,6.95776713416814e-05,0.000338304687028191,0,0,0,0,0.049073564638359,0.000697532842492078,0.0015547843212242,0.00251401668808932,1.64586069378595e-62,3.47449036514376e-05
85-89,men,Metabolic,NoEvent,0.876280780646345,0.0100548386754183,0.00518464451414195,0.015643200914077,0,0,0,8.07749629160757e-05,0.000340010256492689,0,0,0,0,0.0851024252536292,0.00113784413648076,0.00226367146434768,0.00386369916323636,3.41438408827429e-200,4.8110012914814e-05
90-94,men,Metabolic,NoEvent,0.822979940473309,0.0112857433096797,0.00437994458531276,0.0164419860257664,0,0,0,0.000282478414850341,0.000192564361249467,0,0,0,0,0.13563153494447,0.00173209379792936,0.00231563662624238,0.00470116059850265,4.21976527864923e-62,5.69168626881204e-05
95-99,men,Metabolic,NoEvent,0.761869090505595,0.0057544404084865,0.00415002025595711,0.0150436772198634,0,0,0,0.000434229178755969,8.22119460018107e-11,0,0,0,0,0.203953455402195,0.00172180765681671,0.000986793592290515,0.00608648569782742,2.12732511351239e-151,3.17982178368571e-18
100-104,men,Metabolic,NoEvent,0.761869090505595,0.0057544404084865,0.00415002025595711,0.0150436772198634,0,0,0,0.000434229178755969,8.22119460018107e-11,0,0,0,0,0.203953455402195,0.00172180765681671,0.000986793592290515,0.00608648569782742,2.12732511351239e-151,3.17982178368571e-18
105-109,men,Metabolic,NoEvent,0.761869090505595,0.0057544404084865,0.00415002025595711,0.0150436772198634,0,0,0,0.000434229178755969,8.22119460018107e-11,0,0,0,0,0.203953455402195,0.00172180765681671,0.000986793592290515,0.00608648569782742,2.12732511351239e-151,3.17982178368571e-18
70-74,women,Metabolic,NoEvent,0.970912107119439,0.00154761013070688,0.00193974541793586,0.00823351028752423,0,0,0,3.74259421509826e-06,1.44803227162879e-05,0,0,0,0,0.0157581986577823,5.01506940649486e-05,0.000484163359892376,0.00105067878730375,6.87249088617011e-222,5.61262841882195e-06
75-79,women,Metabolic,NoEvent,0.959120555870913,0.00196155701622713,0.00237227991424586,0.0102066216803846,0,0,0,1.16582224138236e-100,5.65834249706983e-05,0,0,0,0,0.0241527058128159,0.000120997142825409,0.000627420647307628,0.00137526029001677,4.81687840225219e-222,6.0182002928397e-06
65-69,women,Metabolic,NoEvent,0.976307161380134,0.00116453188314769,0.00147631347904198,0.00665958864941835,0,0,0,1.34348411696758e-24,9.05717510238528e-06,0,0,0,0,0.0133609442341869,3.07615337642264e-05,0.000300936981153321,0.00069070468361121,5.55093169193108e-146,4.39968521326038e-13
80-84,women,Metabolic,NoEvent,0.937017944280731,0.00251628597399504,0.00299884419386346,0.0135879738819546,0,0,0,1.00624927644756e-05,9.28679070332056e-05,0,0,0,0,0.03980522389445,0.000173854855369712,0.0010294289586733,0.00275387091849113,1.21883883508217e-62,1.36426426737487e-05
85-89,women,Metabolic,NoEvent,0.902118081237353,0.00318514779655989,0.00348232731583724,0.0153047369315138,0,0,0,1.17971311333145e-05,9.42569991505478e-05,0,0,0,0,0.0697105244704059,0.000286397278826121,0.00151357370039885,0.00427408028226748,2.55346277908816e-200,1.90768565539257e-05
90-94,women,Metabolic,NoEvent,0.857317791990983,0.00361757160689705,0.00297681405211481,0.0162774738596955,0,0,0,4.17462426488467e-05,5.40169415383228e-05,0,0,0,0,0.112421551885801,0.000441153779208517,0.00156672608004284,0.0052623162598635,3.19328689110046e-62,2.28373012067574e-05
95-99,women,Metabolic,NoEvent,0.801470994556378,0.00186270865955606,0.00284831604341892,0.0150397842676419,0,0,0,6.48046243092778e-05,2.32886263992884e-11,0,0,0,0,0.170716239374332,0.000442851480126682,0.000674223447319624,0.00688007752362953,1.62569241430498e-151,1.2884319186471e-18
100-104,women,Metabolic,NoEvent,0.801470994556378,0.00186270865955606,0.00284831604341892,0.0150397842676419,0,0,0,6.48046243092778e-05,2.32886263992884e-11,0,0,0,0,0.170716239374332,0.000442851480126682,0.000674223447319624,0.00688007752362953,1.62569241430498e-151,1.2884319186471e-18
105-109,women,Metabolic,NoEvent,0.801470994556378,0.00186270865955606,0.00284831604341892,0.0150397842676419,0,0,0,6.48046243092778e-05,2.32886263992884e-11,0,0,0,0,0.170716239374332,0.000442851480126682,0.000674223447319624,0.00688007752362953,1.62569241430498e-151,1.2884319186471e-18
70-74,men,Unspecified,AHS_AB,0,0,0,0,0,0,0,0,0,0,0,0,0.762879334559513,0.237120665440487,0,0,0,0,0
75-79,men,Unspecified,AHS_AB,0,0,0,0,0,0,0,0,0,0,0,0,0.913671245510322,0.086328754489678,0,0,0,0,0
65-69,men,Unspecified,AHS_AB,0,0,0,0,0,0,0,0,0,0,0,0,0.86604087413039,0.13395912586961,0,0,0,0,0
80-84,men,Unspecified,AHS_AB,0,0,0,0,0,0,0,0,0,0,0,0,0.957089867430848,0.0429101325691523,0,0,0,0,0
85-89,men,Unspecified,AHS_AB,0,0,0,0,0,0,0,0,0,0,0,0,0.72940088567851,0.27059911432149,0,0,0,0,0
90-94,men,Unspecified,AHS_AB,0,0,0,0,0,0,0,0,0,0,0,0,0.507261087223922,0.492738912776078,0,0,0,0,0
95-99,men,Unspecified,AHS_AB,0,0,0,0,0,0,0,0,0,0,0,0,0.824932612301518,0.175067387698482,0,0,0,0,0
100-104,men,Unspecified,AHS_AB,0,0,0,0,0,0,0,0,0,0,0,0,0.824932612301518,0.175067387698482,0,0,0,0,0
105-109,men,Unspecified,AHS_AB,0,0,0,0,0,0,0,0,0,0,0,0,0.824932612301518,0.175067387698482,0,0,0,0,0
70-74,women,Unspecified,AHS_AB,0,0,0,0,0,0,0,0,0,0,0,0,0.747110757268119,0.252889242731881,0,0,0,0,0
75-79,women,Unspecified,AHS_AB,0,0,0,0,0,0,0,0,0,0,0,0,0.906704031698746,0.0932959683012536,0,0,0,0,0
65-69,women,Unspecified,AHS_AB,0,0,0,0,0,0,0,0,0,0,0,0,0.855836155117963,0.144163844882037,0,0,0,0,0
80-84,women,Unspecified,AHS_AB,0,0,0,0,0,0,0,0,0,0,0,0,0.965321786678189,0.0346782133218106,0,0,0,0,0
85-89,women,Unspecified,AHS_AB,0,0,0,0,0,0,0,0,0,0,0,0,0.712245742419105,0.287754257580895,0,0,0,0,0
90-94,women,Unspecified,AHS_AB,0,0,0,0,0,0,0,0,0,0,0,0,0.485948074556678,0.514051925443322,0,0,0,0,0
95-99,women,Unspecified,AHS_AB,0,0,0,0,0,0,0,0,0,0,0,0,0.854257574218131,0.145742425781869,0,0,0,0,0
100-104,women,Unspecified,AHS_AB,0,0,0,0,0,0,0,0,0,0,0,0,0.854257574218131,0.145742425781869,0,0,0,0,0
105-109,women,Unspecified,AHS_AB,0,0,0,0,0,0,0,0,0,0,0,0,0.854257574218131,0.145742425781869,0,0,0,0,0
70-74,men,Complex,AHS_AB,0,0,0,0,0,0,0,0,0,0,0,0,0.371517583141543,0.628482416858457,0,0,0,0,0
75-79,men,Complex,AHS_AB,0,0,0,0,0,0,0,0,0,0,0,0,0.660397363522598,0.339602636477402,0,0,0,0,0
65-69,men,Complex,AHS_AB,0,0,0,0,0,0,0,0,0,0,0,0,0.542932718578147,0.457067281421853,0,0,0,0,0
80-84,men,Complex,AHS_AB,0,0,0,0,0,0,0,0,0,0,0,0,0.85146857449636,0.14853142550364,0,0,0,0,0
85-89,men,Complex,AHS_AB,0,0,0,0,0,0,0,0,0,0,0,0,0.33122328225538,0.66877671774462,0,0,0,0,0
90-94,men,Complex,AHS_AB,0,0,0,0,0,0,0,0,0,0,0,0,0.159065702639835,0.840934297360165,0,0,0,0,0
95-99,men,Complex,AHS_AB,0,0,0,0,0,0,0,0,0,0,0,0,0.614136581149334,0.385863418850666,0,0,0,0,0
100-104,men,Complex,AHS_AB,0,0,0,0,0,0,0,0,0,0,0,0,0.614136581149334,0.385863418850666,0,0,0,0,0
105-109,men,Complex,AHS_AB,0,0,0,0,0,0,0,0,0,0,0,0,0.614136581149334,0.385863418850666,0,0,0,0,0
70-74,women,Complex,AHS_AB,0,0,0,0,0,0,0,0,0,0,0,0,0.351835506707859,0.648164493292141,0,0,0,0,0
75-79,women,Complex,AHS_AB,0,0,0,0,0,0,0,0,0,0,0,0,0.641020603598173,0.358979396401828,0,0,0,0,0
65-69,women,Complex,AHS_AB,0,0,0,0,0,0,0,0,0,0,0,0,0.521707821254049,0.478292178745951,0,0,0,0,0
80-84,women,Complex,AHS_AB,0,0,0,0,0,0,0,0,0,0,0,0,0.840358396689839,0.159641603310161,0,0,0,0,0
85-89,women,Complex,AHS_AB,0,0,0,0,0,0,0,0,0,0,0,0,0.312614078363279,0.687385921636721,0,0,0,0,0
90-94,women,Complex,AHS_AB,0,0,0,0,0,0,0,0,0,0,0,0,0.147988546281586,0.852011453718414,0,0,0,0,0
95-99,women,Complex,AHS_AB,0,0,0,0,0,0,0,0,0,0,0,0,0.663855412766926,0.336144587233074,0,0,0,0,0
100-104,women,Complex,AHS_AB,0,0,0,0,0,0,0,0,0,0,0,0,0.663855412766926,0.336144587233074,0,0,0,0,0
105-109,women,Complex,AHS_AB,0,0,0,0,0,0,0,0,0,0,0,0,0.663855412766926,0.336144587233074,0,0,0,0,0
70-74,men,Neuropsychiatric,AHS_AB,0,0,0,0,0,0,0,0,0,0,0,0,0.828062366728605,0.171937633271395,0,0,0,0,0
75-79,men,Neuropsychiatric,AHS_AB,0,0,0,0,0,0,0,0,0,0,0,0,0.939870374620428,0.0601296253795716,0,0,0,0,0
65-69,men,Neuropsychiatric,AHS_AB,0,0,0,0,0,0,0,0,0,0,0,0,0.906346791771382,0.0936532082286181,0,0,0,0,0
80-84,men,Neuropsychiatric,AHS_AB,0,0,0,0,0,0,0,0,0,0,0,0,0.903028903344712,0.0969710966552878,0,0,0,0,0
85-89,men,Neuropsychiatric,AHS_AB,0,0,0,0,0,0,0,0,0,0,0,0,0.801391013614842,0.198608986385158,0,0,0,0,0
90-94,men,Neuropsychiatric,AHS_AB,0,0,0,0,0,0,0,0,0,0,0,0,0.606463882384546,0.393536117615454,0,0,0,0,0
95-99,men,Neuropsychiatric,AHS_AB,0,0,0,0,0,0,0,0,0,0,0,0,0.661436453365362,0.338563546634638,0,0,0,0,0
100-104,men,Neuropsychiatric,AHS_AB,0,0,0,0,0,0,0,0,0,0,0,0,0.661436453365362,0.338563546634638,0,0,0,0,0
105-109,men,Neuropsychiatric,AHS_AB,0,0,0,0,0,0,0,0,0,0,0,0,0.661436453365362,0.338563546634638,0,0,0,0,0
70-74,women,Neuropsychiatric,AHS_AB,0,0,0,0,0,0,0,0,0,0,0,0,0.815580603232387,0.184419396767613,0,0,0,0,0
75-79,women,Neuropsychiatric,AHS_AB,0,0,0,0,0,0,0,0,0,0,0,0,0.935683743836425,0.0643162561635753,0,0,0,0,0
65-69,women,Neuropsychiatric,AHS_AB,0,0,0,0,0,0,0,0,0,0,0,0,0.898853892756825,0.101146107243175,0,0,0,0,0
80-84,women,Neuropsychiatric,AHS_AB,0,0,0,0,0,0,0,0,0,0,0,0,0.920495975000872,0.0795040249991282,0,0,0,0,0
85-89,women,Neuropsychiatric,AHS_AB,0,0,0,0,0,0,0,0,0,0,0,0,0.787469994619824,0.212530005380176,0,0,0,0,0
90-94,women,Neuropsychiatric,AHS_AB,0,0,0,0,0,0,0,0,0,0,0,0,0.585939253794757,0.414060746205243,0,0,0,0,0
95-99,women,Neuropsychiatric,AHS_AB,0,0,0,0,0,0,0,0,0,0,0,0,0.707969616492463,0.292030383507537,0,0,0,0,0
100-104,women,Neuropsychiatric,AHS_AB,0,0,0,0,0,0,0,0,0,0,0,0,0.707969616492463,0.292030383507537,0,0,0,0,0
105-109,women,Neuropsychiatric,AHS_AB,0,0,0,0,0,0,0,0,0,0,0,0,0.707969616492463,0.292030383507537,0,0,0,0,0
70-74,men,Cardiovascular,AHS_AB,0,0,0,0,0,0,0,0,0,0,0,0,0.108162796085797,0.891837203914203,0,0,0,0,0
75-79,men,Cardiovascular,AHS_AB,0,0,0,0,0,0,0,0,0,0,0,0,0.285188443062235,0.714811556937765,0,0,0,0,0
65-69,men,Cardiovascular,AHS_AB,0,0,0,0,0,0,0,0,0,0,0,0,0.195953536352898,0.804046463647102,0,0,0,0,0
80-84,men,Cardiovascular,AHS_AB,0,0,0,0,0,0,0,0,0,0,0,0,0.540469216906149,0.459530783093851,0,0,0,0,0
85-89,men,Cardiovascular,AHS_AB,0,0,0,0,0,0,0,0,0,0,0,0,0.0922395252761244,0.907760474723876,0,0,0,0,0
90-94,men,Cardiovascular,AHS_AB,0,0,0,0,0,0,0,0,0,0,0,0,0.0373581449247278,0.962641855075272,0,0,0,0,0
95-99,men,Cardiovascular,AHS_AB,0,0,0,0,0,0,0,0,0,0,0,0,0.750574284495902,0.249425715504098,0,0,0,0,0
100-104,men,Cardiovascular,AHS_AB,0,0,0,0,0,0,0,0,0,0,0,0,0.750574284495902,0.249425715504098,0,0,0,0,0
105-109,men,Cardiovascular,AHS_AB,0,0,0,0,0,0,0,0,0,0,0,0,0.750574284495902,0.249425715504098,0,0,0,0,0
70-74,women,Cardiovascular,AHS_AB,0,0,0,0,0,0,0,0,0,0,0,0,0.100208050146518,0.899791949853482,0,0,0,0,0
75-79,women,Cardiovascular,AHS_AB,0,0,0,0,0,0,0,0,0,0,0,0,0.26812868158755,0.73187131841245,0,0,0,0,0
65-69,women,Cardiovascular,AHS_AB,0,0,0,0,0,0,0,0,0,0,0,0,0.182866159541207,0.817133840458793,0,0,0,0,0
80-84,women,Cardiovascular,AHS_AB,0,0,0,0,0,0,0,0,0,0,0,0,0.51923122140539,0.48076877859461,0,0,0,0,0
85-89,women,Cardiovascular,AHS_AB,0,0,0,0,0,0,0,0,0,0,0,0,0.085343779275141,0.914656220724859,0,0,0,0,0
90-94,women,Cardiovascular,AHS_AB,0,0,0,0,0,0,0,0,0,0,0,0,0.0344097580074512,0.965590241992549,0,0,0,0,0
95-99,women,Cardiovascular,AHS_AB,0,0,0,0,0,0,0,0,0,0,0,0,0.78858039026764,0.21141960973236,0,0,0,0,0
100-104,women,Cardiovascular,AHS_AB,0,0,0,0,0,0,0,0,0,0,0,0,0.78858039026764,0.21141960973236,0,0,0,0,0
105-109,women,Cardiovascular,AHS_AB,0,0,0,0,0,0,0,0,0,0,0,0,0.78858039026764,0.21141960973236,0,0,0,0,0
70-74,men,Eye,AHS_AB,0,0,0,0,0,0,0,0,0,0,0,0,0.764228243196408,0.235771756803592,0,0,0,0,0
75-79,men,Eye,AHS_AB,0,0,0,0,0,0,0,0,0,0,0,0,0.914258754680288,0.0857412453197122,0,0,0,0,0
65-69,men,Eye,AHS_AB,0,0,0,0,0,0,0,0,0,0,0,0,0.86690531246104,0.13309468753896,0,0,0,0,0
80-84,men,Eye,AHS_AB,0,0,0,0,0,0,0,0,0,0,0,0,0.947615857321093,0.0523841426789065,0,0,0,0,0
85-89,men,Eye,AHS_AB,0,0,0,0,0,0,0,0,0,0,0,0,0.73087305705618,0.26912694294382,0,0,0,0,0
90-94,men,Eye,AHS_AB,0,0,0,0,0,0,0,0,0,0,0,0,0.509128474064961,0.490871525935039,0,0,0,0,0
95-99,men,Eye,AHS_AB,0,0,0,0,0,0,0,0,0,0,0,0,0.793011529672373,0.206988470327627,0,0,0,0,0
100-104,men,Eye,AHS_AB,0,0,0,0,0,0,0,0,0,0,0,0,0.793011529672373,0.206988470327627,0,0,0,0,0
105-109,men,Eye,AHS_AB,0,0,0,0,0,0,0,0,0,0,0,0,0.793011529672373,0.206988470327627,0,0,0,0,0
70-74,women,Eye,AHS_AB,0,0,0,0,0,0,0,0,0,0,0,0,0.748519798476799,0.251480201523202,0,0,0,0,0
75-79,women,Eye,AHS_AB,0,0,0,0,0,0,0,0,0,0,0,0,0.907334147222116,0.092665852777884,0,0,0,0,0
65-69,women,Eye,AHS_AB,0,0,0,0,0,0,0,0,0,0,0,0,0.856755552644404,0.143244447355596,0,0,0,0,0
80-84,women,Eye,AHS_AB,0,0,0,0,0,0,0,0,0,0,0,0,0.957548406050048,0.0424515939499516,0,0,0,0,0
85-89,women,Eye,AHS_AB,0,0,0,0,0,0,0,0,0,0,0,0,0.713774620684379,0.286225379315621,0,0,0,0,0
90-94,women,Eye,AHS_AB,0,0,0,0,0,0,0,0,0,0,0,0,0.487814677301172,0.512185322698828,0,0,0,0,0
95-99,women,Eye,AHS_AB,0,0,0,0,0,0,0,0,0,0,0,0,0.826516608744932,0.173483391255068,0,0,0,0,0
100-104,women,Eye,AHS_AB,0,0,0,0,0,0,0,0,0,0,0,0,0.826516608744932,0.173483391255068,0,0,0,0,0
105-109,women,Eye,AHS_AB,0,0,0,0,0,0,0,0,0,0,0,0,0.826516608744932,0.173483391255068,0,0,0,0,0
70-74,men,MSK,AHS_AB,0,0,0,0,0,0,0,0,0,0,0,0,0.825130958501376,0.174869041498624,0,0,0,0,0
75-79,men,MSK,AHS_AB,0,0,0,0,0,0,0,0,0,0,0,0,0.93947598973193,0.0605240102680697,0,0,0,0,0
65-69,men,MSK,AHS_AB,0,0,0,0,0,0,0,0,0,0,0,0,0.904596300527309,0.0954036994726912,0,0,0,0,0
80-84,men,MSK,AHS_AB,0,0,0,0,0,0,0,0,0,0,0,0,0.965114565599778,0.0348854344002221,0,0,0,0,0
85-89,men,MSK,AHS_AB,0,0,0,0,0,0,0,0,0,0,0,0,0.798115742551623,0.201884257448377,0,0,0,0,0
90-94,men,MSK,AHS_AB,0,0,0,0,0,0,0,0,0,0,0,0,0.601572238203836,0.398427761796165,0,0,0,0,0
95-99,men,MSK,AHS_AB,0,0,0,0,0,0,0,0,0,0,0,0,0.853438850305483,0.146561149694517,0,0,0,0,0
100-104,men,MSK,AHS_AB,0,0,0,0,0,0,0,0,0,0,0,0,0.853438850305483,0.146561149694517,0,0,0,0,0
105-109,men,MSK,AHS_AB,0,0,0,0,0,0,0,0,0,0,0,0,0.853438850305483,0.146561149694517,0,0,0,0,0
70-74,women,MSK,AHS_AB,0,0,0,0,0,0,0,0,0,0,0,0,0.812484580073786,0.187515419926214,0,0,0,0,0
75-79,women,MSK,AHS_AB,0,0,0,0,0,0,0,0,0,0,0,0,0.934441932696728,0.0655580673032721,0,0,0,0,0
65-69,women,MSK,AHS_AB,0,0,0,0,0,0,0,0,0,0,0,0,0.896979269265622,0.103020730734378,0,0,0,0,0
80-84,women,MSK,AHS_AB,0,0,0,0,0,0,0,0,0,0,0,0,0.971836407991014,0.0281635920089859,0,0,0,0,0
85-89,women,MSK,AHS_AB,0,0,0,0,0,0,0,0,0,0,0,0,0.784027020488453,0.215972979511547,0,0,0,0,0
90-94,women,MSK,AHS_AB,0,0,0,0,0,0,0,0,0,0,0,0,0.580968762489331,0.419031237510669,0,0,0,0,0
95-99,women,MSK,AHS_AB,0,0,0,0,0,0,0,0,0,0,0,0,0.878623744279343,0.121376255720657,0,0,0,0,0
100-104,women,MSK,AHS_AB,0,0,0,0,0,0,0,0,0,0,0,0,0.878623744279343,0.121376255720657,0,0,0,0,0
105-109,women,MSK,AHS_AB,0,0,0,0,0,0,0,0,0,0,0,0,0.878623744279343,0.121376255720657,0,0,0,0,0
70-74,men,Metabolic,AHS_AB,0,0,0,0,0,0,0,0,0,0,0,0,0.823466442882457,0.176533557117543,0,0,0,0,0
75-79,men,Metabolic,AHS_AB,0,0,0,0,0,0,0,0,0,0,0,0,0.93881918134502,0.0611808186549803,0,0,0,0,0
65-69,men,Metabolic,AHS_AB,0,0,0,0,0,0,0,0,0,0,0,0,0.903599816391845,0.0964001836081551,0,0,0,0,0
80-84,men,Metabolic,AHS_AB,0,0,0,0,0,0,0,0,0,0,0,0,0.946125356606184,0.0538746433938161,0,0,0,0,0
85-89,men,Metabolic,AHS_AB,0,0,0,0,0,0,0,0,0,0,0,0,0.796257574150426,0.203742425849574,0,0,0,0,0
90-94,men,Metabolic,AHS_AB,0,0,0,0,0,0,0,0,0,0,0,0,0.598814386833561,0.40118561316644,0,0,0,0,0
95-99,men,Metabolic,AHS_AB,0,0,0,0,0,0,0,0,0,0,0,0,0.78725145765087,0.21274854234913,0,0,0,0,0
100-104,men,Metabolic,AHS_AB,0,0,0,0,0,0,0,0,0,0,0,0,0.78725145765087,0.21274854234913,0,0,0,0,0
105-109,men,Metabolic,AHS_AB,0,0,0,0,0,0,0,0,0,0,0,0,0.78725145765087,0.21274854234913,0,0,0,0,0
70-74,women,Metabolic,AHS_AB,0,0,0,0,0,0,0,0,0,0,0,0,0.810727300650076,0.189272699349924,0,0,0,0,0
75-79,women,Metabolic,AHS_AB,0,0,0,0,0,0,0,0,0,0,0,0,0.933734347862831,0.0662656521371693,0,0,0,0,0
65-69,women,Metabolic,AHS_AB,0,0,0,0,0,0,0,0,0,0,0,0,0.895912380349503,0.104087619650497,0,0,0,0,0
80-84,women,Metabolic,AHS_AB,0,0,0,0,0,0,0,0,0,0,0,0,0.956223978730342,0.0437760212696579,0,0,0,0,0
85-89,women,Metabolic,AHS_AB,0,0,0,0,0,0,0,0,0,0,0,0,0.782074585274244,0.217925414725756,0,0,0,0,0
90-94,women,Metabolic,AHS_AB,0,0,0,0,0,0,0,0,0,0,0,0,0.578168300287673,0.421831699712327,0,0,0,0,0
95-99,women,Metabolic,AHS_AB,0,0,0,0,0,0,0,0,0,0,0,0,0.821286608174592,0.178713391825408,0,0,0,0,0
100-104,women,Metabolic,AHS_AB,0,0,0,0,0,0,0,0,0,0,0,0,0.821286608174592,0.178713391825408,0,0,0,0,0
105-109,women,Metabolic,AHS_AB,0,0,0,0,0,0,0,0,0,0,0,0,0.821286608174592,0.178713391825408,0,0,0,0,0
70-74,men,Unspecified,PS_PB,0,0,0,0,0,0,0,0,0,5.21903283758921e-52,2.95862604168474e-44,0.0646427876065507,0.918360569753868,0.0169966426395808,0,0,0,0,0
75-79,men,Unspecified,PS_PB,0,0,0,0,0,0,0,0,0,2.35804924262014e-52,7.85472367332965e-45,0.0328997372586566,0.941243709038312,0.0258565537030309,0,0,0,0,0
65-69,men,Unspecified,PS_PB,0,0,0,0,0,0,0,0,0,2.54125957889369e-73,1.54103514716494e-44,0.0765272081189948,0.909408635345007,0.0140641565359983,0,0,0,0,0
80-84,men,Unspecified,PS_PB,0,0,0,0,0,0,0,0,0,5.35460689654619e-53,3.46760161311056e-45,0.0182144723842333,0.938875395046614,0.0429101325691523,0,0,0,0,0
85-89,men,Unspecified,PS_PB,0,0,0,0,0,0,0,0,0,3.28843721864411e-52,2.516654782214e-44,0.101934523212577,0.823854685765505,0.0742107910219187,0,0,0,0,0
90-94,men,Unspecified,PS_PB,0,0,0,0,0,0,0,0,0,1.56558030478438e-52,2.03215771098628e-44,0.157561418690454,0.725066134737085,0.117372446572461,0,0,0,0,0
95-99,men,Unspecified,PS_PB,0,0,0,0,0,0,0,0,0,5.69806173161524e-87,6.8768235933469e-52,6.71376470373629e-16,0.824932612301518,0.175067387698482,0,0,0,0,0
100-104,men,Unspecified,PS_PB,0,0,0,0,0,0,0,0,0,5.69806173161524e-87,6.8768235933469e-52,6.71376470373629e-16,0.824932612301518,0.175067387698482,0,0,0,0,0
105-109,men,Unspecified,PS_PB,0,0,0,0,0,0,0,0,0,5.69806173161524e-87,6.8768235933469e-52,6.71376470373629e-16,0.824932612301518,0.175067387698482,0,0,0,0,0
70-74,women,Unspecified,PS_PB,0,0,0,0,0,0,0,0,0,8.3984815401142e-52,2.97002978560114e-44,0.0412406577931464,0.945123006580922,0.0136363356259315,0,0,0,0,0
75-79,women,Unspecified,PS_PB,0,0,0,0,0,0,0,0,0,3.74852516920415e-52,7.789300507175e-45,0.0207345567398898,0.958555775314056,0.0207096679460543,0,0,0,0,0
65-69,women,Unspecified,PS_PB,0,0,0,0,0,0,0,0,0,4.10829889859303e-73,1.5541235270888e-44,0.0490482637885241,0.939669371123784,0.0112823650876918,0,0,0,0,0
80-84,women,Unspecified,PS_PB,0,0,0,0,0,0,0,0,0,8.46454242176611e-53,3.4195194301622e-45,0.0114152979974573,0.953906488680732,0.0346782133218106,0,0,0,0,0
85-89,women,Unspecified,PS_PB,0,0,0,0,0,0,0,0,0,5.36925890411524e-52,2.56335303921715e-44,0.0659843361563357,0.873546364120997,0.0604692997226674,0,0,0,0,0
90-94,women,Unspecified,PS_PB,0,0,0,0,0,0,0,0,0,2.61331983337742e-52,2.11609232190994e-44,0.104270597607677,0.799224878943186,0.0965045234491369,0,0,0,0,0
95-99,women,Unspecified,PS_PB,0,0,0,0,0,0,0,0,0,8.94552395752848e-87,6.73482791931084e-52,4.17868384866192e-16,0.85425757421813,0.145742425781869,0,0,0,0,0
100-104,women,Unspecified,PS_PB,0,0,0,0,0,0,0,0,0,8.94552395752848e-87,6.73482791931084e-52,4.17868384866192e-16,0.85425757421813,0.145742425781869,0,0,0,0,0
105-109,women,Unspecified,PS_PB,0,0,0,0,0,0,0,0,0,8.94552395752848e-87,6.73482791931084e-52,4.17868384866192e-16,0.85425757421813,0.145742425781869,0,0,0,0,0
70-74,men,Complex,PS_PB,0,0,0,0,0,0,0,0,0,1.09467085720222e-51,7.84532508190016e-44,0.10848431988098,0.843109167984953,0.0484065121340669,0,0,0,0,0
75-79,men,Complex,PS_PB,0,0,0,0,0,0,0,0,0,5.06243091414275e-52,2.13188852590595e-44,0.0565134780788009,0.87087988274284,0.072606639178359,0,0,0,0,0
65-69,men,Complex,PS_PB,0,0,0,0,0,0,0,0,0,5.28464946752824e-73,4.05141789944577e-44,0.127331657980066,0.83210688365851,0.0405614583614242,0,0,0,0,0
80-84,men,Complex,PS_PB,0,0,0,0,0,0,0,0,0,1.16223285244528e-52,9.51529138355255e-45,0.031632645718404,0.852288470239271,0.116078884042326,0,0,0,0,0
85-89,men,Complex,PS_PB,0,0,0,0,0,0,0,0,0,6.71577101713854e-52,6.49766493690636e-44,0.166563941117946,0.643444752153807,0.189991306728248,0,0,0,0,0
90-94,men,Complex,PS_PB,0,0,0,0,0,0,0,0,0,3.0764675849257e-52,5.0484928470687e-44,0.247730936417103,0.471874253740508,0.28039480984239,0,0,0,0,0
95-99,men,Complex,PS_PB,0,0,0,0,0,0,0,0,0,1.25391815440245e-86,1.91318631400333e-51,1.18211988845442e-15,0.614136581149333,0.385863418850666,0,0,0,0,0
100-104,men,Complex,PS_PB,0,0,0,0,0,0,0,0,0,1.25391815440245e-86,1.91318631400333e-51,1.18211988845442e-15,0.614136581149333,0.385863418850666,0,0,0,0,0
105-109,men,Complex,PS_PB,0,0,0,0,0,0,0,0,0,1.25391815440245e-86,1.91318631400333e-51,1.18211988845442e-15,0.614136581149333,0.385863418850666,0,0,0,0,0
70-74,women,Complex,PS_PB,0,0,0,0,0,0,0,0,0,1.79195403609598e-51,8.01150743347009e-44,0.0704052499885261,0.890381387330641,0.0392133626808329,0,0,0,0,0
75-79,women,Complex,PS_PB,0,0,0,0,0,0,0,0,0,8.12092577207503e-52,2.13339321803489e-44,0.0359412545716427,0.905221354033586,0.058837391394771,0,0,0,0,0
65-69,women,Complex,PS_PB,0,0,0,0,0,0,0,0,0,8.71553894518458e-73,4.16816681168942e-44,0.0832547883300208,0.883968269645351,0.0327769420246279,0,0,0,0,0
80-84,women,Complex,PS_PB,0,0,0,0,0,0,0,0,0,1.84667452796396e-52,9.43146788271354e-45,0.0199263380381888,0.884486853067107,0.095586808894704,0,0,0,0,0
85-89,women,Complex,PS_PB,0,0,0,0,0,0,0,0,0,1.12508575182315e-51,6.79058271978447e-44,0.110628111293573,0.730131571683733,0.159240317022694,0,0,0,0,0
90-94,women,Complex,PS_PB,0,0,0,0,0,0,0,0,0,5.32823311585402e-52,5.45447060709768e-44,0.170100614667446,0.590429214317251,0.239470171015303,0,0,0,0,0
95-99,women,Complex,PS_PB,0,0,0,0,0,0,0,0,0,1.96855622478611e-86,1.87368200267036e-51,7.35757879974181e-16,0.663855412766925,0.336144587233074,0,0,0,0,0
100-104,women,Complex,PS_PB,0,0,0,0,0,0,0,0,0,1.96855622478611e-86,1.87368200267036e-51,7.35757879974181e-16,0.663855412766925,0.336144587233074,0,0,0,0,0
105-109,women,Complex,PS_PB,0,0,0,0,0,0,0,0,0,1.96855622478611e-86,1.87368200267036e-51,7.35757879974181e-16,0.663855412766925,0.336144587233074,0,0,0,0,0
70-74,men,Neuropsychiatric,PS_PB,0,0,0,0,0,0,0,0,0,1.10268330631764e-52,1.96253119747061e-44,0.0170246340261984,0.942955130869498,0.0400202351043033,0,0,0,0,0
75-79,men,Neuropsychiatric,PS_PB,0,0,0,0,0,0,0,0,0,4.86060326743752e-53,5.0831618609965e-45,0.00845330759269568,0.931417067027733,0.0601296253795716,0,0,0,0,0
65-69,men,Neuropsychiatric,PS_PB,0,0,0,0,0,0,0,0,0,5.41993056876697e-74,1.03186518999063e-44,0.0203449910010671,0.946169921101933,0.0334850878969999,0,0,0,0,0
80-84,men,Neuropsychiatric,PS_PB,0,0,0,0,0,0,0,0,0,1.09142046675124e-53,2.21901082158503e-45,0.00462783678952212,0.89840106655519,0.0969710966552878,0,0,0,0,0
85-89,men,Neuropsychiatric,PS_PB,0,0,0,0,0,0,0,0,0,7.1580729415462e-53,1.71987123921549e-44,0.0276582564165148,0.811337937520796,0.16100380606269,0,0,0,0,0
90-94,men,Neuropsychiatric,PS_PB,0,0,0,0,0,0,0,0,0,3.56894263794777e-53,1.45441167259519e-44,0.0447724684601882,0.713494986280017,0.241732545259795,0,0,0,0,0
95-99,men,Neuropsychiatric,PS_PB,0,0,0,0,0,0,0,0,0,1.14557304293309e-87,4.34059476819377e-52,1.68251401332381e-16,0.661436453365362,0.338563546634638,0,0,0,0,0
100-104,men,Neuropsychiatric,PS_PB,0,0,0,0,0,0,0,0,0,1.14557304293309e-87,4.34059476819377e-52,1.68251401332381e-16,0.661436453365362,0.338563546634638,0,0,0,0,0
105-109,men,Neuropsychiatric,PS_PB,0,0,0,0,0,0,0,0,0,1.14557304293309e-87,4.34059476819377e-52,1.68251401332381e-16,0.661436453365362,0.338563546634638,0,0,0,0,0
70-74,women,Neuropsychiatric,PS_PB,0,0,0,0,0,0,0,0,0,1.74232941034202e-52,1.93444338409194e-44,0.0106647828570512,0.95698181525474,0.0323534018882084,0,0,0,0,0
75-79,women,Neuropsychiatric,PS_PB,0,0,0,0,0,0,0,0,0,7.65521264950068e-53,4.99414342219769e-45,0.00527823256154202,0.946074560084761,0.0486472073536967,0,0,0,0,0
65-69,women,Neuropsychiatric,PS_PB,0,0,0,0,0,0,0,0,0,8.57475175800341e-74,1.01838215634128e-44,0.0127608645738125,0.960227780389673,0.0270113550365145,0,0,0,0,0
80-84,women,Neuropsychiatric,PS_PB,0,0,0,0,0,0,0,0,0,1.71644659991896e-53,2.1769958939909e-45,0.00288543305137831,0.917610541949493,0.0795040249991282,0,0,0,0,0
85-89,women,Neuropsychiatric,PS_PB,0,0,0,0,0,0,0,0,0,1.13562306230536e-52,1.70213501062195e-44,0.0173963304003756,0.848631434353112,0.133972235246512,0,0,0,0,0
90-94,women,Neuropsychiatric,PS_PB,0,0,0,0,0,0,0,0,0,5.69932055713944e-53,1.44887478595782e-44,0.0283458392993011,0.767172926210038,0.204481234490661,0,0,0,0,0
95-99,women,Neuropsychiatric,PS_PB,0,0,0,0,0,0,0,0,0,1.79846263226627e-87,4.25096826091745e-52,1.04720591841875e-16,0.707969616492463,0.292030383507537,0,0,0,0,0
100-104,women,Neuropsychiatric,PS_PB,0,0,0,0,0,0,0,0,0,1.79846263226627e-87,4.25096826091745e-52,1.04720591841875e-16,0.707969616492463,0.292030383507537,0,0,0,0,0
105-109,women,Neuropsychiatric,PS_PB,0,0,0,0,0,0,0,0,0,1.79846263226627e-87,4.25096826091745e-52,1.04720591841875e-16,0.707969616492463,0.292030383507537,0,0,0,0,0
70-74,men,Cardiovascular,PS_PB,0,0,0,0,0,0,0,0,0,3.30011120413547e-51,1.39011686519766e-68,0.230142429350539,0.743517887256691,0.0263396833927705,0,0,0,0,0
75-79,men,Cardiovascular,PS_PB,0,0,0,0,0,0,0,0,0,1.63292506540072e-51,4.04172711788906e-69,0.128275550346322,0.831838802659099,0.0398856469945789,0,0,0,0,0
65-69,men,Cardiovascular,PS_PB,0,0,0,0,0,0,0,0,0,1.55627056003308e-72,7.01247472425498e-69,0.263869998449797,0.714235676213644,0.0218943253365594,0,0,0,0,0
80-84,men,Cardiovascular,PS_PB,0,0,0,0,0,0,0,0,0,3.87875591881402e-52,1.8664516588575e-69,0.0742881469667784,0.86026299484977,0.0654488581834519,0,0,0,0,0
85-89,men,Cardiovascular,PS_PB,0,0,0,0,0,0,0,0,0,1.88676419636684e-51,1.07293746191775e-68,0.329296745827984,0.559452459922163,0.111250794249853,0,0,0,0,0
90-94,men,Cardiovascular,PS_PB,0,0,0,0,0,0,0,0,0,7.89225544000576e-52,7.61212453914931e-69,0.447212298291716,0.381020258438746,0.171767443269539,0,0,0,0,0
95-99,men,Cardiovascular,PS_PB,0,0,0,0,0,0,0,0,0,4.37756707876845e-86,3.92569210925566e-76,2.90408850483739e-15,0.750574284495899,0.249425715504098,0,0,0,0,0
100-104,men,Cardiovascular,PS_PB,0,0,0,0,0,0,0,0,0,4.37756707876845e-86,3.92569210925566e-76,2.90408850483739e-15,0.750574284495899,0.249425715504098,0,0,0,0,0
105-109,men,Cardiovascular,PS_PB,0,0,0,0,0,0,0,0,0,4.37756707876845e-86,3.92569210925566e-76,2.90408850483739e-15,0.750574284495899,0.249425715504098,0,0,0,0,0
70-74,women,Cardiovascular,PS_PB,0,0,0,0,0,0,0,0,0,5.67399715773155e-51,1.49098007001923e-68,0.156874370909765,0.82184254633271,0.0212830827575248,0,0,0,0,0
75-79,women,Cardiovascular,PS_PB,0,0,0,0,0,0,0,0,0,2.69405806833903e-51,4.15975422694888e-69,0.0839033590888423,0.883927122341946,0.0321695185692114,0,0,0,0,0
65-69,women,Cardiovascular,PS_PB,0,0,0,0,0,0,0,0,0,2.7135982475277e-72,7.62766732982249e-69,0.182408565268327,0.799945733925607,0.0176457008060663,0,0,0,0,0
80-84,women,Cardiovascular,PS_PB,0,0,0,0,0,0,0,0,0,6.2650929270824e-52,1.88066654296416e-69,0.0475717749890436,0.898996492154342,0.0534317328566149,0,0,0,0,0
85-89,women,Cardiovascular,PS_PB,0,0,0,0,0,0,0,0,0,3.38268120926814e-51,1.19999058938925e-68,0.234059163334049,0.674136400820981,0.0918044358449708,0,0,0,0,0
90-94,women,Cardiovascular,PS_PB,0,0,0,0,0,0,0,0,0,1.49076144725729e-51,8.96959618503971e-69,0.334900289243173,0.521660536669117,0.14343917408771,0,0,0,0,0
95-99,women,Cardiovascular,PS_PB,0,0,0,0,0,0,0,0,0,6.87244768892852e-86,3.8446326943173e-76,1.80752055899358e-15,0.788580390267638,0.21141960973236,0,0,0,0,0
100-104,women,Cardiovascular,PS_PB,0,0,0,0,0,0,0,0,0,6.87244768892852e-86,3.8446326943173e-76,1.80752055899358e-15,0.788580390267638,0.21141960973236,0,0,0,0,0
105-109,women,Cardiovascular,PS_PB,0,0,0,0,0,0,0,0,0,6.87244768892852e-86,3.8446326943173e-76,1.80752055899358e-15,0.788580390267638,0.21141960973236,0,0,0,0,0
70-74,men,Eye,PS_PB,0,0,0,0,0,0,0,0,0,3.48633252222876e-52,2.54725314854174e-44,0.112047415297437,0.867058424656577,0.0208941600459864,0,0,0,0,0
75-79,men,Eye,PS_PB,0,0,0,0,0,0,0,0,0,1.61538737019119e-52,6.93518384904616e-45,0.0584815979912453,0.909786403811377,0.0317319981973779,0,0,0,0,0
65-69,men,Eye,PS_PB,0,0,0,0,0,0,0,0,0,1.68189928837312e-73,1.31451866316854e-44,0.131422527816612,0.851277996942554,0.017299475240834,0,0,0,0,0
80-84,men,Eye,PS_PB,0,0,0,0,0,0,0,0,0,3.71201529709337e-53,3.09823684856111e-45,0.0327643644709648,0.914851492850129,0.0523841426789065,0,0,0,0,0
85-89,men,Eye,PS_PB,0,0,0,0,0,0,0,0,0,2.13428719427999e-52,2.10518469537668e-44,0.171667304561066,0.738514320840174,0.0898183745987604,0,0,0,0,0
90-94,men,Eye,PS_PB,0,0,0,0,0,0,0,0,0,9.74799651375927e-53,1.63079991371135e-44,0.254561597116092,0.604895762934379,0.140542639949529,0,0,0,0,0
95-99,men,Eye,PS_PB,0,0,0,0,0,0,0,0,0,4.00953170022359e-87,6.23674000325444e-52,1.22584513131133e-15,0.793011529672372,0.206988470327627,0,0,0,0,0
100-104,men,Eye,PS_PB,0,0,0,0,0,0,0,0,0,4.00953170022359e-87,6.23674000325444e-52,1.22584513131133e-15,0.793011529672372,0.206988470327627,0,0,0,0,0
105-109,men,Eye,PS_PB,0,0,0,0,0,0,0,0,0,4.00953170022359e-87,6.23674000325444e-52,1.22584513131133e-15,0.793011529672372,0.206988470327627,0,0,0,0,0
70-74,women,Eye,PS_PB,0,0,0,0,0,0,0,0,0,5.71507328455276e-52,2.60486422272243e-44,0.0728198204872546,0.910389136894789,0.0167910426179565,0,0,0,0,0
75-79,women,Eye,PS_PB,0,0,0,0,0,0,0,0,0,2.59330157338053e-52,6.94535270942855e-45,0.0372211970684321,0.937339056240392,0.025439746691176,0,0,0,0,0
65-69,women,Eye,PS_PB,0,0,0,0,0,0,0,0,0,2.77832697268098e-73,1.3545970062571e-44,0.0860692362939985,0.900038356081076,0.013892407624926,0,0,0,0,0
80-84,women,Eye,PS_PB,0,0,0,0,0,0,0,0,0,5.90058186670774e-53,3.07227215351573e-45,0.0206481713797732,0.936900234670275,0.0424515939499516,0,0,0,0,0
85-89,women,Eye,PS_PB,0,0,0,0,0,0,0,0,0,3.5829155903633e-52,2.20462084198275e-44,0.114252594509412,0.812253964699339,0.0734934407912484,0,0,0,0,0
90-94,women,Eye,PS_PB,0,0,0,0,0,0,0,0,0,1.69310438465331e-52,1.76696942880823e-44,0.175289547962657,0.708533959326245,0.116176492711098,0,0,0,0,0
95-99,women,Eye,PS_PB,0,0,0,0,0,0,0,0,0,6.29466010938629e-87,6.10796105632797e-52,7.6297271012802e-16,0.826516608744931,0.173483391255068,0,0,0,0,0
100-104,women,Eye,PS_PB,0,0,0,0,0,0,0,0,0,6.29466010938629e-87,6.10796105632797e-52,7.6297271012802e-16,0.826516608744931,0.173483391255068,0,0,0,0,0
105-109,women,Eye,PS_PB,0,0,0,0,0,0,0,0,0,6.29466010938629e-87,6.10796105632797e-52,7.6297271012802e-16,0.826516608744931,0.173483391255068,0,0,0,0,0
70-74,men,MSK,PS_PB,0,0,0,0,0,0,0,0,0,4.3477947443949e-52,2.25782215492994e-44,0.0823922274743828,0.903848677244191,0.0137590952814261,0,0,0,0,0
75-79,men,MSK,PS_PB,0,0,0,0,0,0,0,0,0,1.98288589858374e-52,6.05057176323697e-45,0.0423276782955701,0.936699595701442,0.0209727260029878,0,0,0,0,0
65-69,men,MSK,PS_PB,0,0,0,0,0,0,0,0,0,2.10967492509838e-73,1.17192469859813e-44,0.0972007343324152,0.891398802656327,0.0114004630112583,0,0,0,0,0
80-84,men,MSK,PS_PB,0,0,0,0,0,0,0,0,0,4.52237305298821e-53,2.6828021073619e-45,0.0235365362994767,0.941578029300301,0.0348854344002221,0,0,0,0,0
85-89,men,MSK,PS_PB,0,0,0,0,0,0,0,0,0,2.70981798972691e-52,1.89974304649542e-44,0.128516540551243,0.810686061671467,0.0607973977772894,0,0,0,0,0
90-94,men,MSK,PS_PB,0,0,0,0,0,0,0,0,0,1.2696001553901e-52,1.50962708120799e-44,0.1954918534874,0.707473316058588,0.0970348304540121,0,0,0,0,0
95-99,men,MSK,PS_PB,0,0,0,0,0,0,0,0,0,4.83867630195937e-87,5.34943548578598e-52,8.7227354318172e-16,0.853438850305482,0.146561149694517,0,0,0,0,0
100-104,men,MSK,PS_PB,0,0,0,0,0,0,0,0,0,4.83867630195937e-87,5.34943548578598e-52,8.7227354318172e-16,0.853438850305482,0.146561149694517,0,0,0,0,0
105-109,men,MSK,PS_PB,0,0,0,0,0,0,0,0,0,4.83867630195937e-87,5.34943548578598e-52,8.7227354318172e-16,0.853438850305482,0.146561149694517,0,0,0,0,0
70-74,women,MSK,PS_PB,0,0,0,0,0,0,0,0,0,7.04487961248739e-52,2.28220293539787e-44,0.0529280083096531,0.936033440447225,0.0110385512431213,0,0,0,0,0
75-79,women,MSK,PS_PB,0,0,0,0,0,0,0,0,0,3.16354213813514e-52,6.0218828466551e-45,0.0267728812601937,0.956432129434828,0.0167949893049781,0,0,0,0,0
65-69,women,MSK,PS_PB,0,0,0,0,0,0,0,0,0,3.43822050206242e-73,1.19145564289367e-44,0.0628033044892785,0.928052602058933,0.00914409345178834,0,0,0,0,0
80-84,women,MSK,PS_PB,0,0,0,0,0,0,0,0,0,7.16344552179481e-53,2.65096627742e-45,0.0147806282385072,0.957055779752507,0.0281635920089859,0,0,0,0,0
85-89,women,MSK,PS_PB,0,0,0,0,0,0,0,0,0,4.47118203222424e-52,1.95540661454685e-44,0.0840690270201325,0.866516648728332,0.049414324251536,0,0,0,0,0
90-94,women,MSK,PS_PB,0,0,0,0,0,0,0,0,0,2.15203154561773e-52,1.59628830152788e-44,0.131372690793967,0.789158066573342,0.0794692426326918,0,0,0,0,0
95-99,women,MSK,PS_PB,0,0,0,0,0,0,0,0,0,7.59635413244864e-87,5.23897799226361e-52,5.42907821073935e-16,0.878623744279343,0.121376255720657,0,0,0,0,0
100-104,women,MSK,PS_PB,0,0,0,0,0,0,0,0,0,7.59635413244864e-87,5.23897799226361e-52,5.42907821073935e-16,0.878623744279343,0.121376255720657,0,0,0,0,0
105-109,women,MSK,PS_PB,0,0,0,0,0,0,0,0,0,7.59635413244864e-87,5.23897799226361e-52,5.42907821073935e-16,0.878623744279343,0.121376255720657,0,0,0,0,0
70-74,men,Metabolic,PS_PB,0,0,0,0,0,0,0,0,0,1.30015903634065e-52,6.48500257787037e-45,0.0423578598337339,0.93609706043836,0.0215450797279059,0,0,0,0,0
75-79,men,Metabolic,PS_PB,0,0,0,0,0,0,0,0,0,5.80641191191297e-53,1.70176470138664e-45,0.0213085984060655,0.94601119022474,0.0326802113691942,0,0,0,0,0
65-69,men,Metabolic,PS_PB,0,0,0,0,0,0,0,0,0,6.35860640416497e-74,3.39265022091845e-45,0.0503658615415724,0.931742986029366,0.0178911524290619,0,0,0,0,0
80-84,men,Metabolic,PS_PB,0,0,0,0,0,0,0,0,0,1.31149106062299e-53,7.47275194265373e-46,0.0117344251878766,0.934390931418307,0.053874643393816,0,0,0,0,0
85-89,men,Metabolic,PS_PB,0,0,0,0,0,0,0,0,0,8.30627926859493e-53,5.5931214251639e-45,0.0677244914819114,0.83985975848748,0.0924157500306088,0,0,0,0,0
90-94,men,Metabolic,PS_PB,0,0,0,0,0,0,0,0,0,4.03845750367908e-53,4.61223264777741e-45,0.106904880834166,0.748657776336002,0.144437342829833,0,0,0,0,0
95-99,men,Metabolic,PS_PB,0,0,0,0,0,0,0,0,0,1.38646161428487e-87,1.47225220053037e-52,4.29689063284236e-16,0.78725145765087,0.21274854234913,0,0,0,0,0
100-104,men,Metabolic,PS_PB,0,0,0,0,0,0,0,0,0,1.38646161428487e-87,1.47225220053037e-52,4.29689063284236e-16,0.78725145765087,0.21274854234913,0,0,0,0,0
105-109,men,Metabolic,PS_PB,0,0,0,0,0,0,0,0,0,1.38646161428487e-87,1.47225220053037e-52,4.29689063284236e-16,0.78725145765087,0.21274854234913,0,0,0,0,0
70-74,women,Metabolic,PS_PB,0,0,0,0,0,0,0,0,0,2.0743278960918e-52,6.45432854893022e-45,0.0267922818230198,0.955858914049518,0.0173488041274622,0,0,0,0,0
75-79,women,Metabolic,PS_PB,0,0,0,0,0,0,0,0,0,9.18956484096281e-53,1.68014437529941e-45,0.0133701646014394,0.960347433305302,0.0262824020932585,0,0,0,0,0
65-69,women,Metabolic,PS_PB,0,0,0,0,0,0,0,0,0,1.01760558508569e-73,3.38701103824996e-45,0.0319557173267891,0.953660935240055,0.0143833474331556,0,0,0,0,0
80-84,women,Metabolic,PS_PB,0,0,0,0,0,0,0,0,0,2.06810478497353e-53,7.35102259213378e-46,0.00733607546189174,0.94888790326845,0.0437760212696579,0,0,0,0,0
85-89,women,Metabolic,PS_PB,0,0,0,0,0,0,0,0,0,1.33824486073723e-52,5.62138447740494e-45,0.0432583124509481,0.8809380349606,0.0758036525884523,0,0,0,0,0
90-94,women,Metabolic,PS_PB,0,0,0,0,0,0,0,0,0,6.60676470283835e-53,4.70700343139236e-45,0.0693370916523652,0.810948323041512,0.119714585306122,0,0,0,0,0
95-99,women,Metabolic,PS_PB,0,0,0,0,0,0,0,0,0,2.1766393856289e-87,1.44185249044215e-52,2.67440821644118e-16,0.821286608174592,0.178713391825408,0,0,0,0,0
100-104,women,Metabolic,PS_PB,0,0,0,0,0,0,0,0,0,2.1766393856289e-87,1.44185249044215e-52,2.67440821644118e-16,0.821286608174592,0.178713391825408,0,0,0,0,0
105-109,women,Metabolic,PS_PB,0,0,0,0,0,0,0,0,0,2.1766393856289e-87,1.44185249044215e-52,2.67440821644118e-16,0.821286608174592,0.178713391825408,0,0,0,0,0
70-74,men,Unspecified,AB,0,0,0,0,0.93387620448062,0,0,0,0,0.00400199159271679,0.0113295048013774,0,0,0.0441602911600374,0.00394825016863442,0.00074901668802892,0.00129021643962343,0,0.000644524668961879
75-79,men,Unspecified,AB,0,0,0,0,0.927069995369354,0,0,0,0,0.00618059937680671,0.0102811890409009,0,0,0.0474427084573034,0.00667699661258321,0.000680356762868483,0.00118373867266262,0,0.00048441570752062
65-69,men,Unspecified,AB,0,0,0,0,0.940176197685248,0,0,0,0,3.91684735620594e-24,0.011861370508394,0,0,0.0436114342626849,0.00282080822711651,0.000542266774126221,0.000987922483582446,0,5.88481371620356e-11
80-84,men,Unspecified,AB,0,0,0,0,0.884379639476811,0,0,0,0,0.006428342925865,0.0207890837835916,0,0,0.074832856249903,0.0091820876179969,0.00106837286390345,0.00226862691768547,0,0.00105099016424407
85-89,men,Unspecified,AB,0,0,0,0,0.839320843502363,0,0,0,0,0.0056953543995065,0.0217665477802389,0,0,0.114302049244458,0.0131924941864368,0.00137004065914943,0.00307089941776491,0,0.00128177081008297
90-94,men,Unspecified,AB,0,0,0,0,0.816386627056699,0,0,0,0,0.00145474080752455,0.00942979804210825,0,0,0.150622053725679,0.0166047121230848,0.00115879410809558,0.00308946432149091,0,0.00125380981531772
95-99,men,Unspecified,AB,0,0,0,0,0.787874922242742,0,0,0,0,2.91114673418705e-30,0.0175452491513142,0,0,0.178069864396114,0.0129770521814017,0.000388234084611551,0.00314467794381591,0,5.50712538351173e-17
100-104,men,Unspecified,AB,0,0,0,0,0.787874922242742,0,0,0,0,2.91114673418705e-30,0.0175452491513142,0,0,0.178069864396114,0.0129770521814017,0.000388234084611551,0.00314467794381591,0,5.50712538351173e-17
105-109,men,Unspecified,AB,0,0,0,0,0.787874922242742,0,0,0,0,2.91114673418705e-30,0.0175452491513142,0,0,0.178069864396114,0.0129770521814017,0.000388234084611551,0.00314467794381591,0,5.50712538351173e-17
70-74,women,Unspecified,AB,0,0,0,0,0.931496893961273,0,0,0,0,0.00617549637040637,0.0109060281234846,0,0,0.0472694779166844,0.00129862344156029,0.000654446477725238,0.0018650668674071,0,0.000333966841459033
75-79,women,Unspecified,AB,0,0,0,0,0.925005888737749,0,0,0,0,0.00954039076310413,0.00990008448381274,0,0,0.0507993578707649,0.00219684594088649,0.000594646979923003,0.0017116995739666,0,0.00025108564979349
65-69,women,Unspecified,AB,0,0,0,0,0.938991655983428,0,0,0,0,6.05191368534969e-24,0.0114327560572393,0,0,0.0467422513758908,0.000928993160547293,0.000474412381946593,0.00142993101041633,0,3.05321160220783e-11
80-84,women,Unspecified,AB,0,0,0,0,0.882181808365195,0,0,0,0,0.00992023582093829,0.0200132811193021,0,0,0.0801066296894942,0.00302028043186337,0.000933539611037929,0.00327960981356552,0,0.000544615148603392
85-89,women,Unspecified,AB,0,0,0,0,0.837255172447262,0,0,0,0,0.00878929784621115,0.0209547734191956,0,0,0.122360325436153,0.00433953520756446,0.00119716448915511,0.00443951121132946,0,0.000664219943129657
90-94,women,Unspecified,AB,0,0,0,0,0.815574647809193,0,0,0,0,0.00224831446212355,0.00909146373374363,0,0,0.161477930922458,0.00546997900899978,0.00101406233647036,0.00447291611503574,0,0.000650685611975174
95-99,women,Unspecified,AB,0,0,0,0,0.783894121498012,0,0,0,0,4.48092653777181e-30,0.0168470263094673,0,0,0.190128549202771,0.00425757841354267,0.000338364140563976,0.00453436043564353,0,2.84640568363785e-17
100-104,women,Unspecified,AB,0,0,0,0,0.783894121498012,0,0,0,0,4.48092653777181e-30,0.0168470263094673,0,0,0.190128549202771,0.00425757841354267,0.000338364140563976,0.00453436043564353,0,2.84640568363785e-17
105-109,women,Unspecified,AB,0,0,0,0,0.783894121498012,0,0,0,0,4.48092653777181e-30,0.0168470263094673,0,0,0.190128549202771,0.00425757841354267,0.000338364140563976,0.00453436043564353,0,2.84640568363785e-17
70-74,men,Complex,AB,0,0,0,0,0.864361125088506,0,0,0,0,0.00371500534056624,0.0132960163268929,0,0,0.101384920031268,0.0128973226673015,0.000968385854164684,0.00280121019104476,0,0.000576014500255633
75-79,men,Complex,AB,0,0,0,0,0.849163089351164,0,0,0,0,0.00567788419774459,0.011940613002827,0,0,0.107791266759408,0.0215848345949277,0.000870495069319824,0.00254338220914615,0,0.000428434815463278
65-69,men,Complex,AB,0,0,0,0,0.873425931327116,0,0,0,0,3.64947867670748e-24,0.0139719298659278,0,0,0.100496912064895,0.00924867199226179,0.00070368914395901,0.00215286555305239,0,5.2788279149047e-11
80-84,men,Complex,AB,0,0,0,0,0.773706340998316,0,0,0,0,0.00564045074492191,0.0230609644101562,0,0,0.16239223564053,0.0283509645745115,0.00130560347002137,0.0046556219945852,0,0.000887818166958344
85-89,men,Complex,AB,0,0,0,0,0.691897519682031,0,0,0,0,0.00470881765341894,0.0227513941956026,0,0,0.233723994561427,0.0383821822141292,0.00157760490454009,0.0059382238817336,0,0.00102026290711743
90-94,men,Complex,AB,0,0,0,0,0.641764715692257,0,0,0,0,0.00114694588944488,0.00939911667470796,0,0,0.293700061118955,0.0460680988921887,0.00127243984039833,0.00569692297678011,0,0.000951698915268281
95-99,men,Complex,AB,0,0,0,0,0.597096391531013,0,0,0,0,2.23641109519492e-30,0.017040189618321,0,0,0.344716569827044,0.0350812633655799,0.000415388888891271,0.00565019676915093,0,4.07308156976012e-17
100-104,men,Complex,AB,0,0,0,0,0.597096391531013,0,0,0,0,2.23641109519492e-30,0.017040189618321,0,0,0.344716569827044,0.0350812633655799,0.000415388888891271,0.00565019676915093,0,4.07308156976012e-17
105-109,men,Complex,AB,0,0,0,0,0.597096391531013,0,0,0,0,2.23641109519492e-30,0.017040189618321,0,0,0.344716569827044,0.0350812633655799,0.000415388888891271,0.00565019676915093,0,4.07308156976012e-17
70-74,women,Complex,AB,0,0,0,0,0.863324711124008,0,0,0,0,0.00574039775085988,0.0128163414577481,0,0,0.10866985429284,0.00424780904216083,0.00084726237718132,0.0040547527566081,0,0.000298871198593319
75-79,women,Complex,AB,0,0,0,0,0.851774108320818,0,0,0,0,0.00881096455526419,0.0115590870162015,0,0,0.116030904532739,0.00713951195419822,0.00076487449755969,0.00369729998837873,0,0.000223249134840927
65-69,women,Complex,AB,0,0,0,0,0.872079865565377,0,0,0,0,5.63721509058663e-24,0.0134632577076997,0,0,0.107681146651274,0.0030450612262703,0.000615462460004065,0.0031152063619943,0,2.73803746168536e-11
80-84,women,Complex,AB,0,0,0,0,0.776300280993487,0,0,0,0,0.00875529927119508,0.0223303040590027,0,0,0.1748540209702,0.00938010933275883,0.00114750720772428,0.00676972508579425,0,0.000462753079837764
85-89,women,Complex,AB,0,0,0,0,0.695281853659603,0,0,0,0,0.00732039627355112,0.0220643287721749,0,0,0.252045644609971,0.0127184813604803,0.00138869831336853,0.00864799485279068,0,0.000532602158060592
90-94,women,Complex,AB,0,0,0,0,0.646387813759437,0,0,0,0,0.0017871617091393,0.00913624945389031,0,0,0.317452050876496,0.0153004459386559,0.00112265191647994,0.00831567306086731,0,0.000497953285034776
95-99,women,Complex,AB,0,0,0,0,0.601606892874708,0,0,0,0,3.44905860471091e-30,0.0163939401526088,0,0,0.361941388718803,0.0115320638214914,0.000362736078048337,0.00816297835434125,0,2.10930872456945e-17
100-104,women,Complex,AB,0,0,0,0,0.601606892874708,0,0,0,0,3.44905860471091e-30,0.0163939401526088,0,0,0.361941388718803,0.0115320638214914,0.000362736078048337,0.00816297835434125,0,2.10930872456945e-17
105-109,women,Complex,AB,0,0,0,0,0.601606892874708,0,0,0,0,3.44905860471091e-30,0.0163939401526088,0,0,0.361941388718803,0.0115320638214914,0.000362736078048337,0.00816297835434125,0,2.10930872456945e-17
70-74,men,Neuropsychiatric,AB,0,0,0,0,0.841905030184765,0,0,0,0,0.00307726374098644,0.0273504955050757,0,0,0.112828595656303,0.00983042786188428,0.00137244408253408,0.00299148104102702,0,0.000644261927423825
75-79,men,Neuropsychiatric,AB,0,0,0,0,0.82941874077776,0,0,0,0,0.00471635693706413,0.0246311755507524,0,0,0.120294079410725,0.016498195204288,0.0012371643450966,0.0027237487481057,0,0.000480539026207994
65-69,men,Neuropsychiatric,AB,0,0,0,0,0.849323292868396,0,0,0,0,3.01797183684415e-24,0.0286932096156015,0,0,0.111654855089834,0.00703770903731627,0.000995648739645126,0.00229528459026284,0,5.89448179762943e-11
80-84,men,Neuropsychiatric,AB,0,0,0,0,0.741838701368813,0,0,0,0,0.00459922377262825,0.0466967415198494,0,0,0.177900239422757,0.021271893344014,0.0018214739731335,0.0048942226264821,0,0.0009775039723233
85-89,men,Neuropsychiatric,AB,0,0,0,0,0.658318483613927,0,0,0,0,0.00381016292808449,0.0457170365766643,0,0,0.254082946368076,0.0285778080732882,0.00218409169262279,0.0061947462485171,0,0.00111472449881958
90-94,men,Neuropsychiatric,AB,0,0,0,0,0.61507076605594,0,0,0,0,0.000934823407057456,0.0190244483068506,0,0,0.321611247244372,0.0345505143852103,0.00177445443730996,0.0059863523668591,0,0.00104739379640085
95-99,men,Neuropsychiatric,AB,0,0,0,0,0.56917482881464,0,0,0,0,1.79377206991889e-30,0.0339412962435636,0,0,0.364579542839693,0.0258915721897308,0.00057004801783704,0.00584271189453534,0,4.41125842672197e-17
100-104,men,Neuropsychiatric,AB,0,0,0,0,0.56917482881464,0,0,0,0,1.79377206991889e-30,0.0339412962435636,0,0,0.364579542839693,0.0258915721897308,0.00057004801783704,0.00584271189453534,0,4.41125842672197e-17
105-109,men,Neuropsychiatric,AB,0,0,0,0,0.56917482881464,0,0,0,0,1.79377206991889e-30,0.0339412962435636,0,0,0.364579542839693,0.0258915721897308,0.00057004801783704,0.00584271189453534,0,4.41125842672197e-17
70-74,women,Neuropsychiatric,AB,0,0,0,0,0.839172687993102,0,0,0,0,0.00474522219769916,0.0263097680371474,0,0,0.120688029063918,0.00323107568374037,0.0011983217297575,0.00432129808673793,0,0.00033359720789757
75-79,women,Neuropsychiatric,AB,0,0,0,0,0.829170190176231,0,0,0,0,0.00729424084264925,0.0237639461518107,0,0,0.129053820238204,0.00543867049866991,0.00108339735411603,0.00394617748141239,0,0.000249557256906763
65-69,women,Neuropsychiatric,AB,0,0,0,0,0.846483155068728,0,0,0,0,4.65333228003733e-24,0.0275986602525033,0,0,0.119420716748282,0.0023129330765263,0.000869244542806141,0.00331529028063574,0,3.05184603194587e-11
80-84,women,Neuropsychiatric,AB,0,0,0,0,0.740991926149217,0,0,0,0,0.00710709510641017,0.0450146782257177,0,0,0.190694118249277,0.00700642714072914,0.00159374009508712,0.00708479754014347,0,0.000507217493418959
85-89,women,Neuropsychiatric,AB,0,0,0,0,0.657074020460121,0,0,0,0,0.00588335957078863,0.0440372207774662,0,0,0.272151379581756,0.00940575444573905,0.0019095878976097,0.00896069103044329,0,0.000577986236075239
90-94,women,Neuropsychiatric,AB,0,0,0,0,0.613733736612869,0,0,0,0,0.00144307228728245,0.0183202150164278,0,0,0.344383959806786,0.0113683098641123,0.00155099466088851,0.00865679078759794,0,0.000542920964035633
95-99,women,Neuropsychiatric,AB,0,0,0,0,0.563159850467667,0,0,0,0,2.74572383769681e-30,0.0324099236247123,0,0,0.387110606964898,0.00844755242764848,0.000494069424604613,0.00837799709046984,0,2.26735855285086e-17
100-104,women,Neuropsychiatric,AB,0,0,0,0,0.563159850467667,0,0,0,0,2.74572383769681e-30,0.0324099236247123,0,0,0.387110606964898,0.00844755242764848,0.000494069424604613,0.00837799709046984,0,2.26735855285086e-17
105-109,women,Neuropsychiatric,AB,0,0,0,0,0.563159850467667,0,0,0,0,2.74572383769681e-30,0.0324099236247123,0,0,0.387110606964898,0.00844755242764848,0.000494069424604613,0.00837799709046984,0,2.26735855285086e-17
70-74,men,Cardiovascular,AB,0,0,0,0,0.925231360038822,0,0,0,0,0.00166749180216324,3.50768959837333e-28,0,0,0.0635342531897732,0.00648511601728774,0.000889114364098958,0.00219266458785456,0,2.13228218335139e-29
75-79,men,Cardiovascular,AB,0,0,0,0,0.915643606341522,0,0,0,0,0.00256726698761784,3.17326600145768e-28,0,0,0.0680453391033153,0.0109331964128884,0.000805110973027981,0.00200548018162893,0,1.59763018595966e-29
65-69,men,Cardiovascular,AB,0,0,0,0,0.930381213797384,0,0,0,0,1.63010217973109e-24,3.66805420396256e-28,0,0,0.062671056580162,0.00462782890798611,0.000642939004485795,0.00167696170998187,0,1.94459201944309e-36
80-84,men,Cardiovascular,AB,0,0,0,0,0.870326643160868,0,0,0,0,0.0026605356360742,6.39334418011988e-28,0,0,0.106942622875799,0.0149808697546375,0.00125971264734275,0.00382961592527897,0,3.45371338399854e-29
85-89,men,Cardiovascular,AB,0,0,0,0,0.809778695284827,0,0,0,0,0.00231092362526658,6.56261738834507e-28,0,0,0.160142764441558,0.0211016930834683,0.0015837144964914,0.00508220906838924,0,4.12945572464254e-29
90-94,men,Cardiovascular,AB,0,0,0,0,0.763019224922715,0,0,0,0,0.000571809966420041,2.75417278287017e-28,0,0,0.204429294423359,0.0257290055997965,0.00129763029026086,0.00495303479744888,0,3.91304968712188e-29
95-99,men,Cardiovascular,AB,0,0,0,0,0.73370215305091,0,0,0,0,1.14012669181422e-30,5.1058875783354e-28,0,0,0.240806336479421,0.0200350587207353,0.000433172896594073,0.0050232788523394,0,1.71250394007594e-42
100-104,men,Cardiovascular,AB,0,0,0,0,0.73370215305091,0,0,0,0,1.14012669181422e-30,5.1058875783354e-28,0,0,0.240806336479421,0.0200350587207353,0.000433172896594073,0.0050232788523394,0,1.71250394007594e-42
105-109,men,Cardiovascular,AB,0,0,0,0,0.73370215305091,0,0,0,0,1.14012669181422e-30,5.1058875783354e-28,0,0,0.240806336479421,0.0200350587207353,0.000433172896594073,0.0050232788523394,0,1.71250394007594e-42
70-74,women,Cardiovascular,AB,0,0,0,0,0.923304177700004,0,0,0,0,0.00257431543712002,3.37815206427698e-28,0,0,0.0680391941955513,0.00213402095700377,0.000777217591781538,0.0031710741185394,0,1.1053780528297e-29
75-79,women,Cardiovascular,AB,0,0,0,0,0.915776906905334,0,0,0,0,0.00397226171122604,3.06290328169103e-28,0,0,0.0730328719486813,0.00360576023300096,0.000705357852526858,0.00290684134923086,0,8.30063240159932e-30
65-69,women,Cardiovascular,AB,0,0,0,0,0.928379962220848,0,0,0,0,2.51642071232307e-24,3.53235346172783e-28,0,0,0.0671102131540265,0.001522749951162,0.000561985536306849,0.00242508913765686,0,1.00801043489961e-36
80-84,women,Cardiovascular,AB,0,0,0,0,0.869630427795182,0,0,0,0,0.00411268195863522,6.16515666617561e-28,0,0,0.114672704605593,0.00493600908648176,0.00110259108635357,0.0055455854677547,0,1.79271166775406e-29
85-89,women,Cardiovascular,AB,0,0,0,0,0.809033982184694,0,0,0,0,0.00357182034839788,6.32763014052648e-28,0,0,0.171697714554815,0.00695191083607155,0.00138601473873735,0.0073585573372841,0,2.14321102386185e-29
90-94,women,Cardiovascular,AB,0,0,0,0,0.762954922356052,0,0,0,0,0.000884542525024483,2.65777471210715e-28,0,0,0.219362963400065,0.00848345722187631,0.0011365928315995,0.00717752166538325,0,2.03259318200086e-29
95-99,women,Cardiovascular,AB,0,0,0,0,0.729045550027345,0,0,0,0,1.75263540414429e-30,4.89631897002483e-28,0,0,0.256779031477746,0.00656465585393415,0.000377039355518527,0.00723372328545697,0,8.8397127459835e-43
100-104,women,Cardiovascular,AB,0,0,0,0,0.729045550027345,0,0,0,0,1.75263540414429e-30,4.89631897002483e-28,0,0,0.256779031477746,0.00656465585393415,0.000377039355518527,0.00723372328545697,0,8.8397127459835e-43
105-109,women,Cardiovascular,AB,0,0,0,0,0.729045550027345,0,0,0,0,1.75263540414429e-30,4.89631897002483e-28,0,0,0.256779031477746,0.00656465585393415,0.000377039355518527,0.00723372328545697,0,8.8397127459835e-43
70-74,men,Eye,AB,0,0,0,0,0.928440500482049,0,0,0,0,0.00312215243223135,0.0113917937365374,0,0,0.0485957734611792,0.0056038168114487,0.000824972072766281,0.00156507939470492,0,0.000455911609083536
75-79,men,Eye,AB,0,0,0,0,0.920710854020636,0,0,0,0,0.00481675431030769,0.010326912561857,0,0,0.0521533266282053,0.0094668695608297,0.000748566571950713,0.00143441761161487,0,0.000342298734598363
65-69,men,Eye,AB,0,0,0,0,0.934310050894472,0,0,0,0,3.05443986351583e-24,0.0119215591636015,0,0,0.0479715710564468,0.00400193315387216,0.000597004699037169,0.00119788099096116,0,4.16093400481689e-11
80-84,men,Eye,AB,0,0,0,0,0.874680242133547,0,0,0,0,0.00498910657032378,0.0207951639218892,0,0,0.0819227846536721,0.012964820650154,0.00117062128160775,0.0027376800848186,0,0.000739580703987944
85-89,men,Eye,AB,0,0,0,0,0.825019848191471,0,0,0,0,0.00439309207188875,0.021639257782134,0,0,0.12436329161688,0.0185130425639057,0.00149194505760844,0.00368307884033172,0,0.000896443875780647
90-94,men,Eye,AB,0,0,0,0,0.797691042509968,0,0,0,0,0.00111541792157086,0.00931874960466481,0,0,0.162903044649214,0.0231624600636695,0.0012543770429704,0.00368324876858181,0,0.000871659439361471
95-99,men,Eye,AB,0,0,0,0,0.768271781512172,0,0,0,0,2.22758797209205e-30,0.0173034842533705,0,0,0.192198430050474,0.0180654238464116,0.000419405625540911,0.00374147471203147,0,3.82084049585334e-17
100-104,men,Eye,AB,0,0,0,0,0.768271781512172,0,0,0,0,2.22758797209205e-30,0.0173034842533705,0,0,0.192198430050474,0.0180654238464116,0.000419405625540911,0.00374147471203147,0,3.82084049585334e-17
105-109,men,Eye,AB,0,0,0,0,0.768271781512172,0,0,0,0,2.22758797209205e-30,0.0173034842533705,0,0,0.192198430050474,0.0180654238464116,0.000419405625540911,0.00374147471203147,0,3.82084049585334e-17
70-74,women,Eye,AB,0,0,0,0,0.927058939336136,0,0,0,0,0.00482293011575959,0.0109776395291404,0,0,0.0520725138057501,0.00184511599096799,0.000721577620404005,0.00226479749968387,0,0.000236486102158253
75-79,women,Eye,AB,0,0,0,0,0.92059040159842,0,0,0,0,0.00745077196030739,0.00996499908801587,0,0,0.0559605495563028,0.00312130384032047,0.000655638047194558,0.00207854065035,0,0.000177795259088557
65-69,women,Eye,AB,0,0,0,0,0.93349399815698,0,0,0,0,4.72123573441184e-24,0.0114952164044896,0,0,0.0514352940352269,0.00131848991814462,0.000522503011559098,0.0017344984520033,0,2.15964834087682e-11
80-84,women,Eye,AB,0,0,0,0,0.874649908988072,0,0,0,0,0.00771811627337909,0.0200683132243483,0,0,0.0879116478658986,0.0042750177871475,0.00102539664764355,0.00396741261302098,0,0.000384186600490323
85-89,women,Eye,AB,0,0,0,0,0.825536560650915,0,0,0,0,0.00680057786559206,0.0208967072861915,0,0,0.133542929518962,0.00610852264810488,0.00130772156089534,0.00534100106423891,0,0.000465979405100033
90-94,women,Eye,AB,0,0,0,0,0.799485655741673,0,0,0,0,0.00172948649949213,0.00901357729085795,0,0,0.175211229867256,0.00765503390041341,0.00110127199969447,0.00534991334165961,0,0.000453831358953504
95-99,women,Eye,AB,0,0,0,0,0.76599385357408,0,0,0,0,3.43596605343299e-30,0.0166497435605945,0,0,0.205644460215384,0.00593943360946271,0.000366298544988933,0.005406210495489,0,1.97897821825973e-17
100-104,women,Eye,AB,0,0,0,0,0.76599385357408,0,0,0,0,3.43596605343299e-30,0.0166497435605945,0,0,0.205644460215384,0.00593943360946271,0.000366298544988933,0.005406210495489,0,1.97897821825973e-17
105-109,women,Eye,AB,0,0,0,0,0.76599385357408,0,0,0,0,3.43596605343299e-30,0.0166497435605945,0,0,0.205644460215384,0.00593943360946271,0.000366298544988933,0.005406210495489,0,1.97897821825973e-17
70-74,men,MSK,AB,0,0,0,0,0.920450147211874,0,0,0,0,0.00582343933411476,0.0151020172588884,0,0,0.0515955665032686,0.00408962180502175,0.000766816713779197,0.00144889062346393,0,0.000723500549589074
75-79,men,MSK,AB,0,0,0,0,0.912504100805983,0,0,0,0,0.00898142639114307,0.0136860687288386,0,0,0.055355562613346,0.00690670614187207,0.000695581655891448,0.00132751734560444,0,0.000543036317320849
65-69,men,MSK,AB,0,0,0,0,0.928506148876793,0,0,0,0,5.71090059349996e-24,0.0158424912736934,0,0,0.0510558365994662,0.00292763288570945,0.000556259756951132,0.00111163054119656,0,6.61906446498418e-11
80-84,men,MSK,AB,0,0,0,0,0.86261185371223,0,0,0,0,0.00925695482732764,0.0274236405758395,0,0,0.0865243814427797,0.00941208069598453,0.00108240215788348,0.00252116828716993,0,0.00116751830078527
85-89,men,MSK,AB,0,0,0,0,0.812580553506189,0,0,0,0,0.00814050957759249,0.028499749530772,0,0,0.131178278749438,0.0134224826384517,0.00137772007560147,0.00338739683172812,0,0.00141330909022763
90-94,men,MSK,AB,0,0,0,0,0.789971197786998,0,0,0,0,0.00207822908453689,0.0123404455250926,0,0,0.172772029666258,0.016885512590508,0.00116469113019369,0.00340612536148978,0,0.00138176885492361
95-99,men,MSK,AB,0,0,0,0,0.757343561176101,0,0,0,0,4.13135179778408e-30,0.0228091064712766,0,0,0.202906324163285,0.0131092919136621,0.000387630941340931,0.00344408533433506,0,6.02905135954484e-17
100-104,men,MSK,AB,0,0,0,0,0.757343561176101,0,0,0,0,4.13135179778408e-30,0.0228091064712766,0,0,0.202906324163285,0.0131092919136621,0.000387630941340931,0.00344408533433506,0,6.02905135954484e-17
105-109,men,MSK,AB,0,0,0,0,0.757343561176101,0,0,0,0,4.13135179778408e-30,0.0228091064712766,0,0,0.202906324163285,0.0131092919136621,0.000387630941340931,0.00344408533433506,0,6.02905135954484e-17
70-74,women,MSK,AB,0,0,0,0,0.916875098989289,0,0,0,0,0.00897414452563323,0.0145180555144787,0,0,0.0551542607180884,0.00134332014676277,0.000669101519492688,0.00209163183199018,0,0.000374386754265585
75-79,women,MSK,AB,0,0,0,0,0.908774429972123,0,0,0,0,0.0138378999489151,0.0131541737653267,0,0,0.0591615193944672,0.00226818631875695,0.000606820066029473,0.00191602518164777,0,0.000280945352733679
65-69,women,MSK,AB,0,0,0,0,0.926977362808301,0,0,0,0,8.82048655889912e-24,0.0152641071144396,0,0,0.054699898106618,0.000963801139273986,0.000486466037426007,0.00160836475961329,0,3.43283285803114e-11
80-84,women,MSK,AB,0,0,0,0,0.858692982735748,0,0,0,0,0.0142558866576561,0.0263457874811403,0,0,0.0924310254539107,0.0030895455893039,0.000943847175957393,0.00363717386599167,0,0.000603751040291772
85-89,women,MSK,AB,0,0,0,0,0.808756825169153,0,0,0,0,0.0125344915810059,0.0273751281709833,0,0,0.140110356474656,0.00440525303339307,0.00120116608160328,0.00488604368108597,0,0.000730735808119813
90-94,women,MSK,AB,0,0,0,0,0.787807143523565,0,0,0,0,0.00320631120657055,0.0118768994677337,0,0,0.184900833284615,0.00555276610189429,0.0010174427103548,0.0049227640391567,0,0.000715839666109836
95-99,women,MSK,AB,0,0,0,0,0.752260584327476,0,0,0,0,6.3485003074182e-30,0.0218648864319035,0,0,0.216285661299784,0.00429379274441199,0.000337275150419844,0.00495780004600517,0,3.11097166971376e-17
100-104,women,MSK,AB,0,0,0,0,0.752260584327476,0,0,0,0,6.3485003074182e-30,0.0218648864319035,0,0,0.216285661299784,0.00429379274441199,0.000337275150419844,0.00495780004600517,0,3.11097166971376e-17
105-109,women,MSK,AB,0,0,0,0,0.752260584327476,0,0,0,0,6.3485003074182e-30,0.0218648864319035,0,0,0.216285661299784,0.00429379274441199,0.000337275150419844,0.00495780004600517,0,3.11097166971376e-17
70-74,men,Metabolic,AB,0,0,0,0,0.913857810627582,0,0,0,0,0.00220875742474543,0.00550169368062965,0,0,0.0690861339402098,0.00587694976374899,0.00110647368891757,0.00209321377639345,0,0.000268967097772876
75-79,men,Metabolic,AB,0,0,0,0,0.904584240841383,0,0,0,0,0.0034013366429936,0.00497824191161476,0,0,0.0740074789313623,0.00991004542717808,0.00100215172197553,0.00191493493789457,0,0.000201569585598596
65-69,men,Metabolic,AB,0,0,0,0,0.919459310083792,0,0,0,0,2.16044115416237e-24,0.00575644414061268,0,0,0.0681856956930921,0.00419618687989345,0.000800564884529853,0.00160179829353732,0,2.45429225177278e-11
80-84,men,Metabolic,AB,0,0,0,0,0.852211363308642,0,0,0,0,0.00349373655332681,0.00994122938419585,0,0,0.115284401877097,0.0134588519277676,0.00155414563400407,0.00362437695693583,0,0.000431894358030332
85-89,men,Metabolic,AB,0,0,0,0,0.788951337722512,0,0,0,0,0.00301943367361743,0.0101533164718201,0,0,0.171769427714715,0.0188628415754337,0.00194408810656291,0.00478574434845391,0,0.000513810386885242
90-94,men,Metabolic,AB,0,0,0,0,0.745319613921815,0,0,0,0,0.00074905692220763,0.00427213747793114,0,0,0.219839069288124,0.0230587635590904,0.00159703055559267,0.00467618352003178,0,0.000488144755206776
95-99,men,Metabolic,AB,0,0,0,0,0.711847612101327,0,0,0,0,1.48346185478072e-30,0.00786657078967542,0,0,0.257211171138531,0.0178346176670814,0.000529521618208409,0.00471050668517716,0,2.12190049211754e-17
100-104,men,Metabolic,AB,0,0,0,0,0.711847612101327,0,0,0,0,1.48346185478072e-30,0.00786657078967542,0,0,0.257211171138531,0.0178346176670814,0.000529521618208409,0.00471050668517716,0,2.12190049211754e-17
105-109,men,Metabolic,AB,0,0,0,0,0.711847612101327,0,0,0,0,1.48346185478072e-30,0.00786657078967542,0,0,0.257211171138531,0.0178346176670814,0.000529521618208409,0.00471050668517716,0,2.12190049211754e-17
70-74,women,Metabolic,AB,0,0,0,0,0.911302461195318,0,0,0,0,0.00340749741354342,0.0052947310595382,0,0,0.0739318512973875,0.00193251274806077,0.000966530460714849,0.0030250825729211,0,0.000139333252516499
75-79,women,Metabolic,AB,0,0,0,0,0.903593226549448,0,0,0,0,0.00525626393379286,0.00479914122334893,0,0,0.0793334489805051,0.00326426996117561,0.000876895750770818,0.00277215625729233,0,0.000104597343666358
65-69,women,Metabolic,AB,0,0,0,0,0.917080436200337,0,0,0,0,3.33365730588911e-24,0.00554105923471279,0,0,0.0729835469716389,0.00138011796686999,0.000699458560942472,0.00231538105278258,0,1.27166551334671e-11
80-84,women,Metabolic,AB,0,0,0,0,0.85033785541269,0,0,0,0,0.00539309342603002,0.00957299586848975,0,0,0.123444435871262,0.00442831679202725,0.00135839615836384,0.0052410377457173,0,0.000223868725419809
85-89,women,Metabolic,AB,0,0,0,0,0.78668588969225,0,0,0,0,0.00465779354960727,0.00977063187136154,0,0,0.183803504794537,0.00620218526480796,0.00169807796453405,0.00691576731897737,0,0.000266149543925367
90-94,women,Metabolic,AB,0,0,0,0,0.743421801121371,0,0,0,0,0.00115587577430778,0.00411245866949947,0,0,0.235317591751432,0.007584295271101,0.00139539289455,0.00675964710430734,0,0.000252937413431194
95-99,women,Metabolic,AB,0,0,0,0,0.705753562255302,0,0,0,0,2.27533856180744e-30,0.00752688161612163,0,0,0.273660835878591,0.00583064129075583,0.000459875508340742,0.00676820345088904,0,1.09285555230218e-17
100-104,women,Metabolic,AB,0,0,0,0,0.705753562255302,0,0,0,0,2.27533856180744e-30,0.00752688161612163,0,0,0.273660835878591,0.00583064129075583,0.000459875508340742,0.00676820345088904,0,1.09285555230218e-17
105-109,women,Metabolic,AB,0,0,0,0,0.705753562255302,0,0,0,0,2.27533856180744e-30,0.00752688161612163,0,0,0.273660835878591,0.00583064129075583,0.000459875508340742,0.00676820345088904,0,1.09285555230218e-17
70-74,men,Unspecified,PB,0,0.0357172218062356,0,0,0.922170483406155,0,0,0,0,0.00778168193314944,0.0173339702148789,0,0,0.0166046506051896,0.000391992034391186,0,0,0,0
75-79,men,Unspecified,PB,0,0.0319817239179659,0,0,0.914195274415543,0,0,0,0,0.0121125169637268,0.0158539309997336,0,0,0.0251884248361443,0.000668128866886669,0,0,0,0
65-69,men,Unspecified,PB,0,0.031467580059826,0,0,0.936225946986767,0,0,0,0,7.6558240695165e-24,0.0182423164174087,0,0,0.0137826398540312,0.000281516681967082,0,0,0,0
80-84,men,Unspecified,PB,0,0.0399898096717284,0,0,0.871620665310891,0,0,0,0,0.0128304733769575,0.0326489190712705,0,0,0.0419743814578096,0.000935751111342639,0,0,0,0
85-89,men,Unspecified,PB,0,0.0460145286788677,0,0,0.832298554296191,0,0,0,0,0.0118477813249422,0.0356283446780806,0,0,0.0728095318662851,0.00140125915563363,0,0,0,0
90-94,men,Unspecified,PB,0,0.0452080535720883,0,0,0.817875559249951,0,0,0,0,0.00320370013166738,0.0163402404738321,0,0,0.115505323852013,0.00186712272044764,0,0,0,0
95-99,men,Unspecified,PB,0,0.0190381543234759,0,0,0.773955538109466,0,0,0,0,6.73495916270667e-30,0.031938919868576,0,0,0.173534458145095,0.00153292955338671,0,0,0,0
100-104,men,Unspecified,PB,0,0.0190381543234759,0,0,0.773955538109466,0,0,0,0,6.73495916270667e-30,0.031938919868576,0,0,0.173534458145095,0.00153292955338671,0,0,0,0
105-109,men,Unspecified,PB,0,0.0190381543234759,0,0,0.773955538109466,0,0,0,0,6.73495916270667e-30,0.031938919868576,0,0,0.173534458145095,0.00153292955338671,0,0,0,0
70-74,women,Unspecified,PB,0,0.0150854539768324,0,0,0.942001309738965,0,0,0,0,0.0122518858409759,0.0170250148172952,0,0,0.0135047860099913,0.000131549615940272,0,0,0,0
75-79,women,Unspecified,PB,0,0.0134471208534144,0,0,0.931356732581241,0,0,0,0,0.0189849994523293,0.0155014791669612,0,0,0.0204864550391133,0.000223212906940994,0,0,0,0
65-69,women,Unspecified,PB,0,0.013314016053897,0,0,0.957454858711607,0,0,0,0,1.20749802151364e-23,0.0179487601468047,0,0,0.0111877236138696,9.46414738222147e-05,0,0,0,0
80-84,women,Unspecified,PB,0,0.0168997020723021,0,0,0.89612414769202,0,0,0,0,0.020212551695662,0.0320853852182055,0,0,0.0343640020995905,0.000314211222220063,0,0,0,0
85-89,women,Unspecified,PB,0,0.0195327815329884,0,0,0.866079829243254,0,0,0,0,0.0187479979360301,0.0351700915650603,0,0,0.0599966719837818,0.000472627738885655,0,0,0,0
90-94,women,Unspecified,PB,0,0.0192650607254345,0,0,0.86294835672224,0,0,0,0,0.00508926640185809,0.0161927927013309,0,0,0.0958723167895738,0.000632206659563134,0,0,0,0
95-99,women,Unspecified,PB,0,0.00800342212043458,0,0,0.815030777151178,0,0,0,0,1.05544255227467e-29,0.0312233749465179,0,0,0.145230384817758,0.00051204096411164,0,0,0,0
100-104,women,Unspecified,PB,0,0.00800342212043458,0,0,0.815030777151178,0,0,0,0,1.05544255227467e-29,0.0312233749465179,0,0,0.145230384817758,0.00051204096411164,0,0,0,0
105-109,women,Unspecified,PB,0,0.00800342212043458,0,0,0.815030777151178,0,0,0,0,1.05544255227467e-29,0.0312233749465179,0,0,0.145230384817758,0.00051204096411164,0,0,0,0
70-74,men,Complex,PB,0,0.0532921751695123,0,0,0.869291626477035,0,0,0,0,0.00760187022605587,0.0214078159933303,0,0,0.0470589901790854,0.00134752195498147,0,0,0,0
75-79,men,Complex,PB,0,0.0477886682419615,0,0,0.848145995033906,0,0,0,0,0.011850008343785,0.019608689201989,0,0,0.0703064893507615,0.00230014982759749,0,0,0,0
65-69,men,Complex,PB,0,0.0470584333720179,0,0,0.889799135612456,0,0,0,0,7.49596005837394e-24,0.0225809726541022,0,0,0.0395915044778049,0.000969953883619294,0,0,0,0
80-84,men,Complex,PB,0,0.0591340465261956,0,0,0.772403199514894,0,0,0,0,0.0124220176277661,0.0399618522888191,0,0,0.112890861048735,0.00318802299359099,0,0,0,0
85-89,men,Complex,PB,0,0.0675700472661378,0,0,0.687742223535592,0,0,0,0,0.0113908851850517,0.0433055372849708,0,0,0.185250518672139,0.00474078805610852,0,0,0,0
90-94,men,Complex,PB,0,0.0665287585767541,0,0,0.630085633872308,0,0,0,0,0.00308678705004505,0.0199040106585027,0,0,0.274064290990311,0.00633051885207856,0,0,0,0
95-99,men,Complex,PB,0,0.0282532424819328,0,0,0.546650275275482,0,0,0,0,6.54394469740237e-30,0.0392330633919197,0,0,0.380622125312964,0.00524129353770165,0,0,0,0
100-104,men,Complex,PB,0,0.0282532424819328,0,0,0.546650275275482,0,0,0,0,6.54394469740237e-30,0.0392330633919197,0,0,0.380622125312964,0.00524129353770165,0,0,0,0
105-109,men,Complex,PB,0,0.0282532424819328,0,0,0.546650275275482,0,0,0,0,6.54394469740237e-30,0.0392330633919197,0,0,0.380622125312964,0.00524129353770165,0,0,0,0
70-74,women,Complex,PB,0,0.0227637091086602,0,0,0.904653604765362,0,0,0,0,0.012104553781898,0.0212647696632467,0,0,0.0387560143909609,0.00045734828987202,0,0,0,0
75-79,women,Complex,PB,0,0.0203086261157928,0,0,0.882703266065011,0,0,0,0,0.0187725394219165,0.0193781770025085,0,0,0.0580607091598938,0.000776682234877175,0,0,0,0
65-69,women,Complex,PB,0,0.0201072005678233,0,0,0.92467881912037,0,0,0,0,1.19396105587542e-23,0.0224370382871789,0,0,0.032447638134979,0.000329303889648961,0,0,0,0
80-84,women,Complex,PB,0,0.0253239123133739,0,0,0.819462014136326,0,0,0,0,0.0198305197088803,0.0397967449467155,0,0,0.094502017387,0.00108479150770402,0,0,0,0
85-89,women,Complex,PB,0,0.0291294490825472,0,0,0.749910579299614,0,0,0,0,0.0183056129383355,0.0434140416568091,0,0,0.157616413524171,0.00162390349852349,0,0,0,0
90-94,women,Complex,PB,0,0.0287978515362098,0,0,0.706715605681665,0,0,0,0,0.00498088013952,0.0200354916273028,0,0,0.237292854311194,0.0021773167041085,0,0,0,0
95-99,women,Complex,PB,0,0.0119677943174435,0,0,0.613241420059699,0,0,0,0,1.03331847149589e-29,0.0386461983897831,0,0,0.334380516755229,0.00176407047784522,0,0,0,0
100-104,women,Complex,PB,0,0.0119677943174435,0,0,0.613241420059699,0,0,0,0,1.03331847149589e-29,0.0386461983897831,0,0,0.334380516755229,0.00176407047784522,0,0,0,0
105-109,women,Complex,PB,0,0.0119677943174435,0,0,0.613241420059699,0,0,0,0,1.03331847149589e-29,0.0386461983897831,0,0,0.334380516755229,0.00176407047784522,0,0,0,0
70-74,men,Neuropsychiatric,PB,0,0.0441396594821808,0,0,0.864893481832579,0,0,0,0,0.00637356144596547,0.0445730621349712,0,0,0.0389806377784255,0.00103959732587777,0,0,0,0
75-79,men,Neuropsychiatric,PB,0,0.0396565435294712,0,0,0.849354980770511,0,0,0,0,0.00995416374549889,0.0409046865749472,0,0,0.0583517151501967,0.00177791022937491,0,0,0,0
65-69,men,Neuropsychiatric,PB,0,0.0388418025785072,0,0,0.880819923071258,0,0,0,0,6.26304265354874e-24,0.0468531864532353,0,0,0.0327393662157334,0.000745721681266473,0,0,0,0
80-84,men,Neuropsychiatric,PB,0,0.048081643094036,0,0,0.763041885445916,0,0,0,0,0.0102242164945859,0.0816811583101745,0,0,0.0945565982717246,0.00241449838356326,0,0,0,0
85-89,men,Neuropsychiatric,PB,0,0.0548001170504294,0,0,0.6865558541891,0,0,0,0,0.00935149254151238,0.0882887301562692,0,0,0.157422498865026,0.00358130719766352,0,0,0,0
90-94,men,Neuropsychiatric,PB,0,0.0552598829214897,0,0,0.65885216057819,0,0,0,0,0.00259539464633939,0.0415600165941861,0,0,0.236834716247237,0.00489782901255826,0,0,0,0
95-99,men,Neuropsychiatric,PB,0,0.0228187470499813,0,0,0.558963210467371,0,0,0,0,5.3500681214505e-30,0.0796544958480095,0,0,0.334620555936863,0.00394299069777516,0,0,0,0
100-104,men,Neuropsychiatric,PB,0,0.0228187470499813,0,0,0.558963210467371,0,0,0,0,5.3500681214505e-30,0.0796544958480095,0,0,0.334620555936863,0.00394299069777516,0,0,0,0
105-109,men,Neuropsychiatric,PB,0,0.0228187470499813,0,0,0.558963210467371,0,0,0,0,5.3500681214505e-30,0.0796544958480095,0,0,0.334620555936863,0.00394299069777516,0,0,0,0
70-74,women,Neuropsychiatric,PB,0,0.0187747959168025,0,0,0.894677134929516,0,0,0,0,0.0101059507183774,0.0440887165470952,0,0,0.0320020494033473,0.000351352484861117,0,0,0,0
75-79,women,Neuropsychiatric,PB,0,0.0167949524428945,0,0,0.878557510228688,0,0,0,0,0.0157151110107302,0.0402852189639902,0,0,0.0480489261235498,0.00059828123014688,0,0,0,0
65-69,women,Neuropsychiatric,PB,0,0.0165259668016562,0,0,0.910105673024477,0,0,0,0,9.93348456738041e-24,0.0463570051373525,0,0,0.0267592532642987,0.000252101772215834,0,0,0,0
80-84,women,Neuropsychiatric,PB,0,0.020498356708654,0,0,0.802770301193199,0,0,0,0,0.0162486968239316,0.0809786202750868,0,0,0.0786861286038031,0.00081789639532506,0,0,0,0
85-89,women,Neuropsychiatric,PB,0,0.0234870092243911,0,0,0.739604429388274,0,0,0,0,0.0149408710182998,0.0879954551225227,0,0,0.132752629570278,0.00121960567623435,0,0,0,0
90-94,women,Neuropsychiatric,PB,0,0.0237552953835072,0,0,0.726057792654101,0,0,0,0,0.0041591313064481,0.0415465461652824,0,0,0.202808273851376,0.00167296063928509,0,0,0,0
95-99,women,Neuropsychiatric,PB,0,0.00963873424575309,0,0,0.620087566846384,0,0,0,0,8.42434756899311e-30,0.0782433154003262,0,0,0.290707000378443,0.00132338312909389,0,0,0,0
100-104,women,Neuropsychiatric,PB,0,0.00963873424575309,0,0,0.620087566846384,0,0,0,0,8.42434756899311e-30,0.0782433154003262,0,0,0.290707000378443,0.00132338312909389,0,0,0,0
105-109,women,Neuropsychiatric,PB,0,0.00963873424575309,0,0,0.620087566846384,0,0,0,0,8.42434756899311e-30,0.0782433154003262,0,0,0.290707000378443,0.00132338312909389,0,0,0,0
70-74,men,Cardiovascular,PB,0,0.0411518049640769,0,0,0.92918196060808,0,0,0,0,0.00332655103507312,5.50606650408408e-28,0,0,0.0256791063008509,0.000660577091919585,0,0,0,0
75-79,men,Cardiovascular,PB,0,0.0368965158233221,0,0,0.91803309240394,0,0,0,0,0.00518474477815895,5.04257817561317e-28,0,0,0.038758245068441,0.00112740192613789,0,0,0,0
65-69,men,Cardiovascular,PB,0,0.0361469362582412,0,0,0.941958738405199,0,0,0,0,3.26294376893772e-24,5.7772388185421e-28,0,0,0.0214213403760888,0.000472984960470624,0,0,0,0
80-84,men,Cardiovascular,PB,0,0.0468777554677778,0,0,0.882092930849682,0,0,0,0,0.00558045549908847,1.05516036232325e-27,0,0,0.0638444573727836,0.00160440081066824,0,0,0,0
85-89,men,Cardiovascular,PB,0,0.053977383872867,0,0,0.829615222630375,0,0,0,0,0.00515659924690445,1.15224461668871e-27,0,0,0.108846595505049,0.00240419874480475,0,0,0,0
90-94,men,Cardiovascular,PB,0,0.0516851146111812,0,0,0.77518846848469,0,0,0,0,0.00135897363459057,5.15039226582367e-28,0,0,0.168645265784559,0.00312217748497956,0,0,0,0
95-99,men,Cardiovascular,PB,0,0.022142808309914,0,0,0.728431476185988,0,0,0,0,2.90637949936508e-30,1.02414222221665e-27,0,0,0.246817970610659,0.00260774489343911,0,0,0,0
100-104,men,Cardiovascular,PB,0,0.022142808309914,0,0,0.728431476185988,0,0,0,0,2.90637949936508e-30,1.02414222221665e-27,0,0,0.246817970610659,0.00260774489343911,0,0,0,0
105-109,men,Cardiovascular,PB,0,0.022142808309914,0,0,0.728431476185988,0,0,0,0,2.90637949936508e-30,1.02414222221665e-27,0,0,0.246817970610659,0.00260774489343911,0,0,0,0
70-74,women,Cardiovascular,PB,0,0.0174722582578413,0,0,0.95597960176978,0,0,0,0,0.00526505721485342,5.43638672830487e-28,0,0,0.0210602313970527,0.000222851360472048,0,0,0,0
75-79,women,Cardiovascular,PB,0,0.0156143415370008,0,0,0.944036871623333,0,0,0,0,0.0081792682704543,4.96249059131412e-28,0,0,0.0317904229908329,0.000379095578378488,0,0,0,0
65-69,women,Cardiovascular,PB,0,0.0153279642480745,0,0,0.967026334945859,0,0,0,0,5.15788111272105e-24,5.69694524507272e-28,0,0,0.0174863361732829,0.000159364632783463,0,0,0,0
80-84,women,Cardiovascular,PB,0,0.0199572112351556,0,0,0.917754773708338,0,0,0,0,0.00885628219989199,1.04462460828965e-27,0,0,0.0528890107065332,0.000542722150081681,0,0,0,0
85-89,women,Cardiovascular,PB,0,0.0230926558800136,0,0,0.876879077113125,0,0,0,0,0.00822383116189079,1.14634536425653e-27,0,0,0.0909871686863727,0.000817267158598147,0,0,0,0
90-94,women,Cardiovascular,PB,0,0.0221363666220857,0,0,0.832254754544358,0,0,0,0,0.002169704745846,5.12967560454355e-28,0,0,0.142376671314994,0.00106250277271585,0,0,0,0
95-99,women,Cardiovascular,PB,0,0.00931979321076931,0,0,0.779260597056871,0,0,0,0,4.56010297515421e-30,1.0024035271855e-27,0,0,0.210547501655412,0.000872108076947745,0,0,0,0
100-104,women,Cardiovascular,PB,0,0.00931979321076931,0,0,0.779260597056871,0,0,0,0,4.56010297515421e-30,1.0024035271855e-27,0,0,0.210547501655412,0.000872108076947745,0,0,0,0
105-109,women,Cardiovascular,PB,0,0.00931979321076931,0,0,0.779260597056871,0,0,0,0,4.56010297515421e-30,1.0024035271855e-27,0,0,0.210547501655412,0.000872108076947745,0,0,0,0
70-74,men,Eye,PB,0,0.0375413267677419,0,0,0.917942957946214,0,0,0,0,0.00610224019010668,0.0175193150499512,0,0,0.0203349249732381,0.00055923507274832,0,0,0,0
75-79,men,Eye,PB,0,0.0336491023186297,0,0,0.909071203589446,0,0,0,0,0.00950801563123247,0.0160396802633136,0,0,0.0307778473040215,0.000954150893356489,0,0,0,0
65-69,men,Eye,PB,0,0.0330278772130515,0,0,0.931261348580589,0,0,0,0,5.99505451044937e-24,0.0184112989655259,0,0,0.0168984177216795,0.000401057519154471,0,0,0,0
80-84,men,Eye,PB,0,0.0420468785154387,0,0,0.862494436195101,0,0,0,0,0.0100649350971556,0.0330096075133982,0,0,0.0510486854390517,0.00133545723985483,0,0,0,0
85-89,men,Eye,PB,0,0.0483377169118866,0,0,0.816568919730393,0,0,0,0,0.00928564469215213,0.0359893440668076,0,0,0.0878203775998266,0.00199799699893377,0,0,0,0
90-94,men,Eye,PB,0,0.0473978442183419,0,0,0.79307993671389,0,0,0,0,0.00250598527809334,0.0164735938401463,0,0,0.13788558303948,0.0026570569100491,0,0,0,0
95-99,men,Eye,PB,0,0.0199701815418628,0,0,0.740825874177864,0,0,0,0,5.27079363332532e-30,0.0322154739526458,0,0,0.204805918429533,0.00218255189809483,0,0,0,0
100-104,men,Eye,PB,0,0.0199701815418628,0,0,0.740825874177864,0,0,0,0,5.27079363332532e-30,0.0322154739526458,0,0,0.204805918429533,0.00218255189809483,0,0,0,0
105-109,men,Eye,PB,0,0.0199701815418628,0,0,0.740825874177864,0,0,0,0,5.27079363332532e-30,0.0322154739526458,0,0,0.204805918429533,0.00218255189809483,0,0,0,0
70-74,women,Eye,PB,0,0.0158897391128412,0,0,0.940447214759087,0,0,0,0,0.00962820215064727,0.0172438013594679,0,0,0.0166029667046834,0.000188075913273078,0,0,0,0
75-79,women,Eye,PB,0,0.0141853688256524,0,0,0.929708675810287,0,0,0,0,0.0149418987421339,0.0157243099307502,0,0,0.0251201400170348,0.00031960667414127,0,0,0,0
65-69,women,Eye,PB,0,0.0139882785061034,0,0,0.953986016714164,0,0,0,0,9.46510634840938e-24,0.018133297154807,0,0,0.0137574423942289,0.000134965230697081,0,0,0,0
80-84,women,Eye,PB,0,0.0178230739282933,0,0,0.89128271964817,0,0,0,0,0.0159040810272249,0.03253853144636,0,0,0.0420018032573433,0.000449790692608336,0,0,0,0
85-89,women,Eye,PB,0,0.0205851578654001,0,0,0.855539265242253,0,0,0,0,0.0147410657130144,0.0356410703880842,0,0,0.0728173663331863,0.000676074458062088,0,0,0,0
90-94,women,Eye,PB,0,0.0202430607715338,0,0,0.843229521831114,0,0,0,0,0.00398974241281137,0.0163611822734423,0,0,0.115274817614029,0.000901675097068952,0,0,0,0
95-99,women,Eye,PB,0,0.00840324322707744,0,0,0.786589592960906,0,0,0,0,8.26779474638687e-30,0.0315237725569489,0,0,0.172753663054811,0.000729728200256881,0,0,0,0
100-104,women,Eye,PB,0,0.00840324322707744,0,0,0.786589592960906,0,0,0,0,8.26779474638687e-30,0.0315237725569489,0,0,0.172753663054811,0.000729728200256881,0,0,0,0
105-109,women,Eye,PB,0,0.00840324322707744,0,0,0.786589592960906,0,0,0,0,8.26779474638687e-30,0.0315237725569489,0,0,0.172753663054811,0.000729728200256881,0,0,0,0
70-74,men,MSK,PB,0,0.041040887664383,0,0,0.910821070627429,0,0,0,0,0.011306853601755,0.0230720928250065,0,0,0.0133536608419539,0.000405434439472241,0,0,0,0
75-79,men,MSK,PB,0,0.0367142633184474,0,0,0.903647478321227,0,0,0,0,0.0175831453264786,0.0210823870308596,0,0,0.020282331213672,0.000690394789315711,0,0,0,0
65-69,men,MSK,PB,0,0.0363045477920783,0,0,0.927915335079294,0,0,0,0,1.11691172335581e-23,0.0243796541173699,0,0,0.0111081109627654,0.000292352048492877,0,0,0,0
80-84,men,MSK,PB,0,0.0455587667951349,0,0,0.857985351805141,0,0,0,0,0.0184839387792946,0.0430865082202071,0,0,0.033925840906546,0.000959593493676195,0,0,0,0
85-89,men,MSK,PB,0,0.0523267719449608,0,0,0.822906162676795,0,0,0,0,0.017037082030674,0.0469325855702812,0,0,0.0593630589679247,0.00143433880936469,0,0,0,0
90-94,men,MSK,PB,0,0.0519536972984298,0,0,0.824603317870622,0,0,0,0,0.0046556650610072,0.0217524893159289,0,0,0.0951034055148066,0.00193142493920552,0,0,0,0
95-99,men,MSK,PB,0,0.0218830788759814,0,0,0.789029855399554,0,0,0,0,9.78921277765713e-30,0.0425259160299478,0,0,0.144975124433088,0.0015860252614289,0,0,0,0
100-104,men,MSK,PB,0,0.0218830788759814,0,0,0.789029855399554,0,0,0,0,9.78921277765713e-30,0.0425259160299478,0,0,0.144975124433088,0.0015860252614289,0,0,0,0
105-109,men,MSK,PB,0,0.0218830788759814,0,0,0.789029855399554,0,0,0,0,9.78921277765713e-30,0.0425259160299478,0,0,0.144975124433088,0.0015860252614289,0,0,0,0
70-74,women,MSK,PB,0,0.0173583022140658,0,0,0.93108333036554,0,0,0,0,0.0178271131690651,0.022692703008208,0,0,0.0109022992807488,0.000136251962372568,0,0,0,0
75-79,women,MSK,PB,0,0.015436280676543,0,0,0.919597612311144,0,0,0,0,0.0275583471403964,0.0206127705669388,0,0,0.0165643480553495,0.000230641249628667,0,0,0,0
65-69,women,MSK,PB,0,0.0154082142047022,0,0,0.951385923251196,0,0,0,0,1.76709084854971e-23,0.0240617690923136,0,0,0.00904550431905412,9.85891327342193e-05,0,0,0,0
80-84,women,MSK,PB,0,0.0192633139243289,0,0,0.881073763996052,0,0,0,0,0.0291341476071208,0.0423651824635128,0,0,0.0278412046784923,0.000322387330493521,0,0,0,0
85-89,women,MSK,PB,0,0.0222402144581472,0,0,0.854964764638016,0,0,0,0,0.0269934872425643,0.0463872094097371,0,0,0.0489299306413768,0.000484393610159182,0,0,0,0
90-94,women,MSK,PB,0,0.0222153951041093,0,0,0.869264327508011,0,0,0,0,0.00742109622975423,0.0216299385254341,0,0,0.0788130262840062,0.000656216348685685,0,0,0,0
95-99,women,MSK,PB,0,0.0092179757963913,0,0,0.827748618475012,0,0,0,0,1.53717622467985e-29,0.04165715000794,0,0,0.12084540933204,0.000530846388617568,0,0,0,0
100-104,women,MSK,PB,0,0.0092179757963913,0,0,0.827748618475012,0,0,0,0,1.53717622467985e-29,0.04165715000794,0,0,0.12084540933204,0.000530846388617568,0,0,0,0
105-109,women,MSK,PB,0,0.0092179757963913,0,0,0.827748618475012,0,0,0,0,1.53717622467985e-29,0.04165715000794,0,0,0.12084540933204,0.000530846388617568,0,0,0,0
70-74,men,Metabolic,PB,0,0.0481567837595824,0,0,0.91732550749891,0,0,0,0,0.00438276436670154,0.00858986464690046,0,0,0.0209496543325867,0.000595425395319151,0,0,0,0
75-79,men,Metabolic,PB,0,0.0432169342584038,0,0,0.90939156820588,0,0,0,0,0.00683724790839695,0.00787403825812508,0,0,0.0316630669274958,0.00101714444169845,0,0,0,0
65-69,men,Metabolic,PB,0,0.0423685410334627,0,0,0.930712783212785,0,0,0,0,4.30592986233264e-24,0.00902752332468999,0,0,0.0174641261451338,0.000427026283928115,0,0,0,0
80-84,men,Metabolic,PB,0,0.0543261820355654,0,0,0.868216209528438,0,0,0,0,0.00728110628128731,0.0163018587608934,0,0,0.0524424867979928,0.00143215659582324,0,0,0,0
85-89,men,Metabolic,PB,0,0.0623778213515335,0,0,0.820745609760872,0,0,0,0,0.00670914375168024,0.0177516751053054,0,0,0.09027569965739,0.00214005037321877,0,0,0,0
90-94,men,Metabolic,PB,0,0.0604149337830813,0,0,0.78533334921989,0,0,0,0,0.00178844338706138,0.00802593078013507,0,0,0.141626272785518,0.00281107004431422,0,0,0,0
95-99,men,Metabolic,PB,0,0.0258265355464424,0,0,0.745500268081785,0,0,0,0,3.81655143333992e-30,0.0159246540226429,0,0,0.210405749902523,0.00234279244660641,0,0,0,0
100-104,men,Metabolic,PB,0,0.0258265355464424,0,0,0.745500268081785,0,0,0,0,3.81655143333992e-30,0.0159246540226429,0,0,0.210405749902523,0.00234279244660641,0,0,0,0
105-109,men,Metabolic,PB,0,0.0258265355464424,0,0,0.745500268081785,0,0,0,0,3.81655143333992e-30,0.0159246540226429,0,0,0.210405749902523,0.00234279244660641,0,0,0,0
70-74,women,Metabolic,PB,0,0.0205254845814111,0,0,0.946648179054198,0,0,0,0,0.00696358401345542,0.00851394822347291,0,0,0.0171471556589894,0.000201648468472786,0,0,0,0
75-79,women,Metabolic,PB,0,0.0183448681736088,0,0,0.936781029682855,0,0,0,0,0.0108190896471365,0.00777261040314078,0,0,0.0259393382890553,0.000343063804203175,0,0,0,0
65-69,women,Metabolic,PB,0,0.0180383124531025,0,0,0.958640558180015,0,0,0,0,6.83389182678728e-24,0.00893778193372732,0,0,0.014238890419531,0.000144457013624551,0,0,0,0
80-84,women,Metabolic,PB,0,0.0232202210619719,0,0,0.905199264161947,0,0,0,0,0.0116012100047609,0.0162032835016621,0,0,0.0432896372448838,0.000486384024774051,0,0,0,0
85-89,women,Metabolic,PB,0,0.0268103453868719,0,0,0.868893783585333,0,0,0,0,0.0107494948613847,0.0177427235779581,0,0,0.0750728032943276,0.000730849294124684,0,0,0,0
90-94,women,Metabolic,PB,0,0.0260067577797906,0,0,0.843374499643649,0,0,0,0,0.00286989401569365,0.00803426325474434,0,0,0.118753094346098,0.000961490960024309,0,0,0,0
95-99,women,Metabolic,PB,0,0.0108976422712155,0,0,0.79476306233178,0,0,0,0,6.00324775483065e-30,0.0156259035715971,0,0,0.177927917779442,0.000785474045965908,0,0,0,0
100-104,women,Metabolic,PB,0,0.0108976422712155,0,0,0.79476306233178,0,0,0,0,6.00324775483065e-30,0.0156259035715971,0,0,0.177927917779442,0.000785474045965908,0,0,0,0
105-109,women,Metabolic,PB,0,0.0108976422712155,0,0,0.79476306233178,0,0,0,0,6.00324775483065e-30,0.0156259035715971,0,0,0.177927917779442,0.000785474045965908,0,0,0,0
70-74,men,Unspecified,AHS,0,0,0,0,0,0.92308362417252,0,0.00140921077791131,0,0,0,0.00179955130542398,0,0.0613244210449616,0,0.00927187106828356,0.00311132163089998,0,0
75-79,men,Unspecified,AHS,0,0,0,0,0,0.905319275255582,0,3.62840165223835e-98,0,0,0,0.00369172758612152,0,0.0776913168356723,0,0.0099314823602534,0.00336619796237046,0,0
65-69,men,Unspecified,AHS,0,0,0,0,0,0.924302987452034,0,6.03221778052039e-22,0,0,0,0.00438394303654028,0,0.0620019429013693,0,0.0068721445437286,0.00243898206632794,0,0
80-84,men,Unspecified,AHS,0,0,0,0,0,0.903430642710977,0,0.00184422286672658,0,0,0,0.00576001702065275,0,0.0754000378798126,0,0.00959569537005361,0.00396938415177779,0,0
85-89,men,Unspecified,AHS,0,0,0,0,0,0.842616636219886,0,0.00212930231140177,0,0,0,0.0052509502515544,0,0.130041790431445,0,0.0138943022168002,0.00606701856891323,0,0
90-94,men,Unspecified,AHS,0,0,0,0,0,0.699027894116992,0,0.009277778195118,0,0,0,0.0065618744323977,0,0.258225923956474,0,0.0177089134282448,0.00919761587077315,0,0
95-99,men,Unspecified,AHS,0,0,0,0,0,0.82010625913784,0,0.00482635250194818,0,0,0,6.61729762256625e-10,0,0.168483824419881,0,0.00255381328814065,0.00402974999046005,0,0
100-104,men,Unspecified,AHS,0,0,0,0,0,0.82010625913784,0,0.00482635250194818,0,0,0,6.61729762256625e-10,0,0.168483824419881,0,0.00255381328814065,0.00402974999046005,0,0
105-109,men,Unspecified,AHS,0,0,0,0,0,0.82010625913784,0,0.00482635250194818,0,0,0,6.61729762256625e-10,0,0.168483824419881,0,0.00255381328814065,0.00402974999046005,0,0
70-74,women,Unspecified,AHS,0,0,0,0,0,0.921974878822295,0,0.000263591247288128,0,0,0,0.0010789905024238,0,0.0643346969565224,0,0.0079398619229879,0.00440798054848223,0,0
75-79,women,Unspecified,AHS,0,0,0,0,0,0.903126276389717,0,6.77858513336284e-99,0,0,0,0.00221081145153301,0,0.0814053513609026,0,0.00849431400705991,0.00476324679078777,0,0
65-69,women,Unspecified,AHS,0,0,0,0,0,0.92300158689111,0,1.12808569227828e-22,0,0,0,0.00262801803292905,0,0.0650320060820745,0,0.00588366451241594,0.00345472448147026,0,0
80-84,women,Unspecified,AHS,0,0,0,0,0,0.903170850061094,0,0.000345275279499254,0,0,0,0.00345679965193863,0,0.0791736051202613,0,0.00822468118225324,0.00562878870495335,0,0
85-89,women,Unspecified,AHS,0,0,0,0,0,0.839865861479652,0,0.00039746071765692,0,0,0,0.00314190573130414,0,0.136143402678313,0,0.0118736478641835,0.00857772152889128,0,0
90-94,women,Unspecified,AHS,0,0,0,0,0,0.69613096984639,0,0.00173028412114467,0,0,0,0.00392283202489008,0,0.270103399666432,0,0.0151201426536957,0.0129923716874479,0,0
95-99,women,Unspecified,AHS,0,0,0,0,0,0.853357339570591,0,0.000900234251885505,0,0,0,3.95653965255885e-10,0,0.137868451772482,0,0.00218080168489936,0.00569317232448799,0,0
100-104,women,Unspecified,AHS,0,0,0,0,0,0.853357339570591,0,0.000900234251885505,0,0,0,3.95653965255885e-10,0,0.137868451772482,0,0.00218080168489936,0.00569317232448799,0,0
105-109,women,Unspecified,AHS,0,0,0,0,0,0.853357339570591,0,0.000900234251885505,0,0,0,3.95653965255885e-10,0,0.137868451772482,0,0.00218080168489936,0.00569317232448799,0,0
70-74,men,Complex,AHS,0,0,0,0,0,0.901219648553513,0,0.000573739417864585,0,0,0,0.000815955514470358,0,0.0859489355818458,0,0.00731795842472855,0.00412376250757763,0,0
75-79,men,Complex,AHS,0,0,0,0,0,0.877960373081868,0,1.46736322446753e-98,0,0,0,0.00166270589969478,0,0.108159101423242,0,0.00778610348499031,0.00443171611020488,0,0
65-69,men,Complex,AHS,0,0,0,0,0,0.90245254784887,0,2.45604408652186e-22,0,0,0,0.00198786810135043,0,0.0869025975985467,0,0.00542419448719821,0.00323279196403485,0,0
80-84,men,Complex,AHS,0,0,0,0,0,0.878600474231504,0,0.000747926887465789,0,0,0,0.0026015550898045,0,0.105265394176422,0,0.00754407534750938,0.00524057426729453,0,0
85-89,men,Complex,AHS,0,0,0,0,0,0.800895567310437,0,0.000843980307237479,0,0,0,0.00231790914011854,0,0.17743783978039,0,0.0106761717167023,0.00782853174511472,0,0
90-94,men,Complex,AHS,0,0,0,0,0,0.633497507858576,0,0.00350625515557452,0,0,0,0.00276179197709359,0,0.335944615893612,0,0.0129740410617068,0.0113157880534365,0,0
95-99,men,Complex,AHS,0,0,0,0,0,0.612229526624236,0,0.0019070542339006,0,0,0,2.91197867579484e-10,0,0.378723594566946,0,0.00195621673416883,0.00518360754955095,0,0
100-104,men,Complex,AHS,0,0,0,0,0,0.612229526624236,0,0.0019070542339006,0,0,0,2.91197867579484e-10,0,0.378723594566946,0,0.00195621673416883,0.00518360754955095,0,0
105-109,men,Complex,AHS,0,0,0,0,0,0.612229526624236,0,0.0019070542339006,0,0,0,2.91197867579484e-10,0,0.378723594566946,0,0.00195621673416883,0.00518360754955095,0,0
70-74,women,Complex,AHS,0,0,0,0,0,0.89743525230624,0,0.000106995164171904,0,0,0,0.000487769120606972,0,0.0898973184609051,0,0.00624784052768461,0.00582482442039152,0,0
75-79,women,Complex,AHS,0,0,0,0,0,0.873136193113568,0,2.73288712477465e-99,0,0,0,0.000992653919705517,0,0.112980608229586,0,0.00663887929891603,0.00625166543822468,0,0
65-69,women,Complex,AHS,0,0,0,0,0,0.898713822103938,0,4.58047156643893e-23,0,0,0,0.0011883926526138,0,0.0908999334388187,0,0.00463126704177506,0.00456658476285433,0,0
80-84,women,Complex,AHS,0,0,0,0,0,0.874430048795389,0,0.000139402246831287,0,0,0,0.00155432565111841,0,0.110040618392989,0,0.00643735088134507,0.00739825403232716,0,0
85-89,women,Complex,AHS,0,0,0,0,0,0.793693069012704,0,0.000156633985553798,0,0,0,0.00137894979106577,0,0.184695664355384,0,0.0090710962043135,0.011004586650979,0,0
90-94,women,Complex,AHS,0,0,0,0,0,0.623615827304984,0,0.000646387163215094,0,0,0,0.00163206905158631,0,0.347355088044185,0,0.0109500224873778,0.0158006059486512,0,0
95-99,women,Complex,AHS,0,0,0,0,0,0.663501576048722,0,0.000353836545012299,0,0,0,1.73191347848347e-10,0,0.327198211248874,0,0.00166167906594447,0.00728469691825597,0,0
100-104,women,Complex,AHS,0,0,0,0,0,0.663501576048722,0,0.000353836545012299,0,0,0,1.73191347848347e-10,0,0.327198211248874,0,0.00166167906594447,0.00728469691825597,0,0
105-109,women,Complex,AHS,0,0,0,0,0,0.663501576048722,0,0.000353836545012299,0,0,0,1.73191347848347e-10,0,0.327198211248874,0,0.00166167906594447,0.00728469691825597,0,0
70-74,men,Neuropsychiatric,AHS,0,0,0,0,0,0.902707594742937,0,0.00106672514437702,0,0,0,0.000908898089437644,0,0.0825631365107881,0,0.00895232872408381,0.00380131678837604,0,0
75-79,men,Neuropsychiatric,AHS,0,0,0,0,0,0.88049238689088,0,2.73155355964676e-98,0,0,0,0.00185437853975459,0,0.104026262984028,0,0.0095367522590394,0.00409021932629789,0,0
65-69,men,Neuropsychiatric,AHS,0,0,0,0,0,0.904619465459202,0,4.56982017417056e-22,0,0,0,0.00221595727172646,0,0.0835417459093961,0,0.00664058659833286,0.00298224476134258,0,0
80-84,men,Neuropsychiatric,AHS,0,0,0,0,0,0.880475504075983,0,0.00139125388406431,0,0,0,0.00289928651375377,0,0.101167426250722,0,0.00923339681595563,0.00483313245952123,0,0
85-89,men,Neuropsychiatric,AHS,0,0,0,0,0,0.804555961567137,0,0.00157374397214282,0,0,0,0.00258945900144004,0,0.170944780383463,0,0.0130986203893312,0.00723743468648628,0,0
90-94,men,Neuropsychiatric,AHS,0,0,0,0,0,0.638918670368684,0,0.00656395484577619,0,0,0,0.00309758973317306,0,0.324935820095443,0,0.0159810597404644,0.0105029052164586,0,0
95-99,men,Neuropsychiatric,AHS,0,0,0,0,0,0.657876415212314,0,0.00356003782736797,0,0,0,3.25679650934955e-10,0,0.331363126781789,0,0.00240279532128065,0.00479762453156883,0,0
100-104,men,Neuropsychiatric,AHS,0,0,0,0,0,0.657876415212314,0,0.00356003782736797,0,0,0,3.25679650934955e-10,0,0.331363126781789,0,0.00240279532128065,0.00479762453156883,0,0
105-109,men,Neuropsychiatric,AHS,0,0,0,0,0,0.657876415212314,0,0.00356003782736797,0,0,0,3.25679650934955e-10,0,0.331363126781789,0,0.00240279532128065,0.00479762453156883,0,0
70-74,women,Neuropsychiatric,AHS,0,0,0,0,0,0.899791751720611,0,0.000199124377549114,0,0,0,0.000543857910056143,0,0.0864400194408282,0,0.00765065215817165,0.00537459439278428,0,0
75-79,women,Neuropsychiatric,AHS,0,0,0,0,0,0.876244509410712,0,5.09080442043362e-99,0,0,0,0.00110783082392948,0,0.108736778724674,0,0.00813706396612301,0.00577381707456211,0,0
65-69,women,Neuropsychiatric,AHS,0,0,0,0,0,0.901355330004002,0,8.52719512320226e-23,0,0,0,0.00132546062911896,0,0.0874313956840824,0,0.00567288620447164,0.00421492747832531,0,0
80-84,women,Neuropsychiatric,AHS,0,0,0,0,0,0.877396124415525,0,0.000259634147677431,0,0,0,0.0017343826356618,0,0.105889499780314,0,0.00788873666091787,0.00683162235990388,0,0
85-89,women,Neuropsychiatric,AHS,0,0,0,0,0,0.798603774247952,0,0.000292540613904609,0,0,0,0.00154297712635112,0,0.17822339286828,0,0.0111472613120151,0.0101900538314969,0,0
90-94,women,Neuropsychiatric,AHS,0,0,0,0,0,0.631402982570272,0,0.00121479675262761,0,0,0,0.00183763939900111,0,0.337281406861824,0,0.0135404827901093,0.0147226916261661,0,0
95-99,women,Neuropsychiatric,AHS,0,0,0,0,0,0.707307845725207,0,0.000661770573193334,0,0,0,1.94062589774421e-10,0,0.283230641141647,0,0.00204484386873936,0.00675489849715065,0,0
100-104,women,Neuropsychiatric,AHS,0,0,0,0,0,0.707307845725207,0,0.000661770573193334,0,0,0,1.94062589774421e-10,0,0.283230641141647,0,0.00204484386873936,0.00675489849715065,0,0
105-109,women,Neuropsychiatric,AHS,0,0,0,0,0,0.707307845725207,0,0.000661770573193334,0,0,0,1.94062589774421e-10,0,0.283230641141647,0,0.00204484386873936,0.00675489849715065,0,0
70-74,men,Cardiovascular,AHS,0,0,0,0,0,0.90359015179857,0,0.00339707046420194,0,0,0,0.000374173498651254,0,0.0781974593007452,0,0.00975476252584203,0.00468638241198975,0,0
75-79,men,Cardiovascular,AHS,0,0,0,0,0,0.884824891509149,0,8.73311295372906e-98,0,0,0,0.000766414231643493,0,0.098913778127198,0,0.0104325029204742,0.00506241321153573,0,0
65-69,men,Cardiovascular,AHS,0,0,0,0,0,0.908727247090966,0,1.46047579155715e-21,0,0,0,0.000915508635541214,0,0.079405984684892,0,0.00726156708407896,0.00368969250452228,0,0
80-84,men,Cardiovascular,AHS,0,0,0,0,0,0.88239702809937,0,0.00443589011395375,0,0,0,0.00119500943975753,0,0.0959333316697749,0,0.0100731325072053,0.00596560816993857,0,0
85-89,men,Cardiovascular,AHS,0,0,0,0,0,0.808153887073278,0,0.00502920709049675,0,0,0,0.00106974506064018,0,0.16247095025493,0,0.0143225271035059,0.00895368341714874,0,0
90-94,men,Cardiovascular,AHS,0,0,0,0,0,0.639646930251923,0,0.0209068188476144,0,0,0,0.00127541663949404,0,0.307804097798801,0,0.0174163283378524,0.0129504081243153,0,0
95-99,men,Cardiovascular,AHS,0,0,0,0,0,0.739246040751137,0,0.0113282436107964,0,0,0,1.33969026700373e-10,0,0.240899643198808,0,0.00261609434501666,0.00590997796027383,0,0
100-104,men,Cardiovascular,AHS,0,0,0,0,0,0.739246040751137,0,0.0113282436107964,0,0,0,1.33969026700373e-10,0,0.240899643198808,0,0.00261609434501666,0.00590997796027383,0,0
105-109,men,Cardiovascular,AHS,0,0,0,0,0,0.739246040751137,0,0.0113282436107964,0,0,0,1.33969026700373e-10,0,0.240899643198808,0,0.00261609434501666,0.00590997796027383,0,0
70-74,women,Cardiovascular,AHS,0,0,0,0,0,0.902149897314219,0,0.000635168216537456,0,0,0,0.00022426194653652,0,0.0820037322947869,0,0.008350095470634,0.00663684475728635,0,0
75-79,women,Cardiovascular,AHS,0,0,0,0,0,0.880156259720714,0,1.62685376036747e-98,0,0,0,0.000457658316470883,0,0.103345840687837,0,0.00889730524018112,0.00714293603479703,0,0
65-69,women,Cardiovascular,AHS,0,0,0,0,0,0.904980290263314,0,2.72381069580372e-22,0,0,0,0.000547322577304288,0,0.0830601225789071,0,0.00620016788412313,0.00521209669635162,0,0
80-84,women,Cardiovascular,AHS,0,0,0,0,0,0.880805416316514,0,0.000829227519783886,0,0,0,0.000716081779375668,0,0.10058175949694,0,0.00862080876853878,0.00844670611884788,0,0
85-89,women,Cardiovascular,AHS,0,0,0,0,0,0.803837863177579,0,0.000936808666026331,0,0,0,0.000638748701354148,0,0.169739873702622,0,0.0122141027804239,0.012632602971994,0,0
90-94,women,Cardiovascular,AHS,0,0,0,0,0,0.639051632810494,0,0.00391165525888253,0,0,0,0.000764932397208554,0,0.323000940957266,0,0.0149183144521606,0.0183525241239886,0,0
95-99,women,Cardiovascular,AHS,0,0,0,0,0,0.786461254392621,0,0.00211913579468511,0,0,0,8.03339218681652e-11,0,0.200805349605677,0,0.00224047522848332,0.00837378489819992,0,0
100-104,women,Cardiovascular,AHS,0,0,0,0,0,0.786461254392621,0,0.00211913579468511,0,0,0,8.03339218681652e-11,0,0.200805349605677,0,0.00224047522848332,0.00837378489819992,0,0
105-109,women,Cardiovascular,AHS,0,0,0,0,0,0.786461254392621,0,0.00211913579468511,0,0,0,8.03339218681652e-11,0,0.200805349605677,0,0.00224047522848332,0.00837378489819992,0,0
70-74,men,Eye,AHS,0,0,0,0,0,0.909058176688993,0,0.000455181165510231,0,0,0,0.0038728768430916,0,0.0717444915236816,0,0.0108568458446976,0.00401242793402613,0,0
75-79,men,Eye,AHS,0,0,0,0,0,0.885919040897748,0,1.16456925757024e-98,0,0,0,0.00789479283782229,0,0.0903169422304668,0,0.0115555867170295,0.0043136373169331,0,0
65-69,men,Eye,AHS,0,0,0,0,0,0.907153600663708,0,1.94178517404555e-22,0,0,0,0.00940264841371533,0,0.0722896704573531,0,0.00801944686234751,0.00313463360287587,0,0
80-84,men,Eye,AHS,0,0,0,0,0,0.883288781877738,0,0.000591396836156412,0,0,0,0.0123069514489037,0,0.0875757642588301,0,0.0111550110931688,0.00508209448520317,0,0
85-89,men,Eye,AHS,0,0,0,0,0,0.815113987245402,0,0.000675590195439552,0,0,0,0.0111005639397384,0,0.149443052807846,0,0.0159812488388854,0.00768555697268854,0,0
90-94,men,Eye,AHS,0,0,0,0,0,0.661785711315036,0,0.00288087597481703,0,0,0,0.0135759308755862,0,0.29042044997893,0,0.0199342752732882,0.0114027565823428,0,0
95-99,men,Eye,AHS,0,0,0,0,0,0.791464415520744,0,0.00154711273829458,0,0,0,1.41333371160457e-09,0,0.198863320010081,0,0.00296770020133954,0.00515745011620717,0,0
100-104,men,Eye,AHS,0,0,0,0,0,0.791464415520744,0,0.00154711273829458,0,0,0,1.41333371160457e-09,0,0.198863320010081,0,0.00296770020133954,0.00515745011620717,0,0
105-109,men,Eye,AHS,0,0,0,0,0,0.791464415520744,0,0.00154711273829458,0,0,0,1.41333371160457e-09,0,0.198863320010081,0,0.00296770020133954,0.00515745011620717,0,0
70-74,women,Eye,AHS,0,0,0,0,0,0.907402253496652,0,8.50882216790337e-05,0,0,0,0.00232069042404625,0,0.075219509881192,0,0.00929136180985814,0.00568109616657237,0,0
75-79,women,Eye,AHS,0,0,0,0,0,0.884549039197036,0,2.1775602897792e-99,0,0,0,0.00473199160073145,0,0.0947176394779266,0,0.00989207509905514,0.00610925462525075,0,0
65-69,women,Eye,AHS,0,0,0,0,0,0.907108718801089,0,3.63627467243039e-23,0,0,0,0.00564422161048234,0,0.0759256500461466,0,0.0068752809737806,0.00444612856850141,0,0
80-84,women,Eye,AHS,0,0,0,0,0,0.883690543983943,0,0.000110803499648468,0,0,0,0.00739134251368203,0,0.0920269842782038,0,0.00956830530355759,0.0072120204209648,0,0
85-89,women,Eye,AHS,0,0,0,0,0,0.812291146662489,0,0.000126082177296151,0,0,0,0.00664069852286605,0,0.156423812332223,0,0.0136543682917705,0.010863892013355,0,0
90-94,women,Eye,AHS,0,0,0,0,0,0.656023677823229,0,0.000534815121353015,0,0,0,0.00807880441514141,0,0.302386977434062,0,0.0169422117122119,0.0160335134940029,0,0
95-99,women,Eye,AHS,0,0,0,0,0,0.826229219099539,0,0.000287388803821096,0,0,0,8.41571386149904e-10,0,0.163703146859861,0,0.00252382039775604,0.00725642399745074,0,0
100-104,women,Eye,AHS,0,0,0,0,0,0.826229219099539,0,0.000287388803821096,0,0,0,8.41571386149904e-10,0,0.163703146859861,0,0.00252382039775604,0.00725642399745074,0,0
105-109,women,Eye,AHS,0,0,0,0,0,0.826229219099539,0,0.000287388803821096,0,0,0,8.41571386149904e-10,0,0.163703146859861,0,0.00252382039775604,0.00725642399745074,0,0
70-74,men,MSK,AHS,0,0,0,0,0,0.969636333329898,0,0.00187331339722335,0,0,0,0.00128769225816788,0,0.0230287952242999,0,0.00305087746057188,0.00112298832983848,0,0
75-79,men,MSK,AHS,0,0,0,0,0,0.963232633622268,0,4.8855270873438e-98,0,0,0,0.00267571026669573,0,0.0295509760801143,0,0.00331003848089663,0.00123064155002486,0,0
65-69,men,MSK,AHS,0,0,0,0,0,0.970452371889858,0,8.0150000679601e-22,0,0,0,0.00313548544507575,0,0.0232720743112807,0,0.00226017309674302,0.000879895257042152,0,0
80-84,men,MSK,AHS,0,0,0,0,0,0.95846464773917,0,0.00248018651374751,0,0,0,0.00416973134686025,0,0.0302417686529257,0,0.00319426018975005,0.00144940555754639,0,0
85-89,men,MSK,AHS,0,0,0,0,0,0.932248122376824,0,0.00298804203414799,0,0,0,0.00396643781173904,0,0.0536595147803356,0,0.00482624112210273,0.00231164187485107,0,0
90-94,men,MSK,AHS,0,0,0,0,0,0.856377725320824,0,0.0143840601600666,0,0,0,0.00547619355077064,0,0.113094275690784,0,0.00679598353017054,0.00387176174738503,0,0
95-99,men,MSK,AHS,0,0,0,0,0,0.846745020974122,0,0.00669382883733483,0,0,0,4.94025767734817e-10,0,0.144166913322462,0,0.00087673350734813,0.00151750286470695,0,0
100-104,men,MSK,AHS,0,0,0,0,0,0.846745020974122,0,0.00669382883733483,0,0,0,4.94025767734817e-10,0,0.144166913322462,0,0.00087673350734813,0.00151750286470695,0,0
105-109,men,MSK,AHS,0,0,0,0,0,0.846745020974122,0,0.00669382883733483,0,0,0,4.94025767734817e-10,0,0.144166913322462,0,0.00087673350734813,0.00151750286470695,0,0
70-74,women,MSK,AHS,0,0,0,0,0,0.970454340548083,0,0.000351118451796522,0,0,0,0.000773666261689323,0,0.0242086853395363,0,0.00261793292616564,0.00159425647272899,0,0
75-79,women,MSK,AHS,0,0,0,0,0,0.962788525005777,0,9.14509309598951e-99,0,0,0,0.00160551419730649,0,0.0310245370384298,0,0.0028366142817219,0.0017448094767652,0,0
65-69,women,MSK,AHS,0,0,0,0,0,0.970486981282215,0,1.50105292813039e-22,0,0,0,0.00188232939642244,0,0.0244446793263881,0,0.00193787033178954,0.00124813966318502,0,0
80-84,women,MSK,AHS,0,0,0,0,0,0.962071532001159,0,0.000465446303999521,0,0,0,0.00250837046696753,0,0.0301500335320018,0,0.00274439153012406,0.00206022616574844,0,0
85-89,women,MSK,AHS,0,0,0,0,0,0.935422546504866,0,0.000560220202425017,0,0,0,0.00238380690241957,0,0.0542081308788361,0,0.00414258679357086,0.00328270871788203,0,0
90-94,women,MSK,AHS,0,0,0,0,0,0.86287866378599,0,0.00271420624998114,0,0,0,0.0033123674234317,0,0.119690244093295,0,0.00587089360794776,0.00553362483935386,0,0
95-99,women,MSK,AHS,0,0,0,0,0,0.877367227441684,0,0.00125651654039544,0,0,0,2.97263487325169e-10,0,0.118465250502204,0,0.000753445335763324,0.00215755988268942,0,0
100-104,women,MSK,AHS,0,0,0,0,0,0.877367227441684,0,0.00125651654039544,0,0,0,2.97263487325169e-10,0,0.118465250502204,0,0.000753445335763324,0.00215755988268942,0,0
105-109,women,MSK,AHS,0,0,0,0,0,0.877367227441684,0,0.00125651654039544,0,0,0,2.97263487325169e-10,0,0.118465250502204,0,0.000753445335763324,0.00215755988268942,0,0
70-74,men,Metabolic,AHS,0,0,0,0,0,0.946378703888815,0,0.000805006889935932,0,0,0,0.00117633479699687,0,0.0431996070384107,0,0.00616743184097052,0.00227291554487041,0,0
75-79,men,Metabolic,AHS,0,0,0,0,0,0.933417708034901,0,2.08443978400242e-98,0,0,0,0.00242687112283405,0,0.0550388281165075,0,0.00664356833621189,0.00247302438954589,0,0
65-69,men,Metabolic,AHS,0,0,0,0,0,0.947132192459717,0,3.44407803419687e-22,0,0,0,0.00286420397172152,0,0.0436539922970949,0,0.00456879413297644,0.0017808171384898,0,0
80-84,men,Metabolic,AHS,0,0,0,0,0,0.932340164743955,0,0.00106045613364102,0,0,0,0.00379006049718107,0,0.0534654920470055,0,0.00642494022306609,0.00291888635515174,0,0
85-89,men,Metabolic,AHS,0,0,0,0,0,0.8871133972307,0,0.00124906823256254,0,0,0,0.00352476210763788,0,0.0940707217326359,0,0.00949071456370698,0.00455133613275632,0,0
90-94,men,Metabolic,AHS,0,0,0,0,0,0.773387108210672,0,0.005719342919717,0,0,0,0.00462885030727096,0,0.196301984160296,0,0.0127118101882111,0.00725090421383239,0,0
95-99,men,Metabolic,AHS,0,0,0,0,0,0.784434659146327,0,0.00281679806260609,0,0,0,4.41937050539681e-10,0,0.208005318821286,0,0.00173555807633146,0.00300766545151251,0,0
100-104,men,Metabolic,AHS,0,0,0,0,0,0.784434659146327,0,0.00281679806260609,0,0,0,4.41937050539681e-10,0,0.208005318821286,0,0.00173555807633146,0.00300766545151251,0,0
105-109,men,Metabolic,AHS,0,0,0,0,0,0.784434659146327,0,0.00281679806260609,0,0,0,4.41937050539681e-10,0,0.208005318821286,0,0.00173555807633146,0.00300766545151251,0,0
70-74,women,Metabolic,AHS,0,0,0,0,0,0.945317960034265,0,0.000150587712172699,0,0,0,0.000705373665662989,0,0.0453238201833658,0,0.00528183504122544,0.0032204233633078,0,0
75-79,women,Metabolic,AHS,0,0,0,0,0,0.931658320011996,0,3.89625140795341e-99,0,0,0,0.00145412818584656,0,0.0577010306736276,0,0.00568524993943517,0.0035012711890942,0,0
65-69,women,Metabolic,AHS,0,0,0,0,0,0.946047360765959,0,6.4424677133204e-23,0,0,0,0.00171743998718172,0,0.0457994232565975,0,0.00391265354825587,0.00252312244200586,0,0
80-84,women,Metabolic,AHS,0,0,0,0,0,0.93176221564277,0,0.00019847252613409,0,0,0,0.00227379962830893,0,0.0561226320885005,0,0.00550512668448632,0.00413775342980058,0,0
85-89,women,Metabolic,AHS,0,0,0,0,0,0.884580572859668,0,0.000233249869741265,0,0,0,0.00210990750868918,0,0.098525012027991,0,0.008113807425588,0.00643745030832303,0,0
90-94,women,Metabolic,AHS,0,0,0,0,0,0.769840908313467,0,0.00106617177481947,0,0,0,0.00276600232373948,0,0.205240236996518,0,0.0108487320012004,0.0102379485902563,0,0
95-99,women,Metabolic,AHS,0,0,0,0,0,0.820760926676655,0,0.000525681233558977,0,0,0,2.64378133863132e-10,0,0.172979104811385,0,0.00148284735855782,0.00425143965546442,0,0
100-104,women,Metabolic,AHS,0,0,0,0,0,0.820760926676655,0,0.000525681233558977,0,0,0,2.64378133863132e-10,0,0.172979104811385,0,0.00148284735855782,0.00425143965546442,0,0
105-109,women,Metabolic,AHS,0,0,0,0,0,0.820760926676655,0,0.000525681233558977,0,0,0,2.64378133863132e-10,0,0.172979104811385,0,0.00148284735855782,0.00425143965546442,0,0
70-74,men,Unspecified,PHS,0,0,0.0246758097736991,0,0,0.95738861808219,0,0,0,0,0,0.000938929504529808,0,0.0169966426395808,0,0,0,0,0
75-79,men,Unspecified,PHS,0,0,0.0253807965126205,0,0,0.946802761886133,0,0,0,0,0,0.00195988789821515,0,0.0258565537030309,0,0,0,0,0
65-69,men,Unspecified,PHS,0,0,0.0223866008881226,0,0,0.961262721089806,0,0,0,0,0,0.00228652148607316,0,0.0140641565359983,0,0,0,0,0
80-84,men,Unspecified,PHS,0,0,0.0190356588801953,0,0,0.934973325272241,0,0,0,0,0,0.00308088327841115,0,0.0429101325691523,0,0,0,0,0
85-89,men,Unspecified,PHS,0,0,0.0232156345239477,0,0,0.899578323312479,0,0,0,0,0,0.00299525114165458,0,0.0742107910219187,0,0,0,0,0
90-94,men,Unspecified,PHS,0,0,0.0291305769107242,0,0,0.849034828318661,0,0,0,0,0,0.00446214819815364,0,0.117372446572461,0,0,0,0,0
95-99,men,Unspecified,PHS,0,0,0.00784742997316998,0,0,0.817085181950296,0,0,0,0,0,3.78052564587189e-10,0,0.175067387698482,0,0,0,0,0
100-104,men,Unspecified,PHS,0,0,0.00784742997316998,0,0,0.817085181950296,0,0,0,0,0,3.78052564587189e-10,0,0.175067387698482,0,0,0,0,0
105-109,men,Unspecified,PHS,0,0,0.00784742997316998,0,0,0.817085181950296,0,0,0,0,0,3.78052564587189e-10,0,0.175067387698482,0,0,0,0,0
70-74,women,Unspecified,PHS,0,0,0.0213318931517846,0,0,0.964466003239521,0,0,0,0,0,0.000565767982762602,0,0.0136363356259315,0,0,0,0,0
75-79,women,Unspecified,PHS,0,0,0.021952154727897,0,0,0.956156631600271,0,0,0,0,0,0.00118154572577811,0,0.0207096679460543,0,0,0,0,0
65-69,women,Unspecified,PHS,0,0,0.019357186803449,0,0,0.967982360697427,0,0,0,0,0,0.0013780874114325,0,0.0112823650876918,0,0,0,0,0
80-84,women,Unspecified,PHS,0,0,0.0164570487078318,0,0,0.947008187841019,0,0,0,0,0,0.00185655012933849,0,0.0346782133218106,0,0,0,0,0
85-89,women,Unspecified,PHS,0,0,0.0200806699577189,0,0,0.917644194443922,0,0,0,0,0,0.00180583587569125,0,0.0604692997226674,0,0,0,0,0
90-94,women,Unspecified,PHS,0,0,0.0252282823402834,0,0,0.875573613573113,0,0,0,0,0,0.00269358063746707,0,0.0965045234491369,0,0,0,0,0
95-99,women,Unspecified,PHS,0,0,0.00676510630697588,0,0,0.847492467683987,0,0,0,0,0,2.27167793322413e-10,0,0.145742425781869,0,0,0,0,0
100-104,women,Unspecified,PHS,0,0,0.00676510630697588,0,0,0.847492467683987,0,0,0,0,0,2.27167793322413e-10,0,0.145742425781869,0,0,0,0,0
105-109,women,Unspecified,PHS,0,0,0.00676510630697588,0,0,0.847492467683987,0,0,0,0,0,2.27167793322413e-10,0,0.145742425781869,0,0,0,0,0
70-74,men,Complex,PHS,0,0,0.0167590595258107,0,0,0.934394808884926,0,0,0,0,0,0.000439619455196377,0,0.0484065121340669,0,0,0,0,0
75-79,men,Complex,PHS,0,0,0.0172490762033789,0,0,0.909226041859246,0,0,0,0,0,0.000918242759015695,0,0.072606639178359,0,0,0,0,0
65-69,men,Complex,PHS,0,0,0.0152038358631171,0,0,0.943164158156394,0,0,0,0,0,0.00107054761906427,0,0.0405614583614242,0,0,0,0,0
80-84,men,Complex,PHS,0,0,0.0129178597433308,0,0,0.869561925691508,0,0,0,0,0,0.00144133052283543,0,0.116078884042326,0,0,0,0,0
85-89,men,Complex,PHS,0,0,0.0157677029111908,0,0,0.792838542254917,0,0,0,0,0,0.00140244810564457,0,0.189991306728248,0,0,0,0,0
90-94,men,Complex,PHS,0,0,0.0198103372125331,0,0,0.697702897357828,0,0,0,0,0,0.00209195558724912,0,0.28039480984239,0,0,0,0,0
95-99,men,Complex,PHS,0,0,0.00529445336691299,0,0,0.608842127606584,0,0,0,0,0,1.75837521854111e-10,0,0.385863418850666,0,0,0,0,0
100-104,men,Complex,PHS,0,0,0.00529445336691299,0,0,0.608842127606584,0,0,0,0,0,1.75837521854111e-10,0,0.385863418850666,0,0,0,0,0
105-109,men,Complex,PHS,0,0,0.00529445336691299,0,0,0.608842127606584,0,0,0,0,0,1.75837521854111e-10,0,0.385863418850666,0,0,0,0,0
70-74,women,Complex,PHS,0,0,0.014468778049552,0,0,0.946053310035152,0,0,0,0,0,0.000264549234462732,0,0.0392133626808329,0,0,0,0,0
75-79,women,Complex,PHS,0,0,0.0148953698933168,0,0,0.925714537574648,0,0,0,0,0,0.000552701137264349,0,0.058837391394771,0,0,0,0,0
65-69,women,Complex,PHS,0,0,0.0131265582229952,0,0,0.953452254716241,0,0,0,0,0,0.000644245036136409,0,0.0327769420246279,0,0,0,0,0
80-84,women,Complex,PHS,0,0,0.0111508099398738,0,0,0.892395166074428,0,0,0,0,0,0.000867215090994049,0,0.095586808894704,0,0,0,0,0
85-89,women,Complex,PHS,0,0,0.0136148979430203,0,0,0.826300711747115,0,0,0,0,0,0.000844073287170932,0,0.159240317022694,0,0,0,0,0
90-94,women,Complex,PHS,0,0,0.0171157653289704,0,0,0.742154255807493,0,0,0,0,0,0.0012598078482338,0,0.239470171015303,0,0,0,0,0
95-99,women,Complex,PHS,0,0,0.00456237263506047,0,0,0.65929304002625,0,0,0,0,0,1.05615722668778e-10,0,0.336144587233074,0,0,0,0,0
100-104,women,Complex,PHS,0,0,0.00456237263506047,0,0,0.65929304002625,0,0,0,0,0,1.05615722668778e-10,0,0.336144587233074,0,0,0,0,0
105-109,women,Complex,PHS,0,0,0.00456237263506047,0,0,0.65929304002625,0,0,0,0,0,1.05615722668778e-10,0,0.336144587233074,0,0,0,0,0
70-74,men,Neuropsychiatric,PHS,0,0,0.0268434594372431,0,0,0.932652425474146,0,0,0,0,0,0.000483879984307801,0,0.0400202351043033,0,0,0,0,0
75-79,men,Neuropsychiatric,PHS,0,0,0.027619077774477,0,0,0.911240944724722,0,0,0,0,0,0.00101035212122958,0,0.0601296253795716,0,0,0,0,0
65-69,men,Neuropsychiatric,PHS,0,0,0.0243739218785283,0,0,0.940961620036703,0,0,0,0,0,0.00117937018776896,0,0.0334850878969999,0,0,0,0,0
80-84,men,Neuropsychiatric,PHS,0,0,0.0207376765826347,0,0,0.880701197821653,0,0,0,0,0,0.00159002894042447,0,0.0969710966552878,0,0,0,0,0
85-89,men,Neuropsychiatric,PHS,0,0,0.0252702606436961,0,0,0.812181390284568,0,0,0,0,0,0.00154454300904639,0,0.16100380606269,0,0,0,0,0
90-94,men,Neuropsychiatric,PHS,0,0,0.0316745996643981,0,0,0.724294359672414,0,0,0,0,0,0.00229849540339334,0,0.241732545259795,0,0,0,0,0
95-99,men,Neuropsychiatric,PHS,0,0,0.00854131854221811,0,0,0.65289513462821,0,0,0,0,0,1.94933849401261e-10,0,0.338563546634638,0,0,0,0,0
100-104,men,Neuropsychiatric,PHS,0,0,0.00854131854221811,0,0,0.65289513462821,0,0,0,0,0,1.94933849401261e-10,0,0.338563546634638,0,0,0,0,0
105-109,men,Neuropsychiatric,PHS,0,0,0.00854131854221811,0,0,0.65289513462821,0,0,0,0,0,1.94933849401261e-10,0,0.338563546634638,0,0,0,0,0
70-74,women,Neuropsychiatric,PHS,0,0,0.0232081053643061,0,0,0.944146893596548,0,0,0,0,0,0.000291599150937769,0,0.0323534018882084,0,0,0,0,0
75-79,women,Neuropsychiatric,PHS,0,0,0.0238858054114894,0,0,0.926857940149934,0,0,0,0,0,0.000609047084879866,0,0.0486472073536967,0,0,0,0,0
65-69,women,Neuropsychiatric,PHS,0,0,0.0210716263859698,0,0,0.951206344978114,0,0,0,0,0,0.000710673599401827,0,0.0270113550365145,0,0,0,0,0
80-84,women,Neuropsychiatric,PHS,0,0,0.0179215858040154,0,0,0.901616602584859,0,0,0,0,0,0.000957786611997862,0,0.0795040249991282,0,0,0,0,0
85-89,women,Neuropsychiatric,PHS,0,0,0.0218503705240464,0,0,0.843246508259323,0,0,0,0,0,0.000930885970118634,0,0.133972235246512,0,0,0,0,0
90-94,women,Neuropsychiatric,PHS,0,0,0.0274144186865724,0,0,0.766717722095477,0,0,0,0,0,0.00138662472728895,0,0.204481234490661,0,0,0,0,0
95-99,women,Neuropsychiatric,PHS,0,0,0.0073636605570587,0,0,0.700605955818265,0,0,0,0,0,1.17139534815064e-10,0,0.292030383507537,0,0,0,0,0
100-104,women,Neuropsychiatric,PHS,0,0,0.0073636605570587,0,0,0.700605955818265,0,0,0,0,0,1.17139534815064e-10,0,0.292030383507537,0,0,0,0,0
105-109,women,Neuropsychiatric,PHS,0,0,0.0073636605570587,0,0,0.700605955818265,0,0,0,0,0,1.17139534815064e-10,0,0.292030383507537,0,0,0,0,0
70-74,men,Cardiovascular,PHS,0,0,0.0256639532455777,0,0,0.947797039656168,0,0,0,0,0,0.000199323705484034,0,0.0263396833927705,0,0,0,0,0
75-79,men,Cardiovascular,PHS,0,0,0.0264152180251542,0,0,0.933282789353059,0,0,0,0,0,0.000416345627208101,0,0.0398856469945789,0,0,0,0,0
65-69,men,Cardiovascular,PHS,0,0,0.023309887253116,0,0,0.954309826734874,0,0,0,0,0,0.000485960675451007,0,0.0218943253365594,0,0,0,0,0
80-84,men,Cardiovascular,PHS,0,0,0.019834287375887,0,0,0.914061618430962,0,0,0,0,0,0.000655236009698808,0,0.0654488581834519,0,0,0,0,0
85-89,men,Cardiovascular,PHS,0,0,0.0241757493326015,0,0,0.86393679804867,0,0,0,0,0,0.000636658368875185,0,0.111250794249853,0,0,0,0,0
90-94,men,Cardiovascular,PHS,0,0,0.0303325129217516,0,0,0.796951675310135,0,0,0,0,0,0.000948368498574909,0,0.171767443269539,0,0,0,0,0
95-99,men,Cardiovascular,PHS,0,0,0.00815774115463968,0,0,0.742416543261045,0,0,0,0,0,8.02173821022794e-11,0,0.249425715504098,0,0,0,0,0
100-104,men,Cardiovascular,PHS,0,0,0.00815774115463968,0,0,0.742416543261045,0,0,0,0,0,8.02173821022794e-11,0,0.249425715504098,0,0,0,0,0
105-109,men,Cardiovascular,PHS,0,0,0.00815774115463968,0,0,0.742416543261045,0,0,0,0,0,8.02173821022794e-11,0,0.249425715504098,0,0,0,0,0
70-74,women,Cardiovascular,PHS,0,0,0.0221822448491311,0,0,0.956414587525108,0,0,0,0,0,0.000120084868236664,0,0.0212830827575248,0,0,0,0,0
75-79,women,Cardiovascular,PHS,0,0,0.0228355085942114,0,0,0.94474409754451,0,0,0,0,0,0.000250875292067639,0,0.0321695185692114,0,0,0,0,0
65-69,women,Cardiovascular,PHS,0,0,0.0201432404726978,0,0,0.961918348636213,0,0,0,0,0,0.000292710085022553,0,0.0176457008060663,0,0,0,0,0
80-84,women,Cardiovascular,PHS,0,0,0.0171323769604421,0,0,0.929041390942544,0,0,0,0,0,0.000394499240398902,0,0.0534317328566149,0,0,0,0,0
85-89,women,Cardiovascular,PHS,0,0,0.0208933675417158,0,0,0.886918681620397,0,0,0,0,0,0.000383514992916807,0,0.0918044358449708,0,0,0,0,0
90-94,women,Cardiovascular,PHS,0,0,0.0262342370751593,0,0,0.82975486728809,0,0,0,0,0,0.000571721549041078,0,0.14343917408771,0,0,0,0,0
95-99,women,Cardiovascular,PHS,0,0,0.00703265920579222,0,0,0.781547731013646,0,0,0,0,0,4.82020523964988e-11,0,0.21141960973236,0,0,0,0,0
100-104,women,Cardiovascular,PHS,0,0,0.00703265920579222,0,0,0.781547731013646,0,0,0,0,0,4.82020523964988e-11,0,0.21141960973236,0,0,0,0,0
105-109,women,Cardiovascular,PHS,0,0,0.00703265920579222,0,0,0.781547731013646,0,0,0,0,0,4.82020523964988e-11,0,0.21141960973236,0,0,0,0,0
70-74,men,Eye,PHS,0,0,0.0298725851797057,0,0,0.947195046608343,0,0,0,0,0,0.00203820816596502,0,0.0208941600459864,0,0,0,0,0
75-79,men,Eye,PHS,0,0,0.0306827211605325,0,0,0.933336796381617,0,0,0,0,0,0.00424848426047238,0,0.0317319981973779,0,0,0,0,0
65-69,men,Eye,PHS,0,0,0.0270717171325799,0,0,0.950670686984669,0,0,0,0,0,0.00495812064191693,0,0.017299475240834,0,0,0,0,0
80-84,men,Eye,PHS,0,0,0.0230135924036816,0,0,0.917923350096937,0,0,0,0,0,0.00667891482047492,0,0.0523841426789065,0,0,0,0,0
85-89,men,Eye,PHS,0,0,0.0280386563967826,0,0,0.875656265627496,0,0,0,0,0,0.00648670337696071,0,0.0898183745987604,0,0,0,0,0
90-94,men,Eye,PHS,0,0,0.0350553444342458,0,0,0.814773412198125,0,0,0,0,0,0.00962860341810094,0,0.140542639949529,0,0,0,0,0
95-99,men,Eye,PHS,0,0,0.00954303776431952,0,0,0.783468491083677,0,0,0,0,0,8.24376377025597e-10,0,0.206988470327627,0,0,0,0,0
100-104,men,Eye,PHS,0,0,0.00954303776431952,0,0,0.783468491083677,0,0,0,0,0,8.24376377025597e-10,0,0.206988470327627,0,0,0,0,0
105-109,men,Eye,PHS,0,0,0.00954303776431952,0,0,0.783468491083677,0,0,0,0,0,8.24376377025597e-10,0,0.206988470327627,0,0,0,0,0
70-74,women,Eye,PHS,0,0,0.025854301076981,0,0,0.956125078754478,0,0,0,0,0,0.00122957755058434,0,0.0167910426179565,0,0,0,0,0
75-79,women,Eye,PHS,0,0,0.0265815848743529,0,0,0.945413189777446,0,0,0,0,0,0.00256547865702465,0,0.025439746691176,0,0,0,0,0
65-69,women,Eye,PHS,0,0,0.0234485181485483,0,0,0.959665678854067,0,0,0,0,0,0.00299339537245852,0,0.013892407624926,0,0,0,0,0
80-84,women,Eye,PHS,0,0,0.019935709662165,0,0,0.933579953052659,0,0,0,0,0,0.00403274333522482,0,0.0424515939499516,0,0,0,0,0
85-89,women,Eye,PHS,0,0,0.0243022698113074,0,0,0.898285417447722,0,0,0,0,0,0.00391887194972192,0,0.0734934407912484,0,0,0,0,0
90-94,women,Eye,PHS,0,0,0.0304462283520669,0,0,0.847548333964275,0,0,0,0,0,0.00582894497256023,0,0.116176492711098,0,0,0,0,0
95-99,women,Eye,PHS,0,0,0.00822860299385494,0,0,0.818288005255613,0,0,0,0,0,4.95464336632926e-10,0,0.173483391255068,0,0,0,0,0
100-104,women,Eye,PHS,0,0,0.00822860299385494,0,0,0.818288005255613,0,0,0,0,0,4.95464336632926e-10,0,0.173483391255068,0,0,0,0,0
105-109,women,Eye,PHS,0,0,0.00822860299385494,0,0,0.818288005255613,0,0,0,0,0,4.95464336632926e-10,0,0.173483391255068,0,0,0,0,0
70-74,men,MSK,PHS,0,0,0.0125320419792159,0,0,0.973060645063117,0,0,0,0,0,0.000648217676241443,0,0.0137590952814261,0,0,0,0,0
75-79,men,MSK,PHS,0,0,0.0129014853361788,0,0,0.964771525224832,0,0,0,0,0,0.00135426343600136,0,0.0209727260029878,0,0,0,0,0
65-69,men,MSK,PHS,0,0,0.0113613069221086,0,0,0.975660789961287,0,0,0,0,0,0.00157744010534637,0,0.0114004630112583,0,0,0,0,0
80-84,men,MSK,PHS,0,0,0.00964847346777208,0,0,0.95334331991835,0,0,0,0,0,0.00212277221365618,0,0.0348854344002221,0,0,0,0,0
85-89,men,MSK,PHS,0,0,0.0118002289051817,0,0,0.9253328011649,0,0,0,0,0,0.00206957215262876,0,0.0607973977772894,0,0,0,0,0
90-94,men,MSK,PHS,0,0,0.0148906458628375,0,0,0.884973922592248,0,0,0,0,0,0.00310060109090264,0,0.0970348304540121,0,0,0,0,0
95-99,men,MSK,PHS,0,0,0.0039542501666958,0,0,0.849484599879831,0,0,0,0,0,2.58956214060338e-10,0,0.146561149694517,0,0,0,0,0
100-104,men,MSK,PHS,0,0,0.0039542501666958,0,0,0.849484599879831,0,0,0,0,0,2.58956214060338e-10,0,0.146561149694517,0,0,0,0,0
105-109,men,MSK,PHS,0,0,0.0039542501666958,0,0,0.849484599879831,0,0,0,0,0,2.58956214060338e-10,0,0.146561149694517,0,0,0,0,0
70-74,women,MSK,PHS,0,0,0.0108145890833596,0,0,0.977756956791493,0,0,0,0,0,0.000389902882025976,0,0.0110385512431213,0,0,0,0,0
75-79,women,MSK,PHS,0,0,0.0111370612194677,0,0,0.971253092399599,0,0,0,0,0,0.000814857075955346,0,0.0167949893049781,0,0,0,0,0
65-69,women,MSK,PHS,0,0,0.0098063486490394,0,0,0.98010052927837,0,0,0,0,0,0.000949028620802367,0,0.00914409345178834,0,0,0,0,0
80-84,women,MSK,PHS,0,0,0.00832773707118821,0,0,0.962231587735424,0,0,0,0,0,0.00127708318440217,0,0.0281635920089859,0,0,0,0,0
85-89,women,MSK,PHS,0,0,0.0101875717379519,0,0,0.939152705866145,0,0,0,0,0,0.00124539814436741,0,0.049414324251536,0,0,0,0,0
90-94,women,MSK,PHS,0,0,0.0128656961451436,0,0,0.905797765746575,0,0,0,0,0,0.00186729547558974,0,0.0794692426326918,0,0,0,0,0
95-99,women,MSK,PHS,0,0,0.00340730546336787,0,0,0.875216438660443,0,0,0,0,0,1.55532323280282e-10,0,0.121376255720657,0,0,0,0,0
100-104,women,MSK,PHS,0,0,0.00340730546336787,0,0,0.875216438660443,0,0,0,0,0,1.55532323280282e-10,0,0.121376255720657,0,0,0,0,0
105-109,women,MSK,PHS,0,0,0.00340730546336787,0,0,0.875216438660443,0,0,0,0,0,1.55532323280282e-10,0,0.121376255720657,0,0,0,0,0
70-74,men,Metabolic,PHS,0,0,0.0161810214453953,0,0,0.961669616525292,0,0,0,0,0,0.000604282301407021,0,0.0215450797279059,0,0,0,0,0
75-79,men,Metabolic,PHS,0,0,0.0166552817851895,0,0,0.949402242436088,0,0,0,0,0,0.00126226440952801,0,0.0326802113691942,0,0,0,0,0
65-69,men,Metabolic,PHS,0,0,0.0146752911678693,0,0,0.965962442753387,0,0,0,0,0,0.00147111364968147,0,0.0178911524290619,0,0,0,0,0
80-84,men,Metabolic,PHS,0,0,0.012468500504446,0,0,0.931676269088985,0,0,0,0,0,0.0019805870127532,0,0.053874643393816,0,0,0,0,0
85-89,men,Metabolic,PHS,0,0,0.0152337715205531,0,0,0.890421477282853,0,0,0,0,0,0.00192900116598474,0,0.0924157500306088,0,0,0,0,0
90-94,men,Metabolic,PHS,0,0,0.0191857136271526,0,0,0.83349261166048,0,0,0,0,0,0.00288433188253502,0,0.144437342829833,0,0,0,0,0
95-99,men,Metabolic,PHS,0,0,0.00511598623952345,0,0,0.782135471169452,0,0,0,0,0,2.41894768317304e-10,0,0.21274854234913,0,0,0,0,0
100-104,men,Metabolic,PHS,0,0,0.00511598623952345,0,0,0.782135471169452,0,0,0,0,0,2.41894768317304e-10,0,0.21274854234913,0,0,0,0,0
105-109,men,Metabolic,PHS,0,0,0.00511598623952345,0,0,0.782135471169452,0,0,0,0,0,2.41894768317304e-10,0,0.21274854234913,0,0,0,0,0
70-74,women,Metabolic,PHS,0,0,0.0139700906414571,0,0,0.968317457770372,0,0,0,0,0,0.000363647460708282,0,0.0173488041274622,0,0,0,0,0
75-79,women,Metabolic,PHS,0,0,0.0143841370780765,0,0,0.958573607868287,0,0,0,0,0,0.00075985296037769,0,0.0262824020932585,0,0,0,0,0
65-69,women,Metabolic,PHS,0,0,0.0126718415998293,0,0,0.972059396470527,0,0,0,0,0,0.00088541449648758,0,0.0143833474331556,0,0,0,0,0
80-84,women,Metabolic,PHS,0,0,0.0107651134239174,0,0,0.944266949157173,0,0,0,0,0,0.00119191614925138,0,0.0437760212696579,0,0,0,0,0
85-89,women,Metabolic,PHS,0,0,0.0131568820578108,0,0,0.909878216152284,0,0,0,0,0,0.00116124920145301,0,0.0758036525884523,0,0,0,0,0
90-94,women,Metabolic,PHS,0,0,0.0165835607719592,0,0,0.861964083288833,0,0,0,0,0,0.00173777063308511,0,0.119714585306122,0,0,0,0,0
95-99,women,Metabolic,PHS,0,0,0.00440888279153864,0,0,0.816877725237751,0,0,0,0,0,1.45302489630065e-10,0,0.178713391825408,0,0,0,0,0
100-104,women,Metabolic,PHS,0,0,0.00440888279153864,0,0,0.816877725237751,0,0,0,0,0,1.45302489630065e-10,0,0.178713391825408,0,0,0,0,0
105-109,women,Metabolic,PHS,0,0,0.00440888279153864,0,0,0.816877725237751,0,0,0,0,0,1.45302489630065e-10,0,0.178713391825408,0,0,0,0,0
70-74,men,Unspecified,AIS,0,0,0,0,0,0,0.937827435264871,0,0.000432389636443864,0,0,0.0032131065138363,0,0.047769164778523,0.000792722432048095,0.00230074188281502,0.00766443949146302,0,0
75-79,men,Unspecified,AIS,0,0,0,0,0,0,0.917946840607928,0,0.00141746778704181,0,0,0.00669017783473275,0,0.0614233924983337,0.00160452410626684,0.00250127657527806,0.00841632059041886,0,0
65-69,men,Unspecified,AIS,0,0,0,0,0,0,0.929183131934543,0,0.000352771369360765,0,0,0.00856225310637946,0,0.0528301397660462,0.0006342430501074,0.00186532740094469,0.00657213337261875,0,0
80-84,men,Unspecified,AIS,0,0,0,0,0,0,0.880046743217797,0,0.00193063418735919,0,0,0.0147101583595743,0,0.0840075747173113,0.00191323502637827,0.00340572563675562,0.0139859288548246,0,0
85-89,men,Unspecified,AIS,0,0,0,0,0,0,0.860817101824268,0,0.00141631250211595,0,0,0.0098421398841449,0,0.106337849045382,0.00227804097594957,0.00361932844154399,0.0156892273265952,0,0
90-94,men,Unspecified,AIS,0,0,0,0,0,0,0.792070943351692,0,0.000808033685355063,0,0,0.00994415458392027,0,0.170723416390147,0.00349330611500167,0.00372967930925943,0.0192304665646254,0,0
95-99,men,Unspecified,AIS,0,0,0,0,0,0,0.824932610306027,0,2.08081408402848e-10,0,0,1.78740965832648e-09,0,0.156996693934735,0.00209456899232775,0.000958676760426391,0.0150174480109924,0,0
100-104,men,Unspecified,AIS,0,0,0,0,0,0,0.824932610306027,0,2.08081408402848e-10,0,0,1.78740965832648e-09,0,0.156996693934735,0.00209456899232775,0.000958676760426391,0.0150174480109924,0,0
105-109,men,Unspecified,AIS,0,0,0,0,0,0,0.824932610306027,0,2.08081408402848e-10,0,0,1.78740965832648e-09,0,0.156996693934735,0.00209456899232775,0.000958676760426391,0.0150174480109924,0,0
70-74,women,Unspecified,AIS,0,0,0,0,0,0,0.944740749421186,0,0.000129953247988841,0,0,0.00163084765395323,0,0.0424223118713554,0.000216320426394571,0.00166781680800705,0.00919200057111552,0,0
75-79,women,Unspecified,AIS,0,0,0,0,0,0,0.928960562615292,0,0.000427971738992414,0,0,0.00341126897029003,0,0.0547987327121981,0.000439858166793951,0.00182151266309195,0.010140093133341,0,0
65-69,women,Unspecified,AIS,0,0,0,0,0,0,0.939029476444593,0,0.000106363687774586,0,0,0.0043597795070125,0,0.0470670129703843,0.000173628211935194,0.00135651222174857,0.00790722695655132,0,0
80-84,women,Unspecified,AIS,0,0,0,0,0,0,0.896440237677272,0,0.000586729253366263,0,0,0.00754973149033882,0,0.0754381481234638,0.000527923011656179,0.00249641046012879,0.0169608199837741,0,0
85-89,women,Unspecified,AIS,0,0,0,0,0,0,0.87673607454626,0,0.000430367261327119,0,0,0.00505063610834203,0,0.0954778940456113,0.000628501313297728,0.0026526302554087,0.0190238964697533,0,0
90-94,women,Unspecified,AIS,0,0,0,0,0,0,0.812921036995894,0,0.000247420622045989,0,0,0.00514222059708974,0,0.154466513284677,0.000971197582465864,0.00275452364751781,0.0234970872703102,0,0
95-99,women,Unspecified,AIS,0,0,0,0,0,0,0.841617991319729,0,6.31717248754744e-11,0,0,9.16410307148662e-10,0,0.138909695813047,0.000577362598291727,0.000701988894545398,0.0181929603948046,0,0
100-104,women,Unspecified,AIS,0,0,0,0,0,0,0.841617991319729,0,6.31717248754744e-11,0,0,9.16410307148662e-10,0,0.138909695813047,0.000577362598291727,0.000701988894545398,0.0181929603948046,0,0
105-109,women,Unspecified,AIS,0,0,0,0,0,0,0.841617991319729,0,6.31717248754744e-11,0,0,9.16410307148662e-10,0,0.138909695813047,0.000577362598291727,0.000701988894545398,0.0181929603948046,0,0
70-74,men,Complex,AIS,0,0,0,0,0,0,0.876500554159782,0,0.00143538636144848,0,0,0.0021696954752604,0,0.0997071047463066,0.00235425267902627,0.00270434356441781,0.0151286630137583,0,0
75-79,men,Complex,AIS,0,0,0,0,0,0,0.841371643050082,0,0.00461474613842996,0,0,0.00443049652921904,0,0.125734174541742,0.00467325252844141,0.00288334599289617,0.0162923412191891,0,0
65-69,men,Complex,AIS,0,0,0,0,0,0,0.866088423196678,0,0.00116793460091411,0,0,0.00576624880076335,0,0.109974468598178,0.0018785350271407,0.00218665712972495,0.012937732646601,0,0
80-84,men,Complex,AIS,0,0,0,0,0,0,0.782230129433992,0,0.00609527170608837,0,0,0.00944692672985556,0,0.166761749526921,0.00540380646746967,0.0038071778274844,0.0262549383081891,0,0
85-89,men,Complex,AIS,0,0,0,0,0,0,0.745057285350216,0,0.00435413756073318,0,0,0.00615478251945524,0,0.205549226418329,0.00626531592250296,0.00393977553554936,0.0286794766932142,0,0
90-94,men,Complex,AIS,0,0,0,0,0,0,0.638864872310774,0,0.0023149343075753,0,0,0.00579505008275012,0,0.307529807666691,0.00895332265438725,0.00378339010004052,0.0327586228777815,0,0
95-99,men,Complex,AIS,0,0,0,0,0,0,0.614136579474662,0,6.09566980016642e-10,0,0,1.06510488503359e-09,0,0.353221282505655,0.00548935365027107,0.000994399233638466,0.0261583834611016,0,0
100-104,men,Complex,AIS,0,0,0,0,0,0,0.614136579474662,0,6.09566980016642e-10,0,0,1.06510488503359e-09,0,0.353221282505655,0.00548935365027107,0.000994399233638466,0.0261583834611016,0,0
105-109,men,Complex,AIS,0,0,0,0,0,0,0.614136579474662,0,6.09566980016642e-10,0,0,1.06510488503359e-09,0,0.353221282505655,0.00548935365027107,0.000994399233638466,0.0261583834611016,0,0
70-74,women,Complex,AIS,0,0,0,0,0,0,0.88848109427995,0,0.000434097174490795,0,0,0.00110813669210314,0,0.0891002805263275,0.000646451186850785,0.00197264344377894,0.0182572966964986,0,0
75-79,women,Complex,AIS,0,0,0,0,0,0,0.859804540258149,0,0.00140696024442218,0,0,0.00228119714799483,0,0.113271895493344,0.00129365294272739,0.00212030997253916,0.0198214439408234,0,0
65-69,women,Complex,AIS,0,0,0,0,0,0,0.880370194046552,0,0.000354196095675847,0,0,0.00295321475988093,0,0.0985489358359653,0.000517260198586491,0.0015994641880812,0.0156567348752586,0,0
80-84,women,Complex,AIS,0,0,0,0,0,0,0.805358931292877,0,0.00187227723547336,0,0,0.00490054117378022,0,0.151359035638553,0.00150709765492562,0.00282064762943585,0.0321814693749549,0,0
85-89,women,Complex,AIS,0,0,0,0,0,0,0.768623678565594,0,0.00134013449784424,0,0,0.00319915558209172,0,0.18693770651664,0.00175086933418659,0.00292473354260001,0.0352237219610436,0,0
90-94,women,Complex,AIS,0,0,0,0,0,0,0.667059863330444,0,0.00072113507534046,0,0,0.00304867795533732,0,0.283074003576198,0.00253236734292879,0.00284267792553628,0.0407212747942154,0,0
95-99,women,Complex,AIS,0,0,0,0,0,0,0.663855412023835,0,1.88083712595814e-10,0,0,5.5500710164427e-10,0,0.301659079725844,0.00153785534534201,0.000740046692129559,0.0322076054697583,0,0
100-104,women,Complex,AIS,0,0,0,0,0,0,0.663855412023835,0,1.88083712595814e-10,0,0,5.5500710164427e-10,0,0.301659079725844,0.00153785534534201,0.000740046692129559,0.0322076054697583,0,0
105-109,women,Complex,AIS,0,0,0,0,0,0,0.663855412023835,0,1.88083712595814e-10,0,0,5.5500710164427e-10,0,0.301659079725844,0.00153785534534201,0.000740046692129559,0.0322076054697583,0,0
70-74,men,Neuropsychiatric,AIS,0,0,0,0,0,0,0.894431383249432,0,0.000493227258795965,0,0,0.00217053058822091,0,0.0860181711391976,0.00139105470021923,0.00297116223197431,0.0125244708321606,0,0
75-79,men,Neuropsychiatric,AIS,0,0,0,0,0,0,0.865080027482213,0,0.00159771624357867,0,0,0.00446573664794442,0,0.109292664639761,0.0027821719316496,0.00319179390938162,0.0135898891454724,0,0
65-69,men,Neuropsychiatric,AIS,0,0,0,0,0,0,0.884624524160264,0,0.00040169709161044,0,0,0.0057738089840264,0,0.094963754937166,0.00111099560131217,0.00240462356897218,0.0107205956566487,0,0
80-84,men,Neuropsychiatric,AIS,0,0,0,0,0,0,0.812239095469942,0,0.00213120801310297,0,0,0.00961639269519484,0,0.146391229212558,0.00324896802446052,0.00425620149360646,0.0221169050911354,0,0
85-89,men,Neuropsychiatric,AIS,0,0,0,0,0,0,0.77815412240446,0,0.00153130437531298,0,0,0.00630174697594797,0,0.181493496929966,0.00378891822609873,0.00443013645585394,0.0243002746323606,0,0
90-94,men,Neuropsychiatric,AIS,0,0,0,0,0,0,0.678813829528513,0,0.000828254424515727,0,0,0.0060363047724216,0,0.276247371236621,0.00550835863917548,0.00432805192983112,0.0282378294689217,0,0
95-99,men,Neuropsychiatric,AIS,0,0,0,0,0,0,0.661436452048438,0,2.16351025815469e-10,0,0,1.10057279695172e-09,0,0.311716788513435,0.003350206801805,0.00112845579942934,0.0223680955199687,0,0
100-104,men,Neuropsychiatric,AIS,0,0,0,0,0,0,0.661436452048438,0,2.16351025815469e-10,0,0,1.10057279695172e-09,0,0.311716788513435,0.003350206801805,0.00112845579942934,0.0223680955199687,0,0
105-109,men,Neuropsychiatric,AIS,0,0,0,0,0,0,0.661436452048438,0,2.16351025815469e-10,0,0,1.10057279695172e-09,0,0.311716788513435,0.003350206801805,0.00112845579942934,0.0223680955199687,0,0
70-74,women,Neuropsychiatric,AIS,0,0,0,0,0,0,0.904444646198482,0,0.000148800428313494,0,0,0.00110585816724842,0,0.0766800059143391,0.000381035850560669,0.0021619819424382,0.0150776714986181,0,0
75-79,women,Neuropsychiatric,AIS,0,0,0,0,0,0,0.879695696254188,0,0.000484727858185821,0,0,0.0022880623047498,0,0.0979770064876369,0.000766384679928026,0.0023356176940169,0.0164525047212951,0,0
65-69,women,Neuropsychiatric,AIS,0,0,0,0,0,0,0.897034810770407,0,0.000121526546597609,0,0,0.00294992714136705,0,0.0848916881898948,0.000305175264114094,0.0017546405205885,0.0129422315670312,0,0
80-84,women,Neuropsychiatric,AIS,0,0,0,0,0,0,0.831319572077832,0,0.0006507768626614,0,0,0.00495900860271385,0,0.132085803712292,0.000900774785337701,0.00313470754171483,0.0269493564174484,0,0
85-89,women,Neuropsychiatric,AIS,0,0,0,0,0,0,0.79816422024932,0,0.000468608653348774,0,0,0.00325676296402432,0,0.164113637412282,0.00105275795812146,0.00326989998697055,0.0296741127759334,0,0
90-94,women,Neuropsychiatric,AIS,0,0,0,0,0,0,0.704267207952636,0,0.000256373243456999,0,0,0.00315541510898062,0,0.252663151818125,0.00154808806362272,0.00323124569420253,0.0348785181189762,0,0
95-99,women,Neuropsychiatric,AIS,0,0,0,0,0,0,0.707969615855171,0,6.64479789185861e-11,0,0,5.70844734757685e-10,0,0.262846377685329,0.000934241066024833,0.000835941633611223,0.0274138231225719,0,0
100-104,women,Neuropsychiatric,AIS,0,0,0,0,0,0,0.707969615855171,0,6.64479789185861e-11,0,0,5.70844734757685e-10,0,0.262846377685329,0.000934241066024833,0.000835941633611223,0.0274138231225719,0,0
105-109,women,Neuropsychiatric,AIS,0,0,0,0,0,0,0.707969615855171,0,6.64479789185861e-11,0,0,5.70844734757685e-10,0,0.262846377685329,0.000934241066024833,0.000835941633611223,0.0274138231225719,0,0
70-74,men,Cardiovascular,AIS,0,0,0,0,0,0,0.914150637416158,0,0.00154052571170452,0,0,0.000734367390976907,0,0.0669555070962857,0.00126851874598919,0.00266070475399687,0.0126897388848887,0,0
75-79,men,Cardiovascular,AIS,0,0,0,0,0,0,0.888693382593245,0,0.00501587211275685,0,0,0.00151867731433856,0,0.085509041255876,0.00255012559382254,0.00287296334461415,0.0138399377853467,0,0
65-69,men,Cardiovascular,AIS,0,0,0,0,0,0,0.90841264880799,0,0.00126059049596955,0,0,0.00196274258762533,0,0.0742689763249353,0.0010179313300996,0.00216356964493258,0.0109135408084474,0,0
80-84,men,Cardiovascular,AIS,0,0,0,0,0,0,0.844340888822365,0,0.00677034680511518,0,0,0.00330919879794109,0,0.115897575481386,0.00301343142631237,0.00387664197571241,0.0227919166911685,0,0
85-89,men,Cardiovascular,AIS,0,0,0,0,0,0,0.815250521315475,0,0.00490273172460038,0,0,0.00218556214829062,0,0.144814447852369,0.00354178862725614,0.00406670011905858,0.0252382482129507,0,0
90-94,men,Cardiovascular,AIS,0,0,0,0,0,0,0.729567888772545,0,0.00272038227835954,0,0,0.00214764712231122,0,0.22611977497339,0.00528225279803292,0.00407574565624265,0.030086308399118,0,0
95-99,men,Cardiovascular,AIS,0,0,0,0,0,0,0.750574283403454,0,7.04331410143206e-10,0,0,3.88116820241373e-10,0,0.22156596878197,0.00318434793545088,0.00105329758762152,0.023622101199056,0,0
100-104,men,Cardiovascular,AIS,0,0,0,0,0,0,0.750574283403454,0,7.04331410143206e-10,0,0,3.88116820241373e-10,0,0.22156596878197,0.00318434793545088,0.00105329758762152,0.023622101199056,0,0
105-109,men,Cardiovascular,AIS,0,0,0,0,0,0,0.750574283403454,0,7.04331410143206e-10,0,0,3.88116820241373e-10,0,0.22156596878197,0.00318434793545088,0.00105329758762152,0.023622101199056,0,0
70-74,women,Cardiovascular,AIS,0,0,0,0,0,0,0.922106561141747,0,0.000463611760901247,0,0,0.000373228918067126,0,0.0595396968611929,0.000346614640836314,0.00193130455372047,0.0152389821235354,0,0
75-79,women,Cardiovascular,AIS,0,0,0,0,0,0,0.901702889300445,0,0.00151837875164551,0,0,0.000776382211950141,0,0.0764857486241792,0.00070090595972844,0.00209764665108871,0.0167180485009632,0,0
65-69,women,Cardiovascular,AIS,0,0,0,0,0,0,0.917517613851175,0,0.000379863367269719,0,0,0.000998833591140356,0,0.0661295618543532,0.000278507174127917,0.00157250795193665,0.0131231122099969,0,0
80-84,women,Cardiovascular,AIS,0,0,0,0,0,0,0.86074640710432,0,0.00205916174103627,0,0,0.00169972558286057,0,0.104157061232971,0.00083215720580566,0.00284383126342084,0.0276616558695866,0,0
85-89,women,Cardiovascular,AIS,0,0,0,0,0,0,0.832388376294966,0,0.00149346551491457,0,0,0.00112433735076283,0,0.130347823630862,0.000979589742057891,0.00298791200591305,0.0306784954605233,0,0
90-94,women,Cardiovascular,AIS,0,0,0,0,0,0,0.751369250444627,0,0.000835872027331373,0,0,0.00111442074372073,0,0.205297292301389,0.00147364731345186,0.00302054642093142,0.0368889707485494,0,0
95-99,women,Cardiovascular,AIS,0,0,0,0,0,0,0.783596240006754,0,2.1498042141403e-10,0,0,2.00060212765642e-10,0,0.185974635233528,0.000882484097536832,0.000775428088284578,0.0287712121588558,0,0
100-104,women,Cardiovascular,AIS,0,0,0,0,0,0,0.783596240006754,0,2.1498042141403e-10,0,0,2.00060212765642e-10,0,0.185974635233528,0.000882484097536832,0.000775428088284578,0.0287712121588558,0,0
105-109,women,Cardiovascular,AIS,0,0,0,0,0,0,0.783596240006754,0,2.1498042141403e-10,0,0,2.00060212765642e-10,0,0.185974635233528,0.000882484097536832,0.000775428088284578,0.0287712121588558,0,0
70-74,men,Eye,AIS,0,0,0,0,0,0,0.931085316093938,0,0.00112335332238338,0,0,0.00612180211889834,0,0.0494751892496382,0.00105894562518495,0.00238500282091456,0.00875039076904301,0,0
75-79,men,Eye,AIS,0,0,0,0,0,0,0.906147360414584,0,0.00366158440830514,0,0,0.012673792169259,0,0.063254054705586,0.00213114752074076,0.00257808640473532,0.00955397437678995,0,0
65-69,men,Eye,AIS,0,0,0,0,0,0,0.918156519248061,0,0.000912185763172158,0,0,0.0162364503001798,0,0.0544590971119348,0.000843251438387157,0.00192453108152622,0.00746796505673864,0,0
80-84,men,Eye,AIS,0,0,0,0,0,0,0.860109569421799,0,0.00493767596143539,0,0,0.0275900830814584,0,0.0856524437820193,0.00251595188357282,0.00347545886392673,0.0157188170057882,0,0
85-89,men,Eye,AIS,0,0,0,0,0,0,0.844575809937206,0,0.00363631413742877,0,0,0.0185312581395071,0,0.108840090768856,0.0030072895976857,0.0037077479369498,0.0177014894823662,0,0
90-94,men,Eye,AIS,0,0,0,0,0,0,0.774960962035719,0,0.00206880598514565,0,0,0.0186711570380783,0,0.174253740426628,0.00459873470928269,0.00381014663387718,0.0216364531712691,0,0
95-99,men,Eye,AIS,0,0,0,0,0,0,0.793011525735942,0,5.39276360127639e-10,0,0,3.39715428596659e-09,0,0.18610264559277,0.00279115650569297,0.000991357289720111,0.0171033109394441,0,0
100-104,men,Eye,AIS,0,0,0,0,0,0,0.793011525735942,0,5.39276360127639e-10,0,0,3.39715428596659e-09,0,0.18610264559277,0.00279115650569297,0.000991357289720111,0.0171033109394441,0,0
105-109,men,Eye,AIS,0,0,0,0,0,0,0.793011525735942,0,5.39276360127639e-10,0,0,3.39715428596659e-09,0,0.18610264559277,0.00279115650569297,0.000991357289720111,0.0171033109394441,0,0
70-74,women,Eye,AIS,0,0,0,0,0,0,0.93997610980007,0,0.000338349750059808,0,0,0.00311390372903868,0,0.0440323406594431,0.000289592737699516,0.00173263454254477,0.0105170687811439,0,0
75-79,women,Eye,AIS,0,0,0,0,0,0,0.921635347727829,0,0.0011110957619737,0,0,0.00649479474115848,0,0.0567160051088389,0.000587165424871078,0.00188689830825836,0.0115686929270702,0,0
65-69,women,Eye,AIS,0,0,0,0,0,0,0.93202219398225,0,0.000276258067449532,0,0,0.00830422629513213,0,0.0487345475681216,0.000231874660178481,0.00140580535899705,0.00902509406787093,0,0
80-84,women,Eye,AIS,0,0,0,0,0,0,0.884078055477641,0,0.00151419415142837,0,0,0.0142885577791086,0,0.0776128371443627,0.000700528534625755,0.00257063085911698,0.0192351960537169,0,0
85-89,women,Eye,AIS,0,0,0,0,0,0,0.865783464832226,0,0.00111212650400848,0,0,0.00957137012212854,0,0.0983595456467155,0.000835088626241675,0.00273508976206607,0.0216033145066133,0,0
90-94,women,Eye,AIS,0,0,0,0,0,0,0.800291094186039,0,0.000637397080250332,0,0,0.00971489130349848,0,0.158638004080066,0.00128645080415689,0.00283139578441953,0.0266007667615699,0,0
95-99,women,Eye,AIS,0,0,0,0,0,0,0.826516606838068,0,1.6384106048709e-10,0,0,1.74302271618842e-09,0,0.15125173516256,0.000769945662289638,0.00072645740896872,0.0207352530212494,0,0
100-104,women,Eye,AIS,0,0,0,0,0,0,0.826516606838068,0,1.6384106048709e-10,0,0,1.74302271618842e-09,0,0.15125173516256,0.000769945662289638,0.00072645740896872,0.0207352530212494,0,0
105-109,women,Eye,AIS,0,0,0,0,0,0,0.826516606838068,0,1.6384106048709e-10,0,0,1.74302271618842e-09,0,0.15125173516256,0.000769945662289638,0.00072645740896872,0.0207352530212494,0,0
70-74,men,MSK,AIS,0,0,0,0,0,0,0.953887898555253,0,0.000490779108831824,0,0,0.00436593948937551,0,0.0340635688426755,0.000501143007526835,0.00143757336285601,0.00525309763348098,0,0
75-79,men,MSK,AIS,0,0,0,0,0,0,0.936934736460381,0,0.00161451242985728,0,0,0.00912236941364933,0,0.0439535241414943,0.00101789780277155,0.00156834367889388,0.00578861607295311,0,0
65-69,men,MSK,AIS,0,0,0,0,0,0,0.944270570373167,0,0.000400059745158467,0,0,0.0116241547494387,0,0.0376395992113033,0.000400605562975198,0.00116449578263438,0.0045005145753226,0,0
80-84,men,MSK,AIS,0,0,0,0,0,0,0.90404510515407,0,0.00221320038521438,0,0,0.0201873768825176,0,0.0605021627296034,0.00122157125182516,0.00214922424136325,0.00968135935540591,0,0
85-89,men,MSK,AIS,0,0,0,0,0,0,0.892677962404108,0,0.00163900169045662,0,0,0.013634890174343,0,0.0773107509456166,0.00146828911784419,0.00230568320125342,0.0109634224663785,0,0
90-94,men,MSK,AIS,0,0,0,0,0,0,0.83961955629455,0,0.000955838051560611,0,0,0.0140820056632698,0,0.126876050234801,0.0023015543204011,0.00242872122340692,0.0137362742120112,0,0
95-99,men,MSK,AIS,0,0,0,0,0,0,0.853438847540726,0,2.45030804414375e-10,0,0,2.51972593178792e-09,0,0.133887489583132,0.00137376299231882,0.000621456784693051,0.0106784403343734,0,0
100-104,men,MSK,AIS,0,0,0,0,0,0,0.853438847540726,0,2.45030804414375e-10,0,0,2.51972593178792e-09,0,0.133887489583132,0.00137376299231882,0.000621456784693051,0.0106784403343734,0,0
105-109,men,MSK,AIS,0,0,0,0,0,0,0.853438847540726,0,2.45030804414375e-10,0,0,2.51972593178792e-09,0,0.133887489583132,0.00137376299231882,0.000621456784693051,0.0106784403343734,0,0
70-74,women,MSK,AIS,0,0,0,0,0,0,0.959947362946779,0,0.000147352767200335,0,0,0.00221373865701289,0,0.0302201904947616,0.000136615011672424,0.00104104818392669,0.00629369193864672,0,0
75-79,women,MSK,AIS,0,0,0,0,0,0,0.947301386956279,0,0.000487015039882655,0,0,0.00464713237603224,0,0.0391768491588811,0.000278785176190739,0.00114106610141664,0.0069677651913175,0,0
65-69,women,MSK,AIS,0,0,0,0,0,0,0.954065814734159,0,0.000120594883421062,0,0,0.00591754840841195,0,0.0335261621069086,0.000109644164877211,0.000846662907320361,0.00541357279490189,0,0
80-84,women,MSK,AIS,0,0,0,0,0,0,0.920975310703163,0,0.000672668008594114,0,0,0.0103618269693159,0,0.054335761500079,0.000337103576505603,0.00157554333296882,0.0117417859093736,0,0
85-89,women,MSK,AIS,0,0,0,0,0,0,0.907838046483268,0,0.000497296170938437,0,0,0.00698656600314409,0,0.0693123187264243,0.000404493748578277,0.00168734517768405,0.0132739336899631,0,0
90-94,women,MSK,AIS,0,0,0,0,0,0,0.85888023677164,0,0.000291713499515449,0,0,0.00725793600485089,0,0.114415979793579,0.000637761004741769,0.00178779807381139,0.0167285748518618,0,0
95-99,women,MSK,AIS,0,0,0,0,0,0,0.8786237429194,0,7.40452867722038e-11,0,0,1.28589778294897e-09,0,0.107669742465257,0.000376923371062899,0.000452956246205031,0.0128766336381326,0,0
100-104,women,MSK,AIS,0,0,0,0,0,0,0.8786237429194,0,7.40452867722038e-11,0,0,1.28589778294897e-09,0,0.107669742465257,0.000376923371062899,0.000452956246205031,0.0128766336381326,0,0
105-109,women,MSK,AIS,0,0,0,0,0,0,0.8786237429194,0,7.40452867722038e-11,0,0,1.28589778294897e-09,0,0.107669742465257,0.000376923371062899,0.000452956246205031,0.0128766336381326,0,0
70-74,men,Metabolic,AIS,0,0,0,0,0,0,0.931962532834997,0,0.000911377603163132,0,0,0.00324769101120374,0,0.0520327592925641,0.000821558911212942,0.00236639774562102,0.00865768260123803,0,0
75-79,men,Metabolic,AIS,0,0,0,0,0,0,0.909836706267854,0,0.00297993421380479,0,0,0.00674462248146376,0,0.0667318879065938,0.00165857155235993,0.00256597229719391,0.00948230528072979,0,0
65-69,men,Metabolic,AIS,0,0,0,0,0,0,0.923081143481662,0,0.000743326214464809,0,0,0.00865168472814063,0,0.0575273026862551,0.000657107346346061,0.00191795298475328,0.007421482558378,0,0
80-84,men,Metabolic,AIS,0,0,0,0,0,0,0.869093333689721,0,0.00404397281037662,0,0,0.0147758368762098,0,0.090935365176731,0.00197047552552455,0.0034810852739865,0.0156999306474507,0,0
85-89,men,Metabolic,AIS,0,0,0,0,0,0,0.848642952015089,0,0.00296156157732556,0,0,0.00986910379836638,0,0.114909433404241,0.00234216613443219,0.00369306067342485,0.0175817223971215,0,0
90-94,men,Metabolic,AIS,0,0,0,0,0,0,0.776240767028695,0,0.00167961362044678,0,0,0.00991229671699142,0,0.183391477046904,0.0035703521480289,0.00378310314142332,0.0214223902975106,0,0
95-99,men,Metabolic,AIS,0,0,0,0,0,0,0.7872514554294,0,4.33945146151573e-10,0,0,1.78752515352907e-09,0,0.192841144910021,0.00214778454820403,0.000975597154159563,0.0167840157367448,0,0
100-104,men,Metabolic,AIS,0,0,0,0,0,0,0.7872514554294,0,4.33945146151573e-10,0,0,1.78752515352907e-09,0,0.192841144910021,0.00214778454820403,0.000975597154159563,0.0167840157367448,0,0
105-109,men,Metabolic,AIS,0,0,0,0,0,0,0.7872514554294,0,4.33945146151573e-10,0,0,1.78752515352907e-09,0,0.192841144910021,0.00214778454820403,0.000975597154159563,0.0167840157367448,0,0
70-74,women,Metabolic,AIS,0,0,0,0,0,0,0.939503036707838,0,0.000274107068214239,0,0,0.00164957852617737,0,0.0462416755378782,0.00022434950398157,0.00171663598115725,0.0103906166747537,0,0
75-79,women,Metabolic,AIS,0,0,0,0,0,0,0.922252451045238,0,0.000901187560542644,0,0,0.0034446298914856,0,0.0596316389069416,0.000455414909053965,0.00187166905743031,0.0114430086293074,0,0
65-69,women,Metabolic,AIS,0,0,0,0,0,0,0.933565033220793,0,0.000224288132133074,0,0,0.00440863291233248,0,0.0512903518974571,0.000180022872766322,0.00139583276191975,0.00893583820259842,0,0
80-84,women,Metabolic,AIS,0,0,0,0,0,0,0.887155370485349,0,0.0012315828760097,0,0,0.00759948060711263,0,0.0818319786312461,0.000544867595353045,0.00255704671570864,0.019079673089221,0,0
85-89,women,Metabolic,AIS,0,0,0,0,0,0,0.865941587290316,0,0.000901584638097869,0,0,0.00507387613936709,0,0.103365650395893,0.000647392931992264,0.00271169452634882,0.0213582140779845,0,0
90-94,women,Metabolic,AIS,0,0,0,0,0,0,0.798107235293748,0,0.00051522429763999,0,0,0.00513496692074946,0,0.166226751833773,0.000994403218919954,0.00279900526567343,0.0262224131694963,0,0
95-99,women,Metabolic,AIS,0,0,0,0,0,0,0.821286607125172,0,1.31893984074918e-10,0,0,9.17526723432981e-10,0,0.157048941803674,0.000592714273478669,0.000715202892693891,0.0203565328555605,0,0
100-104,women,Metabolic,AIS,0,0,0,0,0,0,0.821286607125172,0,1.31893984074918e-10,0,0,9.17526723432981e-10,0,0.157048941803674,0.000592714273478669,0.000715202892693891,0.0203565328555605,0,0
105-109,women,Metabolic,AIS,0,0,0,0,0,0,0.821286607125172,0,1.31893984074918e-10,0,0,9.17526723432981e-10,0,0.157048941803674,0.000592714273478669,0.000715202892693891,0.0203565328555605,0,0
70-74,men,Unspecified,PIS,0,0,0,0.0293164958890649,0,0,0.951081175528981,0,0,0,0,0.00260568594237346,0,0.0163203273346616,0,0.000449428154425465,0.000226887150493761,0,0
75-79,men,Unspecified,PIS,0,0,0,0.0309642174915967,0,0,0.937669138159364,0,0,0,0,0.00551009064600868,0,0.0251072969097028,0,0.000496224527286904,0.000253032266041188,0,0
65-69,men,Unspecified,PIS,0,0,0,0.0310127857698915,0,0,0.947960836361697,0,0,0,0,0.00696222133241318,0,0.0135037318833862,0,0.000365350968700171,0.000195073683911863,0,0
80-84,men,Unspecified,PIS,0,0,0,0.0351822404854256,0,0,0.909447606380137,0,0,0,0,0.0124600205652848,0,0.0417828184470097,0,0.000694874699148922,0.000432439422993623,0,0
85-89,men,Unspecified,PIS,0,0,0,0.0295120363677215,0,0,0.88768734757396,0,0,0,0,0.00858982503640018,0,0.0729500698792163,0,0.000760883575852076,0.00049983756685034,0,0
90-94,men,Unspecified,PIS,0,0,0,0.0335605921712707,0,0,0.839745629695453,0,0,0,0,0.0093213315608153,0,0.115872310746027,0,0.000842125871826518,0.000658009954607496,0,0
95-99,men,Unspecified,PIS,0,0,0,0.0182459967200829,0,0,0.806686613930889,0,0,0,0,1.65054601822783e-09,0,0.174347934718012,0,0.000213241223639325,0.000506211756830118,0,0
100-104,men,Unspecified,PIS,0,0,0,0.0182459967200829,0,0,0.806686613930889,0,0,0,0,1.65054601822783e-09,0,0.174347934718012,0,0.000213241223639325,0.000506211756830118,0,0
105-109,men,Unspecified,PIS,0,0,0,0.0182459967200829,0,0,0.806686613930889,0,0,0,0,1.65054601822783e-09,0,0.174347934718012,0,0.000213241223639325,0.000506211756830118,0,0
70-74,women,Unspecified,PIS,0,0,0,0.0308758596962257,0,0,0.954174616926371,0,0,0,0,0.00131318775147206,0,0.0130426665879112,0,0.000323487278165023,0.00027018175985526,0,0
75-79,women,Unspecified,PIS,0,0,0,0.0326599209256378,0,0,0.943849343711903,0,0,0,0,0.00278106741640516,0,0.0200501986340639,0,0.000357703489803501,0.000301765822186878,0,0
65-69,women,Unspecified,PIS,0,0,0,0.0327311293316869,0,0,0.952470368563723,0,0,0,0,0.00351613701689812,0,0.010786054323256,0,0.000263524140218945,0.000232786624216818,0,0
80-84,women,Unspecified,PIS,0,0,0,0.0372383730338928,0,0,0.921772623797814,0,0,0,0,0.00631078984648247,0,0.0336580403672825,0,0.000502647625349434,0.000517525329178629,0,0
85-89,women,Unspecified,PIS,0,0,0,0.031193539155524,0,0,0.903992583649588,0,0,0,0,0.00434457747222058,0,0.0593223093285867,0,0.000549634031410279,0.000597356362670443,0,0
90-94,women,Unspecified,PIS,0,0,0,0.0355038231149475,0,0,0.863272965946008,0,0,0,0,0.00471868748990721,0,0.0951085936826143,0,0.000608852995039816,0.000787076771482791,0,0
95-99,women,Unspecified,PIS,0,0,0,0.0192223954050828,0,0,0.835035177980967,0,0,0,0,8.32080424511656e-10,0,0.14498590143123,0,0.000153532743629807,0.000602991607009924,0,0
100-104,women,Unspecified,PIS,0,0,0,0.0192223954050828,0,0,0.835035177980967,0,0,0,0,8.32080424511656e-10,0,0.14498590143123,0,0.000153532743629807,0.000602991607009924,0,0
105-109,women,Unspecified,PIS,0,0,0,0.0192223954050828,0,0,0.835035177980967,0,0,0,0,8.32080424511656e-10,0,0.14498590143123,0,0.000153532743629807,0.000602991607009924,0,0
70-74,men,Complex,PIS,0,0,0,0.0403914728720314,0,0,0.909348546180622,0,0,0,0,0.0018534688132797,0,0.0473782811664425,0,0.000556472610579128,0.000471758357045275,0,0
75-79,men,Complex,PIS,0,0,0,0.0426099107953955,0,0,0.880868782877331,0,0,0,0,0.00391466714891471,0,0.071467486767175,0,0.000613669628194537,0.000525482782989439,0,0
65-69,men,Complex,PIS,0,0,0,0.0427332526606653,0,0,0.91175240015837,0,0,0,0,0.00495288881954031,0,0.0397033847006045,0,0.000452419506707356,0.000405654154112371,0,0
80-84,men,Complex,PIS,0,0,0,0.0483035155834416,0,0,0.826785589628838,0,0,0,0,0.00883201074539481,0,0.114325505859377,0,0.000857368717914224,0.000896009465034316,0,0
85-89,men,Complex,PIS,0,0,0,0.040465029608996,0,0,0.763463005557665,0,0,0,0,0.00608065810509138,0,0.188019446008002,0,0.000937572330521573,0.00103428838972356,0,0
90-94,men,Complex,PIS,0,0,0,0.0456044711054314,0,0,0.667461267201855,0,0,0,0,0.00653945185032372,0,0.278017007983281,0,0.00102839677329776,0.0013494050858115,0,0
95-99,men,Complex,PIS,0,0,0,0.0249340827063816,0,0,0.589202497278454,0,0,0,0,1.16449873914199e-09,0,0.384557563528169,0,0.000261880316093905,0.00104397500640281,0,0
100-104,men,Complex,PIS,0,0,0,0.0249340827063816,0,0,0.589202497278454,0,0,0,0,1.16449873914199e-09,0,0.384557563528169,0,0.000261880316093905,0.00104397500640281,0,0
105-109,men,Complex,PIS,0,0,0,0.0249340827063816,0,0,0.589202497278454,0,0,0,0,1.16449873914199e-09,0,0.384557563528169,0,0.000261880316093905,0.00104397500640281,0,0
70-74,women,Complex,PIS,0,0,0,0.04251985678246,0,0,0.917333128304854,0,0,0,0,0.000933652231853213,0,0.0382515020599794,0,0.000400346307532877,0.000561514313320677,0,0
75-79,women,Complex,PIS,0,0,0,0.0449087360080978,0,0,0.89427957415995,0,0,0,0,0.00197429843718072,0,0.0577691616330642,0,0.000442022897624336,0.000626206864082413,0,0
65-69,women,Complex,PIS,0,0,0,0.045052512038752,0,0,0.91967187311053,0,0,0,0,0.0024986728260897,0,0.0319674095202837,0,0.000325975014669453,0.000483557489674738,0,0
80-84,women,Complex,PIS,0,0,0,0.0510435181435425,0,0,0.848903667988357,0,0,0,0,0.00446600497339627,0,0.0938970589872739,0,0.000619183570916018,0.00107056633651407,0,0
85-89,women,Complex,PIS,0,0,0,0.0427414451507403,0,0,0.794944847793056,0,0,0,0,0.00307339003351005,0,0.157328274755636,0,0.000676805770076258,0.00123523649698186,0,0
90-94,women,Complex,PIS,0,0,0,0.0482418500887786,0,0,0.708977768246557,0,0,0,0,0.00331021064936163,0,0.237112715202698,0,0.000743476366116936,0.00161397944648804,0,0
95-99,women,Complex,PIS,0,0,0,0.0263049868169515,0,0,0.637550425362104,0,0,0,0,5.87870231687602e-10,0,0.334710471999114,0,0.000188815429190764,0.00124529980476912,0,0
100-104,women,Complex,PIS,0,0,0,0.0263049868169515,0,0,0.637550425362104,0,0,0,0,5.87870231687602e-10,0,0.334710471999114,0,0.000188815429190764,0.00124529980476912,0,0
105-109,women,Complex,PIS,0,0,0,0.0263049868169515,0,0,0.637550425362104,0,0,0,0,5.87870231687602e-10,0,0.334710471999114,0,0.000188815429190764,0.00124529980476912,0,0
70-74,men,Neuropsychiatric,PIS,0,0,0,0.0485117695213383,0,0,0.909663934335286,0,0,0,0,0.00180406103907223,0,0.0390453911364836,0,0.000594849515625975,0.000379994452193713,0,0
75-79,men,Neuropsychiatric,PIS,0,0,0,0.0511735910597401,0,0,0.884886663781553,0,0,0,0,0.00381011977913544,0,0.0590504206473213,0,0.000655957635231006,0.000423247097019282,0,0
65-69,men,Neuropsychiatric,PIS,0,0,0,0.0513089112856091,0,0,0.910386590018964,0,0,0,0,0.00481941079842693,0,0.0326749625939892,0,0.000483475046048626,0.000326650256962042,0,0
80-84,men,Neuropsychiatric,PIS,0,0,0,0.057987854322169,0,0,0.836448413196579,0,0,0,0,0.0085926358259642,0,0.0953336283096497,0,0.000916076674708667,0.000721391670929387,0,0
85-89,men,Neuropsychiatric,PIS,0,0,0,0.0486878997375433,0,0,0.784379037109522,0,0,0,0,0.0059292570902457,0,0.159165155141904,0,0.0010040419368715,0.000834608983914465,0,0
90-94,men,Neuropsychiatric,PIS,0,0,0,0.0549277082476025,0,0,0.696956613095355,0,0,0,0,0.0063831333972474,0,0.239540115875376,0,0.00110242906291632,0.00109000032150254,0,0
95-99,men,Neuropsychiatric,PIS,0,0,0,0.0301427959208943,0,0,0.631293656303594,0,0,0,0,1.14087398821389e-09,0,0.337435364574435,0,0.000281772682533066,0.000846409377670217,0,0
100-104,men,Neuropsychiatric,PIS,0,0,0,0.0301427959208943,0,0,0.631293656303594,0,0,0,0,1.14087398821389e-09,0,0.337435364574435,0,0.000281772682533066,0.000846409377670217,0,0
105-109,men,Neuropsychiatric,PIS,0,0,0,0.0301427959208943,0,0,0.631293656303594,0,0,0,0,1.14087398821389e-09,0,0.337435364574435,0,0.000281772682533066,0.000846409377670217,0,0
70-74,women,Neuropsychiatric,PIS,0,0,0,0.0510387197879955,0,0,0.915699636206491,0,0,0,0,0.000908242117305332,0,0.031473659745844,0,0.000427710290440614,0.000452031851923847,0,0
75-79,women,Neuropsychiatric,PIS,0,0,0,0.0538984099926924,0,0,0.895534094326544,0,0,0,0,0.0019202883270673,0,0.0476710023129407,0,0.000472167164248369,0.000504037876507565,0,0
65-69,women,Neuropsychiatric,PIS,0,0,0,0.0540577961927832,0,0,0.916501123127929,0,0,0,0,0.00242972564277369,0,0.0262741109045836,0,0.00034812044607324,0.000389123685857639,0,0
80-84,women,Neuropsychiatric,PIS,0,0,0,0.06122470861964,0,0,0.854930025867799,0,0,0,0,0.00434124051343248,0,0.0779818179010855,0,0.000661015196371017,0.000861191901671699,0,0
85-89,women,Neuropsychiatric,PIS,0,0,0,0.0513854306985949,0,0,0.811647884538797,0,0,0,0,0.00299444951609638,0,0.132252073270436,0,0.00072420370784784,0.000995958268228348,0,0
90-94,women,Neuropsychiatric,PIS,0,0,0,0.0580402840086165,0,0,0.734250955691,0,0,0,0,0.00322752580972282,0,0.202382836014815,0,0.000796120183301468,0.00130227829254446,0,0
95-99,women,Neuropsychiatric,PIS,0,0,0,0.0317759539218692,0,0,0.676193661995087,0,0,0,0,5.75506848317327e-10,0,0.290818511123341,0,0.000203003666219721,0.00100886871797644,0,0
100-104,women,Neuropsychiatric,PIS,0,0,0,0.0317759539218692,0,0,0.676193661995087,0,0,0,0,5.75506848317327e-10,0,0.290818511123341,0,0.000203003666219721,0.00100886871797644,0,0
105-109,women,Neuropsychiatric,PIS,0,0,0,0.0317759539218692,0,0,0.676193661995087,0,0,0,0,5.75506848317327e-10,0,0.290818511123341,0,0.000203003666219721,0.00100886871797644,0,0
70-74,men,Cardiovascular,PIS,0,0,0,0.0343518698000535,0,0,0.938700529132261,0,0,0,0,0.000607917674914527,0,0.0254256798741125,0,0.000530546558070755,0.000383456960587195,0,0
75-79,men,Cardiovascular,PIS,0,0,0,0.0363342226609303,0,0,0.922492773678626,0,0,0,0,0.00128735666586435,0,0.0388707715908567,0,0.000586622741134877,0.000428252662587304,0,0
65-69,men,Cardiovascular,PIS,0,0,0,0.03644475502853,0,0,0.940031899469259,0,0,0,0,0.00162902016565189,0,0.0211311376697435,0,0.000432543135014895,0.000330644531801086,0,0
80-84,men,Cardiovascular,PIS,0,0,0,0.0414316692770407,0,0,0.890197930928755,0,0,0,0,0.00292154161075274,0,0.0638899354059374,0,0.00082440447719826,0.000734518300316203,0,0
85-89,men,Cardiovascular,PIS,0,0,0,0.0346543090958975,0,0,0.852086605090683,0,0,0,0,0.00200829156356578,0,0.109504117294104,0,0.000900121595320281,0.000846555360429556,0,0
90-94,men,Cardiovascular,PIS,0,0,0,0.0392913711119371,0,0,0.786768334831204,0,0,0,0,0.00217285078732077,0,0.169663029205153,0,0.000993274950581601,0.001111139113804,0,0
95-99,men,Cardiovascular,PIS,0,0,0,0.0212874306694798,0,0,0.729286853443009,0,0,0,0,3.83413738029226e-10,0,0.248323238152022,0,0.000250640774716999,0.000851836577359368,0,0
100-104,men,Cardiovascular,PIS,0,0,0,0.0212874306694798,0,0,0.729286853443009,0,0,0,0,3.83413738029226e-10,0,0.248323238152022,0,0.000250640774716999,0.000851836577359368,0,0
105-109,men,Cardiovascular,PIS,0,0,0,0.0212874306694798,0,0,0.729286853443009,0,0,0,0,3.83413738029226e-10,0,0.248323238152022,0,0.000250640774716999,0.000851836577359368,0,0
70-74,women,Cardiovascular,PIS,0,0,0,0.0361398979915101,0,0,0.942270978636312,0,0,0,0,0.000306040614653364,0,0.0204454880667674,0,0.000381460851261184,0.000456133839496153,0,0
75-79,women,Cardiovascular,PIS,0,0,0,0.0382416573764374,0,0,0.928940462174632,0,0,0,0,0.000648361879719304,0,0.0312379242277726,0,0.000421958421151374,0.000509635920287432,0,0
65-69,women,Cardiovascular,PIS,0,0,0,0.0383588090562508,0,0,0.943175036029823,0,0,0,0,0.000820454107860122,0,0.0169410782544463,0,0.000311135405390446,0.000393487146229606,0,0
80-84,women,Cardiovascular,PIS,0,0,0,0.0436448045428543,0,0,0.901450777301507,0,0,0,0,0.00147268529902372,0,0.0519633529774089,0,0.000593513216182837,0.000874866663023124,0,0
85-89,women,Cardiovascular,PIS,0,0,0,0.036514168469483,0,0,0.870668817218099,0,0,0,0,0.00101257846744736,0,0.0901477035106168,0,0.000648179486401314,0.00100855284795273,0,0
90-94,women,Cardiovascular,PIS,0,0,0,0.0414353934493336,0,0,0.814028949368135,0,0,0,0,0.00109648309482167,0,0.141398408686813,0,0.000715869231900748,0.00132489616899606,0,0
95-99,women,Cardiovascular,PIS,0,0,0,0.0224365303263909,0,0,0.766143859747875,0,0,0,0,1.93373907857998e-10,0,0.210223924967752,0,0.000180540277376181,0.00101514448723228,0,0
100-104,women,Cardiovascular,PIS,0,0,0,0.0224365303263909,0,0,0.766143859747875,0,0,0,0,1.93373907857998e-10,0,0.210223924967752,0,0.000180540277376181,0.00101514448723228,0,0
105-109,women,Cardiovascular,PIS,0,0,0,0.0224365303263909,0,0,0.766143859747875,0,0,0,0,1.93373907857998e-10,0,0.210223924967752,0,0.000180540277376181,0.00101514448723228,0,0
70-74,men,Eye,PIS,0,0,0,0.0307474542190502,0,0,0.943378649669786,0,0,0,0,0.00497973606517718,0,0.020167014627039,0,0.000467316767677971,0.00025982865126951,0,0
75-79,men,Eye,PIS,0,0,0,0.0323849816687742,0,0,0.925382049586056,0,0,0,0,0.0105009705477915,0,0.0309285010389325,0,0.000514535989856895,0.000288961168588537,0,0
65-69,men,Eye,PIS,0,0,0,0.0323941999110988,0,0,0.937054934260038,0,0,0,0,0.0132513905880291,0,0.016698640578741,0,0.000378347376144823,0.000222487285948119,0,0
80-84,men,Eye,PIS,0,0,0,0.036552292737013,0,0,0.887475242991189,0,0,0,0,0.0235883215928915,0,0.0511778438671466,0,0.000715733943149017,0.000490564868610831,0,0
85-89,men,Eye,PIS,0,0,0,0.0307754222548747,0,0,0.863084092726252,0,0,0,0,0.0163221104201132,0,0.0884625997642201,0,0.000786641831163384,0.00056913300337686,0,0
90-94,men,Eye,PIS,0,0,0,0.0349564069865712,0,0,0.806809549941422,0,0,0,0,0.0176914031224784,0,0.138924664204515,0,0.000869617290505268,0.000748358454508237,0,0
95-99,men,Eye,PIS,0,0,0,0.0191851026982251,0,0,0.773826423811787,0,0,0,0,3.16236011423189e-09,0,0.206185001920254,0,0.000222290901063856,0.000581177506309633,0,0
100-104,men,Eye,PIS,0,0,0,0.0191851026982251,0,0,0.773826423811787,0,0,0,0,3.16236011423189e-09,0,0.206185001920254,0,0.000222290901063856,0.000581177506309633,0,0
105-109,men,Eye,PIS,0,0,0,0.0191851026982251,0,0,0.773826423811787,0,0,0,0,3.16236011423189e-09,0,0.206185001920254,0,0.000222290901063856,0.000581177506309633,0,0
70-74,women,Eye,PIS,0,0,0,0.0324191607603176,0,0,0.948277350928721,0,0,0,0,0.00251244569300443,0,0.0161445479279783,0,0.000336739373416633,0.000309755316561537,0,0
75-79,women,Eye,PIS,0,0,0,0.0342414683166441,0,0,0.935005832676941,0,0,0,0,0.00531295231523849,0,0.0247224906873413,0,0.0003718043034648,0.000345451700369929,0,0
65-69,women,Eye,PIS,0,0,0,0.0342943355479836,0,0,0.945100292433089,0,0,0,0,0.00671296439400163,0,0.0133523518333717,0,0.000273738442674165,0.00026631734888007,0,0
80-84,women,Eye,PIS,0,0,0,0.0389022503009151,0,0,0.90663306122072,0,0,0,0,0.0120130945284138,0,0.0413406658603524,0,0.000520596981025968,0.0005903311085733,0,0
85-89,women,Eye,PIS,0,0,0,0.0326533615102265,0,0,0.885566186201392,0,0,0,0,0.00828701149713296,0,0.0722402522320698,0,0.000570414877329987,0.000682773681848666,0,0
90-94,women,Eye,PIS,0,0,0,0.0371343460617767,0,0,0.837696069448451,0,0,0,0,0.0089930917786743,0,0.114646275341574,0,0.00063134550152053,0.000898871868004187,0,0
95-99,women,Eye,PIS,0,0,0,0.0202118170298713,0,0,0.806304790120833,0,0,0,0,1.59422754001131e-09,0,0.172631050554109,0,0.000160048956483058,0.000692291744476124,0,0
100-104,women,Eye,PIS,0,0,0,0.0202118170298713,0,0,0.806304790120833,0,0,0,0,1.59422754001131e-09,0,0.172631050554109,0,0.000160048956483058,0.000692291744476124,0,0
105-109,women,Eye,PIS,0,0,0,0.0202118170298713,0,0,0.806304790120833,0,0,0,0,1.59422754001131e-09,0,0.172631050554109,0,0.000160048956483058,0.000692291744476124,0,0
70-74,men,MSK,PIS,0,0,0,0.0287257641251317,0,0,0.954030494660693,0,0,0,0,0.00348464593274891,0,0.0133296669598566,0,0.000276379859171362,0.000153048462398122,0,0
75-79,men,MSK,PIS,0,0,0,0.0303223953936943,0,0,0.94134044761433,0,0,0,0,0.00736443098898787,0,0.0204971640008568,0,0.00030497778714262,0.000170584214988385,0,0
65-69,men,MSK,PIS,0,0,0,0.030346721286874,0,0,0.948954680034604,0,0,0,0,0.00929813566726417,0,0.0110446811878704,0,0.000224371579412566,0.000131410243975289,0,0
80-84,men,MSK,PIS,0,0,0,0.0343997711718238,0,0,0.914087259222586,0,0,0,0,0.0166275352053684,0,0.0341679435711285,0,0.00042640780437823,0.000291083024715393,0,0
85-89,men,MSK,PIS,0,0,0,0.0289082549679702,0,0,0.898810588165155,0,0,0,0,0.0114837590895848,0,0.0599925699853034,0,0.000467764753051276,0.00033706303893472,0,0
90-94,men,MSK,PIS,0,0,0,0.032932170745043,0,0,0.857549228892982,0,0,0,0,0.0124837699079633,0,0.0960716931517604,0,0.000518626063216341,0.000444511239035277,0,0
95-99,men,MSK,PIS,0,0,0,0.0179411698717042,0,0,0.835497678218707,0,0,0,0,2.21507206010347e-09,0,0.146086885140493,0,0.00013159546310413,0.000342669090919756,0,0
100-104,men,MSK,PIS,0,0,0,0.0179411698717042,0,0,0.835497678218707,0,0,0,0,2.21507206010347e-09,0,0.146086885140493,0,0.00013159546310413,0.000342669090919756,0,0
105-109,men,MSK,PIS,0,0,0,0.0179411698717042,0,0,0.835497678218707,0,0,0,0,2.21507206010347e-09,0,0.146086885140493,0,0.00013159546310413,0.000342669090919756,0,0
70-74,women,MSK,PIS,0,0,0,0.0302630137339609,0,0,0.956941737473062,0,0,0,0,0.00175669754985514,0,0.010657249411683,0,0.000198992591063542,0.000182309240374785,0,0
75-79,women,MSK,PIS,0,0,0,0.0320070632017143,0,0,0.947478150222541,0,0,0,0,0.00371979727076661,0,0.0163713884952908,0,0.000220009006930454,0.000203591802756832,0,0
65-69,women,MSK,PIS,0,0,0,0.0320611729232387,0,0,0.954094047397873,0,0,0,0,0.00470068622710002,0,0.00882511259239273,0,0.000162003876417635,0.000156976982977971,0,0
80-84,women,MSK,PIS,0,0,0,0.0364772483223455,0,0,0.92692208008226,0,0,0,0,0.00843707958640896,0,0.0275055778994111,0,0.000309016444818624,0.000348997664756155,0,0
85-89,women,MSK,PIS,0,0,0,0.0305896211020518,0,0,0.91418126447106,0,0,0,0,0.00581479017535168,0,0.0486727733567576,0,0.000338274799896636,0.000403276094881742,0,0
90-94,women,MSK,PIS,0,0,0,0.0348753106139727,0,0,0.879329271266008,0,0,0,0,0.00632617548732765,0,0.0785616330009794,0,0.000375354818096874,0.000532254813615567,0,0
95-99,women,MSK,PIS,0,0,0,0.0188930369679431,0,0,0.859730706195214,0,0,0,0,1.11618614902942e-09,0,0.120873544153858,0,9.47069528788849e-05,0.000408004613920163,0,0
100-104,women,MSK,PIS,0,0,0,0.0188930369679431,0,0,0.859730706195214,0,0,0,0,1.11618614902942e-09,0,0.120873544153858,0,9.47069528788849e-05,0.000408004613920163,0,0
105-109,women,MSK,PIS,0,0,0,0.0188930369679431,0,0,0.859730706195214,0,0,0,0,1.11618614902942e-09,0,0.120873544153858,0,9.47069528788849e-05,0.000408004613920163,0,0
70-74,men,Metabolic,PIS,0,0,0,0.0332927640347249,0,0,0.942523882446767,0,0,0,0,0.00263827379060188,0,0.0208252976277895,0,0.000463050472963121,0.000256731627153309,0,0
75-79,men,Metabolic,PIS,0,0,0,0.0351502746078335,0,0,0.926592684664277,0,0,0,0,0.00557682935869551,0,0.0318829409074649,0,0.000511066133731628,0.000286204327997709,0,0
65-69,men,Metabolic,PIS,0,0,0,0.0352070923215804,0,0,0.939854869909028,0,0,0,0,0.00704688534032955,0,0.0172941981310264,0,0.000376296263945487,0.000220658034089975,0,0
80-84,men,Metabolic,PIS,0,0,0,0.039901777098696,0,0,0.893624247969499,0,0,0,0,0.0125993315379888,0,0.0526709629922034,0,0.000714999120649573,0.000488681280963099,0,0
85-89,men,Metabolic,PIS,0,0,0,0.0334929963801091,0,0,0.86539966536952,0,0,0,0,0.00869158821976251,0,0.0910670972010236,0,0.000783435592295592,0.000565217237289632,0,0
90-94,men,Metabolic,PIS,0,0,0,0.0380422769741521,0,0,0.808099860895328,0,0,0,0,0.00942051930068767,0,0.142828098438383,0,0.000866052383380249,0.000743192008069414,0,0
95-99,men,Metabolic,PIS,0,0,0,0.0207342602528953,0,0,0.766517195725697,0,0,0,0,1.67227843683401e-09,0,0.211955522559676,0,0.000219847930714808,0.000573171858739238,0,0
100-104,men,Metabolic,PIS,0,0,0,0.0207342602528953,0,0,0.766517195725697,0,0,0,0,1.67227843683401e-09,0,0.211955522559676,0,0.000219847930714808,0.000573171858739238,0,0
105-109,men,Metabolic,PIS,0,0,0,0.0207342602528953,0,0,0.766517195725697,0,0,0,0,1.67227843683401e-09,0,0.211955522559676,0,0.000219847930714808,0.000573171858739238,0,0
70-74,women,Metabolic,PIS,0,0,0,0.035058093434451,0,0,0.946263701263226,0,0,0,0,0.00132940117486096,0,0.0167098915483929,0,0.000333239676701584,0.000305672902367691,0,0
75-79,women,Metabolic,PIS,0,0,0,0.0370699921716848,0,0,0.933833250710564,0,0,0,0,0.00281435502449277,0,0.0255727733514916,0,0.000368350111728635,0.000341278630038302,0,0
65-69,women,Metabolic,PIS,0,0,0,0.0371526382096872,0,0,0.944905616875342,0,0,0,0,0.00355839748181539,0,0.0138486861933577,0,0.000271380936406058,0.000263280303391843,0,0
80-84,women,Metabolic,PIS,0,0,0,0.0422287870254378,0,0,0.907614590132645,0,0,0,0,0.00638060157225909,0,0.0426741121246676,0,0.000517144377507845,0.000584764767482415,0,0
85-89,women,Metabolic,PIS,0,0,0,0.0353986483544078,0,0,0.88440198358691,0,0,0,0,0.00439571547022954,0,0.0745623298943555,0,0.000565882034032303,0.000675440660064541,0,0
90-94,women,Metabolic,PIS,0,0,0,0.0402432827026502,0,0,0.83527343756947,0,0,0,0,0.00476869442175789,0,0.118199531431766,0,0.000626124918827434,0.000888928955529339,0,0
95-99,women,Metabolic,PIS,0,0,0,0.0218438136318797,0,0,0.799442793699677,0,0,0,0,8.43036271797211e-10,0,0.177872348832019,0,0.000158289544820787,0.000682753448567835,0,0
100-104,women,Metabolic,PIS,0,0,0,0.0218438136318797,0,0,0.799442793699677,0,0,0,0,8.43036271797211e-10,0,0.177872348832019,0,0.000158289544820787,0.000682753448567835,0,0
105-109,women,Metabolic,PIS,0,0,0,0.0218438136318797,0,0,0.799442793699677,0,0,0,0,8.43036271797211e-10,0,0.177872348832019,0,0.000158289544820787,0.000682753448567835,0,0
70-74,men,Unspecified,AIS_AB,0,0,0,0,0,0,0,0,0,0,0,0,0.798969906806127,0.15497825161326,0.0460518415806134,0,0,0,0
75-79,men,Unspecified,AIS_AB,0,0,0,0,0,0,0,0,0,0,0,0,0.920347962832491,0.0542680671715439,0.0253839699959649,0,0,0,0
65-69,men,Unspecified,AIS_AB,0,0,0,0,0,0,0,0,0,0,0,0,0.895030337167306,0.0863969581030488,0.0185727047296455,0,0,0,0
80-84,men,Unspecified,AIS_AB,0,0,0,0,0,0,0,0,0,0,0,0,0.957089867430848,0.0349765636777107,0.00793356889144155,0,0,0,0
85-89,men,Unspecified,AIS_AB,0,0,0,0,0,0,0,0,0,0,0,0,0.757386750857626,0.17534951490834,0.0672637342340337,0,0,0,0
90-94,men,Unspecified,AIS_AB,0,0,0,0,0,0,0,0,0,0,0,0,0.546956287658894,0.331561970935922,0.121481741405184,0,0,0,0
95-99,men,Unspecified,AIS_AB,0,0,0,0,0,0,0,0,0,0,0,0,0.824932612301518,0.175067385038892,2.65958979670745e-09,0,0,0,0
100-104,men,Unspecified,AIS_AB,0,0,0,0,0,0,0,0,0,0,0,0,0.824932612301518,0.175067385038892,2.65958979670745e-09,0,0,0,0
105-109,men,Unspecified,AIS_AB,0,0,0,0,0,0,0,0,0,0,0,0,0.824932612301518,0.175067385038892,2.65958979670745e-09,0,0,0,0
70-74,women,Unspecified,AIS_AB,0,0,0,0,0,0,0,0,0,0,0,0,0.812660837045799,0.171664889433364,0.0156742735208375,0,0,0,0
75-79,women,Unspecified,AIS_AB,0,0,0,0,0,0,0,0,0,0,0,0,0.931582290836845,0.0598198520306855,0.00859785713246943,0,0,0,0
65-69,women,Unspecified,AIS_AB,0,0,0,0,0,0,0,0,0,0,0,0,0.899227560544053,0.0945283586128636,0.00624408084308292,0,0,0,0
80-84,women,Unspecified,AIS_AB,0,0,0,0,0,0,0,0,0,0,0,0,0.965321786678189,0.0320139732570297,0.00266424006478091,0,0,0,0
85-89,women,Unspecified,AIS_AB,0,0,0,0,0,0,0,0,0,0,0,0,0.780125545585608,0.196690405758555,0.0231840486558375,0,0,0,0
90-94,women,Unspecified,AIS_AB,0,0,0,0,0,0,0,0,0,0,0,0,0.576543543282276,0.380606339705689,0.0428501170120351,0,0,0,0
95-99,women,Unspecified,AIS_AB,0,0,0,0,0,0,0,0,0,0,0,0,0.854257574218131,0.145742424891898,8.89971641547473e-10,0,0,0,0
100-104,women,Unspecified,AIS_AB,0,0,0,0,0,0,0,0,0,0,0,0,0.854257574218131,0.145742424891898,8.89971641547473e-10,0,0,0,0
105-109,women,Unspecified,AIS_AB,0,0,0,0,0,0,0,0,0,0,0,0,0.854257574218131,0.145742424891898,8.89971641547473e-10,0,0,0,0
70-74,men,Complex,AIS_AB,0,0,0,0,0,0,0,0,0,0,0,0,0.399673129609639,0.421934940563305,0.178391929827056,0,0,0,0
75-79,men,Complex,AIS_AB,0,0,0,0,0,0,0,0,0,0,0,0,0.651679293057283,0.20913485745919,0.139185849483527,0,0,0,0
65-69,men,Complex,AIS_AB,0,0,0,0,0,0,0,0,0,0,0,0,0.593100273861808,0.311593955971512,0.0953057701666803,0,0,0,0
80-84,men,Complex,AIS_AB,0,0,0,0,0,0,0,0,0,0,0,0,0.85322198342481,0.0928834936964223,0.0538945228787676,0,0,0,0
85-89,men,Complex,AIS_AB,0,0,0,0,0,0,0,0,0,0,0,0,0.339238765906261,0.427457109134297,0.233304124959442,0,0,0,0
90-94,men,Complex,AIS_AB,0,0,0,0,0,0,0,0,0,0,0,0,0.166136059381364,0.548120699160869,0.285743241457767,0,0,0,0
95-99,men,Complex,AIS_AB,0,0,0,0,0,0,0,0,0,0,0,0,0.614136581149334,0.385863398255357,2.05953084925202e-08,0,0,0,0
100-104,men,Complex,AIS_AB,0,0,0,0,0,0,0,0,0,0,0,0,0.614136581149334,0.385863398255357,2.05953084925202e-08,0,0,0,0
105-109,men,Complex,AIS_AB,0,0,0,0,0,0,0,0,0,0,0,0,0.614136581149334,0.385863398255357,2.05953084925202e-08,0,0,0,0
70-74,women,Complex,AIS_AB,0,0,0,0,0,0,0,0,0,0,0,0,0.434966640722351,0.500067122178892,0.064966237098757,0,0,0,0
75-79,women,Complex,AIS_AB,0,0,0,0,0,0,0,0,0,0,0,0,0.703753828604488,0.245949013761891,0.0502971576336206,0,0,0,0
65-69,women,Complex,AIS_AB,0,0,0,0,0,0,0,0,0,0,0,0,0.615044389109234,0.351883718864614,0.0330718920261524,0,0,0,0
80-84,women,Complex,AIS_AB,0,0,0,0,0,0,0,0,0,0,0,0,0.877432443015832,0.104021235094329,0.0185463218898395,0,0,0,0
85-89,women,Complex,AIS_AB,0,0,0,0,0,0,0,0,0,0,0,0,0.384269926393139,0.527296973517098,0.0884331000897633,0,0,0,0
90-94,women,Complex,AIS_AB,0,0,0,0,0,0,0,0,0,0,0,0,0.193482391294222,0.695161250837248,0.111356357868531,0,0,0,0
95-99,women,Complex,AIS_AB,0,0,0,0,0,0,0,0,0,0,0,0,0.663855412766926,0.336144580341319,6.89175476199754e-09,0,0,0,0
100-104,women,Complex,AIS_AB,0,0,0,0,0,0,0,0,0,0,0,0,0.663855412766926,0.336144580341319,6.89175476199754e-09,0,0,0,0
105-109,women,Complex,AIS_AB,0,0,0,0,0,0,0,0,0,0,0,0,0.663855412766926,0.336144580341319,6.89175476199754e-09,0,0,0,0
70-74,men,Neuropsychiatric,AIS_AB,0,0,0,0,0,0,0,0,0,0,0,0,0.856823516668047,0.111026348126589,0.0321501352053644,0,0,0,0
75-79,men,Neuropsychiatric,AIS_AB,0,0,0,0,0,0,0,0,0,0,0,0,0.939870374620428,0.0431485320905317,0.0169810932890399,0,0,0,0
65-69,men,Neuropsychiatric,AIS_AB,0,0,0,0,0,0,0,0,0,0,0,0,0.927649709667039,0.0598189865833675,0.0125313037495932,0,0,0,0
80-84,men,Neuropsychiatric,AIS_AB,0,0,0,0,0,0,0,0,0,0,0,0,0.903028903344712,0.0917583170679454,0.00521277958734239,0,0,0,0
85-89,men,Neuropsychiatric,AIS_AB,0,0,0,0,0,0,0,0,0,0,0,0,0.82475871639943,0.127558123428842,0.0476831601717275,0,0,0,0
90-94,men,Neuropsychiatric,AIS_AB,0,0,0,0,0,0,0,0,0,0,0,0,0.645351556501974,0.261338141032479,0.0933103024655466,0,0,0,0
95-99,men,Neuropsychiatric,AIS_AB,0,0,0,0,0,0,0,0,0,0,0,0,0.661436453365362,0.33856354490327,1.7313684764849e-09,0,0,0,0
100-104,men,Neuropsychiatric,AIS_AB,0,0,0,0,0,0,0,0,0,0,0,0,0.661436453365362,0.33856354490327,1.7313684764849e-09,0,0,0,0
105-109,men,Neuropsychiatric,AIS_AB,0,0,0,0,0,0,0,0,0,0,0,0,0.661436453365362,0.33856354490327,1.7313684764849e-09,0,0,0,0
70-74,women,Neuropsychiatric,AIS_AB,0,0,0,0,0,0,0,0,0,0,0,0,0.866799844697868,0.122316575637016,0.0108835796651158,0,0,0,0
75-79,women,Neuropsychiatric,AIS_AB,0,0,0,0,0,0,0,0,0,0,0,0,0.951352792646303,0.0429191420977492,0.00572806525594744,0,0,0,0
65-69,women,Neuropsychiatric,AIS_AB,0,0,0,0,0,0,0,0,0,0,0,0,0.930453637705841,0.0653403698122021,0.00420599248195711,0,0,0,0
80-84,women,Neuropsychiatric,AIS_AB,0,0,0,0,0,0,0,0,0,0,0,0,0.920495975000872,0.0777556632812337,0.00174836171789447,0,0,0,0
85-89,women,Neuropsychiatric,AIS_AB,0,0,0,0,0,0,0,0,0,0,0,0,0.841911086469119,0.141800985020393,0.0162879285104885,0,0,0,0
90-94,women,Neuropsychiatric,AIS_AB,0,0,0,0,0,0,0,0,0,0,0,0,0.671419028670585,0.296095558472644,0.0324854128567706,0,0,0,0
95-99,women,Neuropsychiatric,AIS_AB,0,0,0,0,0,0,0,0,0,0,0,0,0.707969616492463,0.292030382928173,5.79363346406538e-10,0,0,0,0
100-104,women,Neuropsychiatric,AIS_AB,0,0,0,0,0,0,0,0,0,0,0,0,0.707969616492463,0.292030382928173,5.79363346406538e-10,0,0,0,0
105-109,women,Neuropsychiatric,AIS_AB,0,0,0,0,0,0,0,0,0,0,0,0,0.707969616492463,0.292030382928173,5.79363346406538e-10,0,0,0,0
70-74,men,Cardiovascular,AIS_AB,0,0,0,0,0,0,0,0,0,0,0,0,0.126723538602425,0.652066294670105,0.22121016672747,0,0,0,0
75-79,men,Cardiovascular,AIS_AB,0,0,0,0,0,0,0,0,0,0,0,0,0.294163360635504,0.46012412261806,0.245712516746436,0,0,0,0
65-69,men,Cardiovascular,AIS_AB,0,0,0,0,0,0,0,0,0,0,0,0,0.238713389113838,0.611267914098818,0.150018696787344,0,0,0,0
80-84,men,Cardiovascular,AIS_AB,0,0,0,0,0,0,0,0,0,0,0,0,0.562543653331031,0.298487848767248,0.138968497901721,0,0,0,0
85-89,men,Cardiovascular,AIS_AB,0,0,0,0,0,0,0,0,0,0,0,0,0.101716626450503,0.624702060421497,0.273581313128,0,0,0,0
90-94,men,Cardiovascular,AIS_AB,0,0,0,0,0,0,0,0,0,0,0,0,0.042004004288236,0.67545576521304,0.282540230498724,0,0,0,0
95-99,men,Cardiovascular,AIS_AB,0,0,0,0,0,0,0,0,0,0,0,0,0.750574284495902,0.249425634957776,8.05463220138304e-08,0,0,0,0
100-104,men,Cardiovascular,AIS_AB,0,0,0,0,0,0,0,0,0,0,0,0,0.750574284495902,0.249425634957776,8.05463220138304e-08,0,0,0,0
105-109,men,Cardiovascular,AIS_AB,0,0,0,0,0,0,0,0,0,0,0,0,0.750574284495902,0.249425634957776,8.05463220138304e-08,0,0,0,0
70-74,women,Cardiovascular,AIS_AB,0,0,0,0,0,0,0,0,0,0,0,0,0.13912620157939,0.779606049617583,0.0812677488030275,0,0,0,0
75-79,women,Cardiovascular,AIS_AB,0,0,0,0,0,0,0,0,0,0,0,0,0.335242192447438,0.571053644952787,0.0937041625997753,0,0,0,0
65-69,women,Cardiovascular,AIS_AB,0,0,0,0,0,0,0,0,0,0,0,0,0.250068881435617,0.697342741154842,0.0525883774095404,0,0,0,0
80-84,women,Cardiovascular,AIS_AB,0,0,0,0,0,0,0,0,0,0,0,0,0.602229021015579,0.347987719973501,0.0497832590109197,0,0,0,0
85-89,women,Cardiovascular,AIS_AB,0,0,0,0,0,0,0,0,0,0,0,0,0.116437714490596,0.77876508919088,0.104797196318523,0,0,0,0
90-94,women,Cardiovascular,AIS_AB,0,0,0,0,0,0,0,0,0,0,0,0,0.0481626766471549,0.843429225146904,0.108408098205941,0,0,0,0
95-99,women,Cardiovascular,AIS_AB,0,0,0,0,0,0,0,0,0,0,0,0,0.78858039026764,0.211419582779353,2.69530077301474e-08,0,0,0,0
100-104,women,Cardiovascular,AIS_AB,0,0,0,0,0,0,0,0,0,0,0,0,0.78858039026764,0.211419582779353,2.69530077301474e-08,0,0,0,0
105-109,women,Cardiovascular,AIS_AB,0,0,0,0,0,0,0,0,0,0,0,0,0.78858039026764,0.211419582779353,2.69530077301474e-08,0,0,0,0
70-74,men,Eye,AIS_AB,0,0,0,0,0,0,0,0,0,0,0,0,0.789692008241107,0.152038375111912,0.0582696166469806,0,0,0,0
75-79,men,Eye,AIS_AB,0,0,0,0,0,0,0,0,0,0,0,0,0.914215510369005,0.0535052041042973,0.0322792855266981,0,0,0,0
65-69,men,Eye,AIS_AB,0,0,0,0,0,0,0,0,0,0,0,0,0.890967161240078,0.0853645459462265,0.0236682928136961,0,0,0,0
80-84,men,Eye,AIS_AB,0,0,0,0,0,0,0,0,0,0,0,0,0.947615857321093,0.0422488817576021,0.0101352609213044,0,0,0,0
85-89,men,Eye,AIS_AB,0,0,0,0,0,0,0,0,0,0,0,0,0.744331133788425,0.171044136748084,0.0846247294634911,0,0,0,0
90-94,men,Eye,AIS_AB,0,0,0,0,0,0,0,0,0,0,0,0,0.530218583992593,0.3190231363442,0.150758279663207,0,0,0,0
95-99,men,Eye,AIS_AB,0,0,0,0,0,0,0,0,0,0,0,0,0.793011529672373,0.206988466922899,3.40472857555432e-09,0,0,0,0
100-104,men,Eye,AIS_AB,0,0,0,0,0,0,0,0,0,0,0,0,0.793011529672373,0.206988466922899,3.40472857555432e-09,0,0,0,0
105-109,men,Eye,AIS_AB,0,0,0,0,0,0,0,0,0,0,0,0,0.793011529672373,0.206988466922899,3.40472857555432e-09,0,0,0,0
70-74,women,Eye,AIS_AB,0,0,0,0,0,0,0,0,0,0,0,0,0.810138354074357,0.169858185973033,0.0200034599526106,0,0,0,0
75-79,women,Eye,AIS_AB,0,0,0,0,0,0,0,0,0,0,0,0,0.929756635342543,0.0592582112921633,0.0109851533652938,0,0,0,0
65-69,women,Eye,AIS_AB,0,0,0,0,0,0,0,0,0,0,0,0,0.898288162218105,0.0937266998469662,0.00798513793492845,0,0,0,0
80-84,women,Eye,AIS_AB,0,0,0,0,0,0,0,0,0,0,0,0,0.957548406050048,0.0390429171446447,0.00340867680530694,0,0,0,0
85-89,women,Eye,AIS_AB,0,0,0,0,0,0,0,0,0,0,0,0,0.776220087604272,0.194248957133037,0.0295309552626911,0,0,0,0
90-94,women,Eye,AIS_AB,0,0,0,0,0,0,0,0,0,0,0,0,0.571303425754298,0.374339688668506,0.0543568855771961,0,0,0,0
95-99,women,Eye,AIS_AB,0,0,0,0,0,0,0,0,0,0,0,0,0.826516608744932,0.173483390115753,1.13931550071567e-09,0,0,0,0
100-104,women,Eye,AIS_AB,0,0,0,0,0,0,0,0,0,0,0,0,0.826516608744932,0.173483390115753,1.13931550071567e-09,0,0,0,0
105-109,women,Eye,AIS_AB,0,0,0,0,0,0,0,0,0,0,0,0,0.826516608744932,0.173483390115753,1.13931550071567e-09,0,0,0,0
70-74,men,MSK,AIS_AB,0,0,0,0,0,0,0,0,0,0,0,0,0.856826458620642,0.113320817074315,0.0298527243050437,0,0,0,0
75-79,men,MSK,AIS_AB,0,0,0,0,0,0,0,0,0,0,0,0,0.946185028403256,0.0380403814809464,0.0157745901157979,0,0,0,0
65-69,men,MSK,AIS_AB,0,0,0,0,0,0,0,0,0,0,0,0,0.927333955701414,0.0610342133463622,0.011631830952224,0,0,0,0
80-84,men,MSK,AIS_AB,0,0,0,0,0,0,0,0,0,0,0,0,0.965114565599778,0.0300446792754477,0.00484075512477447,0,0,0,0
85-89,men,MSK,AIS_AB,0,0,0,0,0,0,0,0,0,0,0,0,0.825395812426383,0.130294360739268,0.0443098268343485,0,0,0,0
90-94,men,MSK,AIS_AB,0,0,0,0,0,0,0,0,0,0,0,0,0.64617106141582,0.267076754976631,0.0867521836075495,0,0,0,0
95-99,men,MSK,AIS_AB,0,0,0,0,0,0,0,0,0,0,0,0,0.853438850305483,0.146561148086876,1.60764139873439e-09,0,0,0,0
100-104,men,MSK,AIS_AB,0,0,0,0,0,0,0,0,0,0,0,0,0.853438850305483,0.146561148086876,1.60764139873439e-09,0,0,0,0
105-109,men,MSK,AIS_AB,0,0,0,0,0,0,0,0,0,0,0,0,0.853438850305483,0.146561148086876,1.60764139873439e-09,0,0,0,0
70-74,women,MSK,AIS_AB,0,0,0,0,0,0,0,0,0,0,0,0,0.865285939161356,0.124625893963579,0.0100881668750648,0,0,0,0
75-79,women,MSK,AIS_AB,0,0,0,0,0,0,0,0,0,0,0,0,0.952960588565483,0.0417230014943311,0.00531640994018587,0,0,0,0
65-69,women,MSK,AIS_AB,0,0,0,0,0,0,0,0,0,0,0,0,0.92947812672391,0.0666205440307736,0.00390132924531598,0,0,0,0
80-84,women,MSK,AIS_AB,0,0,0,0,0,0,0,0,0,0,0,0,0.971836407991014,0.0265404491262328,0.00162314288275305,0,0,0,0
85-89,women,MSK,AIS_AB,0,0,0,0,0,0,0,0,0,0,0,0,0.840426899247248,0.144475802121213,0.0150972986315399,0,0,0,0
90-94,women,MSK,AIS_AB,0,0,0,0,0,0,0,0,0,0,0,0,0.668879563223758,0.301070584085875,0.0300498526903671,0,0,0,0
95-99,women,MSK,AIS_AB,0,0,0,0,0,0,0,0,0,0,0,0,0.878623744279343,0.121376255182696,5.37960874968792e-10,0,0,0,0
100-104,women,MSK,AIS_AB,0,0,0,0,0,0,0,0,0,0,0,0,0.878623744279343,0.121376255182696,5.37960874968792e-10,0,0,0,0
105-109,women,MSK,AIS_AB,0,0,0,0,0,0,0,0,0,0,0,0,0.878623744279343,0.121376255182696,5.37960874968792e-10,0,0,0,0
70-74,men,Metabolic,AIS_AB,0,0,0,0,0,0,0,0,0,0,0,0,0.853526574429847,0.11418924312443,0.0322841824457232,0,0,0,0
75-79,men,Metabolic,AIS_AB,0,0,0,0,0,0,0,0,0,0,0,0,0.944493923132556,0.038411324111009,0.0170947527564348,0,0,0,0
65-69,men,Metabolic,AIS_AB,0,0,0,0,0,0,0,0,0,0,0,0,0.925758743095374,0.0616348481093428,0.0126064087952833,0,0,0,0
80-84,men,Metabolic,AIS_AB,0,0,0,0,0,0,0,0,0,0,0,0,0.946125356606184,0.0486223667597215,0.00525227663409457,0,0,0,0
85-89,men,Metabolic,AIS_AB,0,0,0,0,0,0,0,0,0,0,0,0,0.821044006447304,0.131105560663672,0.0478504328890239,0,0,0,0
90-94,men,Metabolic,AIS_AB,0,0,0,0,0,0,0,0,0,0,0,0,0.63944679841701,0.267352544906331,0.093200656676659,0,0,0,0
95-99,men,Metabolic,AIS_AB,0,0,0,0,0,0,0,0,0,0,0,0,0.78725145765087,0.212748540603827,1.74530296115266e-09,0,0,0,0
100-104,men,Metabolic,AIS_AB,0,0,0,0,0,0,0,0,0,0,0,0,0.78725145765087,0.212748540603827,1.74530296115266e-09,0,0,0,0
105-109,men,Metabolic,AIS_AB,0,0,0,0,0,0,0,0,0,0,0,0,0.78725145765087,0.212748540603827,1.74530296115266e-09,0,0,0,0
70-74,women,Metabolic,AIS_AB,0,0,0,0,0,0,0,0,0,0,0,0,0.863296537285802,0.125776631003539,0.0109268317106595,0,0,0,0
75-79,women,Metabolic,AIS_AB,0,0,0,0,0,0,0,0,0,0,0,0,0.952067998581948,0.0421657558556993,0.00576624556235285,0,0,0,0
65-69,women,Metabolic,AIS_AB,0,0,0,0,0,0,0,0,0,0,0,0,0.928452974088429,0.0673162990748557,0.00423072683671546,0,0,0,0
80-84,women,Metabolic,AIS_AB,0,0,0,0,0,0,0,0,0,0,0,0,0.956223978730342,0.0420144317967908,0.00176158947286708,0,0,0,0
85-89,women,Metabolic,AIS_AB,0,0,0,0,0,0,0,0,0,0,0,0,0.837944234724594,0.145714109318114,0.0163416559572921,0,0,0,0
90-94,women,Metabolic,AIS_AB,0,0,0,0,0,0,0,0,0,0,0,0,0.664854996677378,0.302718284787508,0.0324267185351132,0,0,0,0
95-99,women,Metabolic,AIS_AB,0,0,0,0,0,0,0,0,0,0,0,0,0.821286608174592,0.178713391241381,5.84026206892421e-10,0,0,0,0
100-104,women,Metabolic,AIS_AB,0,0,0,0,0,0,0,0,0,0,0,0,0.821286608174592,0.178713391241381,5.84026206892421e-10,0,0,0,0
105-109,women,Metabolic,AIS_AB,0,0,0,0,0,0,0,0,0,0,0,0,0.821286608174592,0.178713391241381,5.84026206892421e-10,0,0,0,0
70-74,men,Unspecified,PB_AIS,0,0,0,0,0,0,0,0,0,0,0,0,0.983003357360419,0.0169966426395808,0,0,0,0,0
75-79,men,Unspecified,PB_AIS,0,0,0,0,0,0,0,0,0,0,0,0,0.974143446296969,0.0258565537030309,0,0,0,0,0
65-69,men,Unspecified,PB_AIS,0,0,0,0,0,0,0,0,0,0,0,0,0.985935843464002,0.0140641565359983,0,0,0,0,0
80-84,men,Unspecified,PB_AIS,0,0,0,0,0,0,0,0,0,0,0,0,0.957089867430848,0.0429101325691523,0,0,0,0,0
85-89,men,Unspecified,PB_AIS,0,0,0,0,0,0,0,0,0,0,0,0,0.925789208978081,0.0742107910219187,0,0,0,0,0
90-94,men,Unspecified,PB_AIS,0,0,0,0,0,0,0,0,0,0,0,0,0.882627553427539,0.117372446572461,0,0,0,0,0
95-99,men,Unspecified,PB_AIS,0,0,0,0,0,0,0,0,0,0,0,0,0.824932612301518,0.175067387698482,0,0,0,0,0
100-104,men,Unspecified,PB_AIS,0,0,0,0,0,0,0,0,0,0,0,0,0.824932612301518,0.175067387698482,0,0,0,0,0
105-109,men,Unspecified,PB_AIS,0,0,0,0,0,0,0,0,0,0,0,0,0.824932612301518,0.175067387698482,0,0,0,0,0
70-74,women,Unspecified,PB_AIS,0,0,0,0,0,0,0,0,0,0,0,0,0.986363664374068,0.0136363356259315,0,0,0,0,0
75-79,women,Unspecified,PB_AIS,0,0,0,0,0,0,0,0,0,0,0,0,0.979290332053946,0.0207096679460543,0,0,0,0,0
65-69,women,Unspecified,PB_AIS,0,0,0,0,0,0,0,0,0,0,0,0,0.988717634912308,0.0112823650876918,0,0,0,0,0
80-84,women,Unspecified,PB_AIS,0,0,0,0,0,0,0,0,0,0,0,0,0.965321786678189,0.0346782133218106,0,0,0,0,0
85-89,women,Unspecified,PB_AIS,0,0,0,0,0,0,0,0,0,0,0,0,0.939530700277333,0.0604692997226674,0,0,0,0,0
90-94,women,Unspecified,PB_AIS,0,0,0,0,0,0,0,0,0,0,0,0,0.903495476550863,0.0965045234491369,0,0,0,0,0
95-99,women,Unspecified,PB_AIS,0,0,0,0,0,0,0,0,0,0,0,0,0.854257574218131,0.145742425781869,0,0,0,0,0
100-104,women,Unspecified,PB_AIS,0,0,0,0,0,0,0,0,0,0,0,0,0.854257574218131,0.145742425781869,0,0,0,0,0
105-109,women,Unspecified,PB_AIS,0,0,0,0,0,0,0,0,0,0,0,0,0.854257574218131,0.145742425781869,0,0,0,0,0
70-74,men,Complex,PB_AIS,0,0,0,0,0,0,0,0,0,0,0,0,0.951593487865933,0.0484065121340669,0,0,0,0,0
75-79,men,Complex,PB_AIS,0,0,0,0,0,0,0,0,0,0,0,0,0.927393360821641,0.072606639178359,0,0,0,0,0
65-69,men,Complex,PB_AIS,0,0,0,0,0,0,0,0,0,0,0,0,0.959438541638576,0.0405614583614242,0,0,0,0,0
80-84,men,Complex,PB_AIS,0,0,0,0,0,0,0,0,0,0,0,0,0.883921115957675,0.116078884042326,0,0,0,0,0
85-89,men,Complex,PB_AIS,0,0,0,0,0,0,0,0,0,0,0,0,0.810008693271753,0.189991306728248,0,0,0,0,0
90-94,men,Complex,PB_AIS,0,0,0,0,0,0,0,0,0,0,0,0,0.71960519015761,0.28039480984239,0,0,0,0,0
95-99,men,Complex,PB_AIS,0,0,0,0,0,0,0,0,0,0,0,0,0.614136581149334,0.385863418850666,0,0,0,0,0
100-104,men,Complex,PB_AIS,0,0,0,0,0,0,0,0,0,0,0,0,0.614136581149334,0.385863418850666,0,0,0,0,0
105-109,men,Complex,PB_AIS,0,0,0,0,0,0,0,0,0,0,0,0,0.614136581149334,0.385863418850666,0,0,0,0,0
70-74,women,Complex,PB_AIS,0,0,0,0,0,0,0,0,0,0,0,0,0.960786637319167,0.0392133626808329,0,0,0,0,0
75-79,women,Complex,PB_AIS,0,0,0,0,0,0,0,0,0,0,0,0,0.941162608605229,0.058837391394771,0,0,0,0,0
65-69,women,Complex,PB_AIS,0,0,0,0,0,0,0,0,0,0,0,0,0.967223057975372,0.0327769420246279,0,0,0,0,0
80-84,women,Complex,PB_AIS,0,0,0,0,0,0,0,0,0,0,0,0,0.904413191105296,0.095586808894704,0,0,0,0,0
85-89,women,Complex,PB_AIS,0,0,0,0,0,0,0,0,0,0,0,0,0.840759682977306,0.159240317022694,0,0,0,0,0
90-94,women,Complex,PB_AIS,0,0,0,0,0,0,0,0,0,0,0,0,0.760529828984697,0.239470171015303,0,0,0,0,0
95-99,women,Complex,PB_AIS,0,0,0,0,0,0,0,0,0,0,0,0,0.663855412766926,0.336144587233074,0,0,0,0,0
100-104,women,Complex,PB_AIS,0,0,0,0,0,0,0,0,0,0,0,0,0.663855412766926,0.336144587233074,0,0,0,0,0
105-109,women,Complex,PB_AIS,0,0,0,0,0,0,0,0,0,0,0,0,0.663855412766926,0.336144587233074,0,0,0,0,0
70-74,men,Neuropsychiatric,PB_AIS,0,0,0,0,0,0,0,0,0,0,0,0,0.959979764895697,0.0400202351043033,0,0,0,0,0
75-79,men,Neuropsychiatric,PB_AIS,0,0,0,0,0,0,0,0,0,0,0,0,0.939870374620428,0.0601296253795716,0,0,0,0,0
65-69,men,Neuropsychiatric,PB_AIS,0,0,0,0,0,0,0,0,0,0,0,0,0.966514912103,0.0334850878969999,0,0,0,0,0
80-84,men,Neuropsychiatric,PB_AIS,0,0,0,0,0,0,0,0,0,0,0,0,0.903028903344712,0.0969710966552878,0,0,0,0,0
85-89,men,Neuropsychiatric,PB_AIS,0,0,0,0,0,0,0,0,0,0,0,0,0.838996193937311,0.16100380606269,0,0,0,0,0
90-94,men,Neuropsychiatric,PB_AIS,0,0,0,0,0,0,0,0,0,0,0,0,0.758267454740205,0.241732545259795,0,0,0,0,0
95-99,men,Neuropsychiatric,PB_AIS,0,0,0,0,0,0,0,0,0,0,0,0,0.661436453365362,0.338563546634638,0,0,0,0,0
100-104,men,Neuropsychiatric,PB_AIS,0,0,0,0,0,0,0,0,0,0,0,0,0.661436453365362,0.338563546634638,0,0,0,0,0
105-109,men,Neuropsychiatric,PB_AIS,0,0,0,0,0,0,0,0,0,0,0,0,0.661436453365362,0.338563546634638,0,0,0,0,0
70-74,women,Neuropsychiatric,PB_AIS,0,0,0,0,0,0,0,0,0,0,0,0,0.967646598111792,0.0323534018882084,0,0,0,0,0
75-79,women,Neuropsychiatric,PB_AIS,0,0,0,0,0,0,0,0,0,0,0,0,0.951352792646303,0.0486472073536967,0,0,0,0,0
65-69,women,Neuropsychiatric,PB_AIS,0,0,0,0,0,0,0,0,0,0,0,0,0.972988644963485,0.0270113550365145,0,0,0,0,0
80-84,women,Neuropsychiatric,PB_AIS,0,0,0,0,0,0,0,0,0,0,0,0,0.920495975000872,0.0795040249991282,0,0,0,0,0
85-89,women,Neuropsychiatric,PB_AIS,0,0,0,0,0,0,0,0,0,0,0,0,0.866027764753488,0.133972235246512,0,0,0,0,0
90-94,women,Neuropsychiatric,PB_AIS,0,0,0,0,0,0,0,0,0,0,0,0,0.795518765509339,0.204481234490661,0,0,0,0,0
95-99,women,Neuropsychiatric,PB_AIS,0,0,0,0,0,0,0,0,0,0,0,0,0.707969616492463,0.292030383507537,0,0,0,0,0
100-104,women,Neuropsychiatric,PB_AIS,0,0,0,0,0,0,0,0,0,0,0,0,0.707969616492463,0.292030383507537,0,0,0,0,0
105-109,women,Neuropsychiatric,PB_AIS,0,0,0,0,0,0,0,0,0,0,0,0,0.707969616492463,0.292030383507537,0,0,0,0,0
70-74,men,Cardiovascular,PB_AIS,0,0,0,0,0,0,0,0,0,0,0,0,0.97366031660723,0.0263396833927705,0,0,0,0,0
75-79,men,Cardiovascular,PB_AIS,0,0,0,0,0,0,0,0,0,0,0,0,0.960114353005421,0.0398856469945789,0,0,0,0,0
65-69,men,Cardiovascular,PB_AIS,0,0,0,0,0,0,0,0,0,0,0,0,0.978105674663441,0.0218943253365594,0,0,0,0,0
80-84,men,Cardiovascular,PB_AIS,0,0,0,0,0,0,0,0,0,0,0,0,0.934551141816548,0.0654488581834519,0,0,0,0,0
85-89,men,Cardiovascular,PB_AIS,0,0,0,0,0,0,0,0,0,0,0,0,0.888749205750147,0.111250794249853,0,0,0,0,0
90-94,men,Cardiovascular,PB_AIS,0,0,0,0,0,0,0,0,0,0,0,0,0.828232556730461,0.171767443269539,0,0,0,0,0
95-99,men,Cardiovascular,PB_AIS,0,0,0,0,0,0,0,0,0,0,0,0,0.750574284495902,0.249425715504098,0,0,0,0,0
100-104,men,Cardiovascular,PB_AIS,0,0,0,0,0,0,0,0,0,0,0,0,0.750574284495902,0.249425715504098,0,0,0,0,0
105-109,men,Cardiovascular,PB_AIS,0,0,0,0,0,0,0,0,0,0,0,0,0.750574284495902,0.249425715504098,0,0,0,0,0
70-74,women,Cardiovascular,PB_AIS,0,0,0,0,0,0,0,0,0,0,0,0,0.978716917242475,0.0212830827575248,0,0,0,0,0
75-79,women,Cardiovascular,PB_AIS,0,0,0,0,0,0,0,0,0,0,0,0,0.967830481430789,0.0321695185692114,0,0,0,0,0
65-69,women,Cardiovascular,PB_AIS,0,0,0,0,0,0,0,0,0,0,0,0,0.982354299193934,0.0176457008060663,0,0,0,0,0
80-84,women,Cardiovascular,PB_AIS,0,0,0,0,0,0,0,0,0,0,0,0,0.946568267143385,0.0534317328566149,0,0,0,0,0
85-89,women,Cardiovascular,PB_AIS,0,0,0,0,0,0,0,0,0,0,0,0,0.908195564155029,0.0918044358449708,0,0,0,0,0
90-94,women,Cardiovascular,PB_AIS,0,0,0,0,0,0,0,0,0,0,0,0,0.85656082591229,0.14343917408771,0,0,0,0,0
95-99,women,Cardiovascular,PB_AIS,0,0,0,0,0,0,0,0,0,0,0,0,0.78858039026764,0.21141960973236,0,0,0,0,0
100-104,women,Cardiovascular,PB_AIS,0,0,0,0,0,0,0,0,0,0,0,0,0.78858039026764,0.21141960973236,0,0,0,0,0
105-109,women,Cardiovascular,PB_AIS,0,0,0,0,0,0,0,0,0,0,0,0,0.78858039026764,0.21141960973236,0,0,0,0,0
70-74,men,Eye,PB_AIS,0,0,0,0,0,0,0,0,0,0,0,0,0.979105839954014,0.0208941600459864,0,0,0,0,0
75-79,men,Eye,PB_AIS,0,0,0,0,0,0,0,0,0,0,0,0,0.968268001802622,0.0317319981973779,0,0,0,0,0
65-69,men,Eye,PB_AIS,0,0,0,0,0,0,0,0,0,0,0,0,0.982700524759166,0.017299475240834,0,0,0,0,0
80-84,men,Eye,PB_AIS,0,0,0,0,0,0,0,0,0,0,0,0,0.947615857321093,0.0523841426789065,0,0,0,0,0
85-89,men,Eye,PB_AIS,0,0,0,0,0,0,0,0,0,0,0,0,0.91018162540124,0.0898183745987604,0,0,0,0,0
90-94,men,Eye,PB_AIS,0,0,0,0,0,0,0,0,0,0,0,0,0.859457360050471,0.140542639949529,0,0,0,0,0
95-99,men,Eye,PB_AIS,0,0,0,0,0,0,0,0,0,0,0,0,0.793011529672373,0.206988470327627,0,0,0,0,0
100-104,men,Eye,PB_AIS,0,0,0,0,0,0,0,0,0,0,0,0,0.793011529672373,0.206988470327627,0,0,0,0,0
105-109,men,Eye,PB_AIS,0,0,0,0,0,0,0,0,0,0,0,0,0.793011529672373,0.206988470327627,0,0,0,0,0
70-74,women,Eye,PB_AIS,0,0,0,0,0,0,0,0,0,0,0,0,0.983208957382043,0.0167910426179565,0,0,0,0,0
75-79,women,Eye,PB_AIS,0,0,0,0,0,0,0,0,0,0,0,0,0.974560253308824,0.025439746691176,0,0,0,0,0
65-69,women,Eye,PB_AIS,0,0,0,0,0,0,0,0,0,0,0,0,0.986107592375074,0.013892407624926,0,0,0,0,0
80-84,women,Eye,PB_AIS,0,0,0,0,0,0,0,0,0,0,0,0,0.957548406050048,0.0424515939499516,0,0,0,0,0
85-89,women,Eye,PB_AIS,0,0,0,0,0,0,0,0,0,0,0,0,0.926506559208752,0.0734934407912484,0,0,0,0,0
90-94,women,Eye,PB_AIS,0,0,0,0,0,0,0,0,0,0,0,0,0.883823507288902,0.116176492711098,0,0,0,0,0
95-99,women,Eye,PB_AIS,0,0,0,0,0,0,0,0,0,0,0,0,0.826516608744932,0.173483391255068,0,0,0,0,0
100-104,women,Eye,PB_AIS,0,0,0,0,0,0,0,0,0,0,0,0,0.826516608744932,0.173483391255068,0,0,0,0,0
105-109,women,Eye,PB_AIS,0,0,0,0,0,0,0,0,0,0,0,0,0.826516608744932,0.173483391255068,0,0,0,0,0
70-74,men,MSK,PB_AIS,0,0,0,0,0,0,0,0,0,0,0,0,0.986240904718574,0.0137590952814261,0,0,0,0,0
75-79,men,MSK,PB_AIS,0,0,0,0,0,0,0,0,0,0,0,0,0.979027273997012,0.0209727260029878,0,0,0,0,0
65-69,men,MSK,PB_AIS,0,0,0,0,0,0,0,0,0,0,0,0,0.988599536988742,0.0114004630112583,0,0,0,0,0
80-84,men,MSK,PB_AIS,0,0,0,0,0,0,0,0,0,0,0,0,0.965114565599778,0.0348854344002221,0,0,0,0,0
85-89,men,MSK,PB_AIS,0,0,0,0,0,0,0,0,0,0,0,0,0.939202602222711,0.0607973977772894,0,0,0,0,0
90-94,men,MSK,PB_AIS,0,0,0,0,0,0,0,0,0,0,0,0,0.902965169545988,0.0970348304540121,0,0,0,0,0
95-99,men,MSK,PB_AIS,0,0,0,0,0,0,0,0,0,0,0,0,0.853438850305483,0.146561149694517,0,0,0,0,0
100-104,men,MSK,PB_AIS,0,0,0,0,0,0,0,0,0,0,0,0,0.853438850305483,0.146561149694517,0,0,0,0,0
105-109,men,MSK,PB_AIS,0,0,0,0,0,0,0,0,0,0,0,0,0.853438850305483,0.146561149694517,0,0,0,0,0
70-74,women,MSK,PB_AIS,0,0,0,0,0,0,0,0,0,0,0,0,0.988961448756879,0.0110385512431213,0,0,0,0,0
75-79,women,MSK,PB_AIS,0,0,0,0,0,0,0,0,0,0,0,0,0.983205010695022,0.0167949893049781,0,0,0,0,0
65-69,women,MSK,PB_AIS,0,0,0,0,0,0,0,0,0,0,0,0,0.990855906548212,0.00914409345178834,0,0,0,0,0
80-84,women,MSK,PB_AIS,0,0,0,0,0,0,0,0,0,0,0,0,0.971836407991014,0.0281635920089859,0,0,0,0,0
85-89,women,MSK,PB_AIS,0,0,0,0,0,0,0,0,0,0,0,0,0.950585675748464,0.049414324251536,0,0,0,0,0
90-94,women,MSK,PB_AIS,0,0,0,0,0,0,0,0,0,0,0,0,0.920530757367308,0.0794692426326918,0,0,0,0,0
95-99,women,MSK,PB_AIS,0,0,0,0,0,0,0,0,0,0,0,0,0.878623744279343,0.121376255720657,0,0,0,0,0
100-104,women,MSK,PB_AIS,0,0,0,0,0,0,0,0,0,0,0,0,0.878623744279343,0.121376255720657,0,0,0,0,0
105-109,women,MSK,PB_AIS,0,0,0,0,0,0,0,0,0,0,0,0,0.878623744279343,0.121376255720657,0,0,0,0,0
70-74,men,Metabolic,PB_AIS,0,0,0,0,0,0,0,0,0,0,0,0,0.978454920272094,0.0215450797279059,0,0,0,0,0
75-79,men,Metabolic,PB_AIS,0,0,0,0,0,0,0,0,0,0,0,0,0.967319788630806,0.0326802113691942,0,0,0,0,0
65-69,men,Metabolic,PB_AIS,0,0,0,0,0,0,0,0,0,0,0,0,0.982108847570938,0.0178911524290619,0,0,0,0,0
80-84,men,Metabolic,PB_AIS,0,0,0,0,0,0,0,0,0,0,0,0,0.946125356606184,0.053874643393816,0,0,0,0,0
85-89,men,Metabolic,PB_AIS,0,0,0,0,0,0,0,0,0,0,0,0,0.907584249969391,0.0924157500306088,0,0,0,0,0
90-94,men,Metabolic,PB_AIS,0,0,0,0,0,0,0,0,0,0,0,0,0.855562657170168,0.144437342829833,0,0,0,0,0
95-99,men,Metabolic,PB_AIS,0,0,0,0,0,0,0,0,0,0,0,0,0.78725145765087,0.21274854234913,0,0,0,0,0
100-104,men,Metabolic,PB_AIS,0,0,0,0,0,0,0,0,0,0,0,0,0.78725145765087,0.21274854234913,0,0,0,0,0
105-109,men,Metabolic,PB_AIS,0,0,0,0,0,0,0,0,0,0,0,0,0.78725145765087,0.21274854234913,0,0,0,0,0
70-74,women,Metabolic,PB_AIS,0,0,0,0,0,0,0,0,0,0,0,0,0.982651195872538,0.0173488041274622,0,0,0,0,0
75-79,women,Metabolic,PB_AIS,0,0,0,0,0,0,0,0,0,0,0,0,0.973717597906741,0.0262824020932585,0,0,0,0,0
65-69,women,Metabolic,PB_AIS,0,0,0,0,0,0,0,0,0,0,0,0,0.985616652566844,0.0143833474331556,0,0,0,0,0
80-84,women,Metabolic,PB_AIS,0,0,0,0,0,0,0,0,0,0,0,0,0.956223978730342,0.0437760212696579,0,0,0,0,0
85-89,women,Metabolic,PB_AIS,0,0,0,0,0,0,0,0,0,0,0,0,0.924196347411548,0.0758036525884523,0,0,0,0,0
90-94,women,Metabolic,PB_AIS,0,0,0,0,0,0,0,0,0,0,0,0,0.880285414693878,0.119714585306122,0,0,0,0,0
95-99,women,Metabolic,PB_AIS,0,0,0,0,0,0,0,0,0,0,0,0,0.821286608174592,0.178713391825408,0,0,0,0,0
100-104,women,Metabolic,PB_AIS,0,0,0,0,0,0,0,0,0,0,0,0,0.821286608174592,0.178713391825408,0,0,0,0,0
105-109,women,Metabolic,PB_AIS,0,0,0,0,0,0,0,0,0,0,0,0,0.821286608174592,0.178713391825408,0,0,0,0,0
70-74,men,Unspecified,PS_AB,0,0,0,0,0,0,0,0,0,0,0,0,0.983003357360419,0.0169966426395808,0,0,0,0,0
75-79,men,Unspecified,PS_AB,0,0,0,0,0,0,0,0,0,0,0,0,0.974143446296969,0.0258565537030309,0,0,0,0,0
65-69,men,Unspecified,PS_AB,0,0,0,0,0,0,0,0,0,0,0,0,0.985935843464002,0.0140641565359983,0,0,0,0,0
80-84,men,Unspecified,PS_AB,0,0,0,0,0,0,0,0,0,0,0,0,0.957089867430848,0.0429101325691523,0,0,0,0,0
85-89,men,Unspecified,PS_AB,0,0,0,0,0,0,0,0,0,0,0,0,0.925789208978081,0.0742107910219187,0,0,0,0,0
90-94,men,Unspecified,PS_AB,0,0,0,0,0,0,0,0,0,0,0,0,0.882627553427539,0.117372446572461,0,0,0,0,0
95-99,men,Unspecified,PS_AB,0,0,0,0,0,0,0,0,0,0,0,0,0.824932612301518,0.175067387698482,0,0,0,0,0
100-104,men,Unspecified,PS_AB,0,0,0,0,0,0,0,0,0,0,0,0,0.824932612301518,0.175067387698482,0,0,0,0,0
105-109,men,Unspecified,PS_AB,0,0,0,0,0,0,0,0,0,0,0,0,0.824932612301518,0.175067387698482,0,0,0,0,0
70-74,women,Unspecified,PS_AB,0,0,0,0,0,0,0,0,0,0,0,0,0.986363664374068,0.0136363356259315,0,0,0,0,0
75-79,women,Unspecified,PS_AB,0,0,0,0,0,0,0,0,0,0,0,0,0.979290332053946,0.0207096679460543,0,0,0,0,0
65-69,women,Unspecified,PS_AB,0,0,0,0,0,0,0,0,0,0,0,0,0.988717634912308,0.0112823650876918,0,0,0,0,0
80-84,women,Unspecified,PS_AB,0,0,0,0,0,0,0,0,0,0,0,0,0.965321786678189,0.0346782133218106,0,0,0,0,0
85-89,women,Unspecified,PS_AB,0,0,0,0,0,0,0,0,0,0,0,0,0.939530700277333,0.0604692997226674,0,0,0,0,0
90-94,women,Unspecified,PS_AB,0,0,0,0,0,0,0,0,0,0,0,0,0.903495476550863,0.0965045234491369,0,0,0,0,0
95-99,women,Unspecified,PS_AB,0,0,0,0,0,0,0,0,0,0,0,0,0.854257574218131,0.145742425781869,0,0,0,0,0
100-104,women,Unspecified,PS_AB,0,0,0,0,0,0,0,0,0,0,0,0,0.854257574218131,0.145742425781869,0,0,0,0,0
105-109,women,Unspecified,PS_AB,0,0,0,0,0,0,0,0,0,0,0,0,0.854257574218131,0.145742425781869,0,0,0,0,0
70-74,men,Complex,PS_AB,0,0,0,0,0,0,0,0,0,0,0,0,0.951593487865933,0.0484065121340669,0,0,0,0,0
75-79,men,Complex,PS_AB,0,0,0,0,0,0,0,0,0,0,0,0,0.927393360821641,0.072606639178359,0,0,0,0,0
65-69,men,Complex,PS_AB,0,0,0,0,0,0,0,0,0,0,0,0,0.959438541638576,0.0405614583614242,0,0,0,0,0
80-84,men,Complex,PS_AB,0,0,0,0,0,0,0,0,0,0,0,0,0.883921115957675,0.116078884042326,0,0,0,0,0
85-89,men,Complex,PS_AB,0,0,0,0,0,0,0,0,0,0,0,0,0.810008693271753,0.189991306728248,0,0,0,0,0
90-94,men,Complex,PS_AB,0,0,0,0,0,0,0,0,0,0,0,0,0.71960519015761,0.28039480984239,0,0,0,0,0
95-99,men,Complex,PS_AB,0,0,0,0,0,0,0,0,0,0,0,0,0.614136581149334,0.385863418850666,0,0,0,0,0
100-104,men,Complex,PS_AB,0,0,0,0,0,0,0,0,0,0,0,0,0.614136581149334,0.385863418850666,0,0,0,0,0
105-109,men,Complex,PS_AB,0,0,0,0,0,0,0,0,0,0,0,0,0.614136581149334,0.385863418850666,0,0,0,0,0
70-74,women,Complex,PS_AB,0,0,0,0,0,0,0,0,0,0,0,0,0.960786637319167,0.0392133626808329,0,0,0,0,0
75-79,women,Complex,PS_AB,0,0,0,0,0,0,0,0,0,0,0,0,0.941162608605229,0.058837391394771,0,0,0,0,0
65-69,women,Complex,PS_AB,0,0,0,0,0,0,0,0,0,0,0,0,0.967223057975372,0.0327769420246279,0,0,0,0,0
80-84,women,Complex,PS_AB,0,0,0,0,0,0,0,0,0,0,0,0,0.904413191105296,0.095586808894704,0,0,0,0,0
85-89,women,Complex,PS_AB,0,0,0,0,0,0,0,0,0,0,0,0,0.840759682977306,0.159240317022694,0,0,0,0,0
90-94,women,Complex,PS_AB,0,0,0,0,0,0,0,0,0,0,0,0,0.760529828984697,0.239470171015303,0,0,0,0,0
95-99,women,Complex,PS_AB,0,0,0,0,0,0,0,0,0,0,0,0,0.663855412766926,0.336144587233074,0,0,0,0,0
100-104,women,Complex,PS_AB,0,0,0,0,0,0,0,0,0,0,0,0,0.663855412766926,0.336144587233074,0,0,0,0,0
105-109,women,Complex,PS_AB,0,0,0,0,0,0,0,0,0,0,0,0,0.663855412766926,0.336144587233074,0,0,0,0,0
70-74,men,Neuropsychiatric,PS_AB,0,0,0,0,0,0,0,0,0,0,0,0,0.959979764895697,0.0400202351043033,0,0,0,0,0
75-79,men,Neuropsychiatric,PS_AB,0,0,0,0,0,0,0,0,0,0,0,0,0.939870374620428,0.0601296253795716,0,0,0,0,0
65-69,men,Neuropsychiatric,PS_AB,0,0,0,0,0,0,0,0,0,0,0,0,0.966514912103,0.0334850878969999,0,0,0,0,0
80-84,men,Neuropsychiatric,PS_AB,0,0,0,0,0,0,0,0,0,0,0,0,0.903028903344712,0.0969710966552878,0,0,0,0,0
85-89,men,Neuropsychiatric,PS_AB,0,0,0,0,0,0,0,0,0,0,0,0,0.838996193937311,0.16100380606269,0,0,0,0,0
90-94,men,Neuropsychiatric,PS_AB,0,0,0,0,0,0,0,0,0,0,0,0,0.758267454740205,0.241732545259795,0,0,0,0,0
95-99,men,Neuropsychiatric,PS_AB,0,0,0,0,0,0,0,0,0,0,0,0,0.661436453365362,0.338563546634638,0,0,0,0,0
100-104,men,Neuropsychiatric,PS_AB,0,0,0,0,0,0,0,0,0,0,0,0,0.661436453365362,0.338563546634638,0,0,0,0,0
105-109,men,Neuropsychiatric,PS_AB,0,0,0,0,0,0,0,0,0,0,0,0,0.661436453365362,0.338563546634638,0,0,0,0,0
70-74,women,Neuropsychiatric,PS_AB,0,0,0,0,0,0,0,0,0,0,0,0,0.967646598111792,0.0323534018882084,0,0,0,0,0
75-79,women,Neuropsychiatric,PS_AB,0,0,0,0,0,0,0,0,0,0,0,0,0.951352792646303,0.0486472073536967,0,0,0,0,0
65-69,women,Neuropsychiatric,PS_AB,0,0,0,0,0,0,0,0,0,0,0,0,0.972988644963485,0.0270113550365145,0,0,0,0,0
80-84,women,Neuropsychiatric,PS_AB,0,0,0,0,0,0,0,0,0,0,0,0,0.920495975000872,0.0795040249991282,0,0,0,0,0
85-89,women,Neuropsychiatric,PS_AB,0,0,0,0,0,0,0,0,0,0,0,0,0.866027764753488,0.133972235246512,0,0,0,0,0
90-94,women,Neuropsychiatric,PS_AB,0,0,0,0,0,0,0,0,0,0,0,0,0.795518765509339,0.204481234490661,0,0,0,0,0
95-99,women,Neuropsychiatric,PS_AB,0,0,0,0,0,0,0,0,0,0,0,0,0.707969616492463,0.292030383507537,0,0,0,0,0
100-104,women,Neuropsychiatric,PS_AB,0,0,0,0,0,0,0,0,0,0,0,0,0.707969616492463,0.292030383507537,0,0,0,0,0
105-109,women,Neuropsychiatric,PS_AB,0,0,0,0,0,0,0,0,0,0,0,0,0.707969616492463,0.292030383507537,0,0,0,0,0
70-74,men,Cardiovascular,PS_AB,0,0,0,0,0,0,0,0,0,0,0,0,0.97366031660723,0.0263396833927705,0,0,0,0,0
75-79,men,Cardiovascular,PS_AB,0,0,0,0,0,0,0,0,0,0,0,0,0.960114353005421,0.0398856469945789,0,0,0,0,0
65-69,men,Cardiovascular,PS_AB,0,0,0,0,0,0,0,0,0,0,0,0,0.978105674663441,0.0218943253365594,0,0,0,0,0
80-84,men,Cardiovascular,PS_AB,0,0,0,0,0,0,0,0,0,0,0,0,0.934551141816548,0.0654488581834519,0,0,0,0,0
85-89,men,Cardiovascular,PS_AB,0,0,0,0,0,0,0,0,0,0,0,0,0.888749205750147,0.111250794249853,0,0,0,0,0
90-94,men,Cardiovascular,PS_AB,0,0,0,0,0,0,0,0,0,0,0,0,0.828232556730461,0.171767443269539,0,0,0,0,0
95-99,men,Cardiovascular,PS_AB,0,0,0,0,0,0,0,0,0,0,0,0,0.750574284495902,0.249425715504098,0,0,0,0,0
100-104,men,Cardiovascular,PS_AB,0,0,0,0,0,0,0,0,0,0,0,0,0.750574284495902,0.249425715504098,0,0,0,0,0
105-109,men,Cardiovascular,PS_AB,0,0,0,0,0,0,0,0,0,0,0,0,0.750574284495902,0.249425715504098,0,0,0,0,0
70-74,women,Cardiovascular,PS_AB,0,0,0,0,0,0,0,0,0,0,0,0,0.978716917242475,0.0212830827575248,0,0,0,0,0
75-79,women,Cardiovascular,PS_AB,0,0,0,0,0,0,0,0,0,0,0,0,0.967830481430789,0.0321695185692114,0,0,0,0,0
65-69,women,Cardiovascular,PS_AB,0,0,0,0,0,0,0,0,0,0,0,0,0.982354299193934,0.0176457008060663,0,0,0,0,0
80-84,women,Cardiovascular,PS_AB,0,0,0,0,0,0,0,0,0,0,0,0,0.946568267143385,0.0534317328566149,0,0,0,0,0
85-89,women,Cardiovascular,PS_AB,0,0,0,0,0,0,0,0,0,0,0,0,0.908195564155029,0.0918044358449708,0,0,0,0,0
90-94,women,Cardiovascular,PS_AB,0,0,0,0,0,0,0,0,0,0,0,0,0.85656082591229,0.14343917408771,0,0,0,0,0
95-99,women,Cardiovascular,PS_AB,0,0,0,0,0,0,0,0,0,0,0,0,0.78858039026764,0.21141960973236,0,0,0,0,0
100-104,women,Cardiovascular,PS_AB,0,0,0,0,0,0,0,0,0,0,0,0,0.78858039026764,0.21141960973236,0,0,0,0,0
105-109,women,Cardiovascular,PS_AB,0,0,0,0,0,0,0,0,0,0,0,0,0.78858039026764,0.21141960973236,0,0,0,0,0
70-74,men,Eye,PS_AB,0,0,0,0,0,0,0,0,0,0,0,0,0.979105839954014,0.0208941600459864,0,0,0,0,0
75-79,men,Eye,PS_AB,0,0,0,0,0,0,0,0,0,0,0,0,0.968268001802622,0.0317319981973779,0,0,0,0,0
65-69,men,Eye,PS_AB,0,0,0,0,0,0,0,0,0,0,0,0,0.982700524759166,0.017299475240834,0,0,0,0,0
80-84,men,Eye,PS_AB,0,0,0,0,0,0,0,0,0,0,0,0,0.947615857321093,0.0523841426789065,0,0,0,0,0
85-89,men,Eye,PS_AB,0,0,0,0,0,0,0,0,0,0,0,0,0.91018162540124,0.0898183745987604,0,0,0,0,0
90-94,men,Eye,PS_AB,0,0,0,0,0,0,0,0,0,0,0,0,0.859457360050471,0.140542639949529,0,0,0,0,0
95-99,men,Eye,PS_AB,0,0,0,0,0,0,0,0,0,0,0,0,0.793011529672373,0.206988470327627,0,0,0,0,0
100-104,men,Eye,PS_AB,0,0,0,0,0,0,0,0,0,0,0,0,0.793011529672373,0.206988470327627,0,0,0,0,0
105-109,men,Eye,PS_AB,0,0,0,0,0,0,0,0,0,0,0,0,0.793011529672373,0.206988470327627,0,0,0,0,0
70-74,women,Eye,PS_AB,0,0,0,0,0,0,0,0,0,0,0,0,0.983208957382043,0.0167910426179565,0,0,0,0,0
75-79,women,Eye,PS_AB,0,0,0,0,0,0,0,0,0,0,0,0,0.974560253308824,0.025439746691176,0,0,0,0,0
65-69,women,Eye,PS_AB,0,0,0,0,0,0,0,0,0,0,0,0,0.986107592375074,0.013892407624926,0,0,0,0,0
80-84,women,Eye,PS_AB,0,0,0,0,0,0,0,0,0,0,0,0,0.957548406050048,0.0424515939499516,0,0,0,0,0
85-89,women,Eye,PS_AB,0,0,0,0,0,0,0,0,0,0,0,0,0.926506559208752,0.0734934407912484,0,0,0,0,0
90-94,women,Eye,PS_AB,0,0,0,0,0,0,0,0,0,0,0,0,0.883823507288902,0.116176492711098,0,0,0,0,0
95-99,women,Eye,PS_AB,0,0,0,0,0,0,0,0,0,0,0,0,0.826516608744932,0.173483391255068,0,0,0,0,0
100-104,women,Eye,PS_AB,0,0,0,0,0,0,0,0,0,0,0,0,0.826516608744932,0.173483391255068,0,0,0,0,0
105-109,women,Eye,PS_AB,0,0,0,0,0,0,0,0,0,0,0,0,0.826516608744932,0.173483391255068,0,0,0,0,0
70-74,men,MSK,PS_AB,0,0,0,0,0,0,0,0,0,0,0,0,0.986240904718574,0.0137590952814261,0,0,0,0,0
75-79,men,MSK,PS_AB,0,0,0,0,0,0,0,0,0,0,0,0,0.979027273997012,0.0209727260029878,0,0,0,0,0
65-69,men,MSK,PS_AB,0,0,0,0,0,0,0,0,0,0,0,0,0.988599536988742,0.0114004630112583,0,0,0,0,0
80-84,men,MSK,PS_AB,0,0,0,0,0,0,0,0,0,0,0,0,0.965114565599778,0.0348854344002221,0,0,0,0,0
85-89,men,MSK,PS_AB,0,0,0,0,0,0,0,0,0,0,0,0,0.939202602222711,0.0607973977772894,0,0,0,0,0
90-94,men,MSK,PS_AB,0,0,0,0,0,0,0,0,0,0,0,0,0.902965169545988,0.0970348304540121,0,0,0,0,0
95-99,men,MSK,PS_AB,0,0,0,0,0,0,0,0,0,0,0,0,0.853438850305483,0.146561149694517,0,0,0,0,0
100-104,men,MSK,PS_AB,0,0,0,0,0,0,0,0,0,0,0,0,0.853438850305483,0.146561149694517,0,0,0,0,0
105-109,men,MSK,PS_AB,0,0,0,0,0,0,0,0,0,0,0,0,0.853438850305483,0.146561149694517,0,0,0,0,0
70-74,women,MSK,PS_AB,0,0,0,0,0,0,0,0,0,0,0,0,0.988961448756879,0.0110385512431213,0,0,0,0,0
75-79,women,MSK,PS_AB,0,0,0,0,0,0,0,0,0,0,0,0,0.983205010695022,0.0167949893049781,0,0,0,0,0
65-69,women,MSK,PS_AB,0,0,0,0,0,0,0,0,0,0,0,0,0.990855906548212,0.00914409345178834,0,0,0,0,0
80-84,women,MSK,PS_AB,0,0,0,0,0,0,0,0,0,0,0,0,0.971836407991014,0.0281635920089859,0,0,0,0,0
85-89,women,MSK,PS_AB,0,0,0,0,0,0,0,0,0,0,0,0,0.950585675748464,0.049414324251536,0,0,0,0,0
90-94,women,MSK,PS_AB,0,0,0,0,0,0,0,0,0,0,0,0,0.920530757367308,0.0794692426326918,0,0,0,0,0
95-99,women,MSK,PS_AB,0,0,0,0,0,0,0,0,0,0,0,0,0.878623744279343,0.121376255720657,0,0,0,0,0
100-104,women,MSK,PS_AB,0,0,0,0,0,0,0,0,0,0,0,0,0.878623744279343,0.121376255720657,0,0,0,0,0
105-109,women,MSK,PS_AB,0,0,0,0,0,0,0,0,0,0,0,0,0.878623744279343,0.121376255720657,0,0,0,0,0
70-74,men,Metabolic,PS_AB,0,0,0,0,0,0,0,0,0,0,0,0,0.978454920272094,0.0215450797279059,0,0,0,0,0
75-79,men,Metabolic,PS_AB,0,0,0,0,0,0,0,0,0,0,0,0,0.967319788630806,0.0326802113691942,0,0,0,0,0
65-69,men,Metabolic,PS_AB,0,0,0,0,0,0,0,0,0,0,0,0,0.982108847570938,0.0178911524290619,0,0,0,0,0
80-84,men,Metabolic,PS_AB,0,0,0,0,0,0,0,0,0,0,0,0,0.946125356606184,0.053874643393816,0,0,0,0,0
85-89,men,Metabolic,PS_AB,0,0,0,0,0,0,0,0,0,0,0,0,0.907584249969391,0.0924157500306088,0,0,0,0,0
90-94,men,Metabolic,PS_AB,0,0,0,0,0,0,0,0,0,0,0,0,0.855562657170168,0.144437342829833,0,0,0,0,0
95-99,men,Metabolic,PS_AB,0,0,0,0,0,0,0,0,0,0,0,0,0.78725145765087,0.21274854234913,0,0,0,0,0
100-104,men,Metabolic,PS_AB,0,0,0,0,0,0,0,0,0,0,0,0,0.78725145765087,0.21274854234913,0,0,0,0,0
105-109,men,Metabolic,PS_AB,0,0,0,0,0,0,0,0,0,0,0,0,0.78725145765087,0.21274854234913,0,0,0,0,0
70-74,women,Metabolic,PS_AB,0,0,0,0,0,0,0,0,0,0,0,0,0.982651195872538,0.0173488041274622,0,0,0,0,0
75-79,women,Metabolic,PS_AB,0,0,0,0,0,0,0,0,0,0,0,0,0.973717597906741,0.0262824020932585,0,0,0,0,0
65-69,women,Metabolic,PS_AB,0,0,0,0,0,0,0,0,0,0,0,0,0.985616652566844,0.0143833474331556,0,0,0,0,0
80-84,women,Metabolic,PS_AB,0,0,0,0,0,0,0,0,0,0,0,0,0.956223978730342,0.0437760212696579,0,0,0,0,0
85-89,women,Metabolic,PS_AB,0,0,0,0,0,0,0,0,0,0,0,0,0.924196347411548,0.0758036525884523,0,0,0,0,0
90-94,women,Metabolic,PS_AB,0,0,0,0,0,0,0,0,0,0,0,0,0.880285414693878,0.119714585306122,0,0,0,0,0
95-99,women,Metabolic,PS_AB,0,0,0,0,0,0,0,0,0,0,0,0,0.821286608174592,0.178713391825408,0,0,0,0,0
100-104,women,Metabolic,PS_AB,0,0,0,0,0,0,0,0,0,0,0,0,0.821286608174592,0.178713391825408,0,0,0,0,0
105-109,women,Metabolic,PS_AB,0,0,0,0,0,0,0,0,0,0,0,0,0.821286608174592,0.178713391825408,0,0,0,0,0
70-74,men,Unspecified,PB_AHS,0,0,0,0,0,0,0,0,0,0,0,0,0.983003357360419,0.0169966426395808,0,0,0,0,0
75-79,men,Unspecified,PB_AHS,0,0,0,0,0,0,0,0,0,0,0,0,0.974143446296969,0.0258565537030309,0,0,0,0,0
65-69,men,Unspecified,PB_AHS,0,0,0,0,0,0,0,0,0,0,0,0,0.985935843464002,0.0140641565359983,0,0,0,0,0
80-84,men,Unspecified,PB_AHS,0,0,0,0,0,0,0,0,0,0,0,0,0.957089867430848,0.0429101325691523,0,0,0,0,0
85-89,men,Unspecified,PB_AHS,0,0,0,0,0,0,0,0,0,0,0,0,0.925789208978081,0.0742107910219187,0,0,0,0,0
90-94,men,Unspecified,PB_AHS,0,0,0,0,0,0,0,0,0,0,0,0,0.882627553427539,0.117372446572461,0,0,0,0,0
95-99,men,Unspecified,PB_AHS,0,0,0,0,0,0,0,0,0,0,0,0,0.824932612301518,0.175067387698482,0,0,0,0,0
100-104,men,Unspecified,PB_AHS,0,0,0,0,0,0,0,0,0,0,0,0,0.824932612301518,0.175067387698482,0,0,0,0,0
105-109,men,Unspecified,PB_AHS,0,0,0,0,0,0,0,0,0,0,0,0,0.824932612301518,0.175067387698482,0,0,0,0,0
70-74,women,Unspecified,PB_AHS,0,0,0,0,0,0,0,0,0,0,0,0,0.986363664374068,0.0136363356259315,0,0,0,0,0
75-79,women,Unspecified,PB_AHS,0,0,0,0,0,0,0,0,0,0,0,0,0.979290332053946,0.0207096679460543,0,0,0,0,0
65-69,women,Unspecified,PB_AHS,0,0,0,0,0,0,0,0,0,0,0,0,0.988717634912308,0.0112823650876918,0,0,0,0,0
80-84,women,Unspecified,PB_AHS,0,0,0,0,0,0,0,0,0,0,0,0,0.965321786678189,0.0346782133218106,0,0,0,0,0
85-89,women,Unspecified,PB_AHS,0,0,0,0,0,0,0,0,0,0,0,0,0.939530700277333,0.0604692997226674,0,0,0,0,0
90-94,women,Unspecified,PB_AHS,0,0,0,0,0,0,0,0,0,0,0,0,0.903495476550863,0.0965045234491369,0,0,0,0,0
95-99,women,Unspecified,PB_AHS,0,0,0,0,0,0,0,0,0,0,0,0,0.854257574218131,0.145742425781869,0,0,0,0,0
100-104,women,Unspecified,PB_AHS,0,0,0,0,0,0,0,0,0,0,0,0,0.854257574218131,0.145742425781869,0,0,0,0,0
105-109,women,Unspecified,PB_AHS,0,0,0,0,0,0,0,0,0,0,0,0,0.854257574218131,0.145742425781869,0,0,0,0,0
70-74,men,Complex,PB_AHS,0,0,0,0,0,0,0,0,0,0,0,0,0.951593487865933,0.0484065121340669,0,0,0,0,0
75-79,men,Complex,PB_AHS,0,0,0,0,0,0,0,0,0,0,0,0,0.927393360821641,0.072606639178359,0,0,0,0,0
65-69,men,Complex,PB_AHS,0,0,0,0,0,0,0,0,0,0,0,0,0.959438541638576,0.0405614583614242,0,0,0,0,0
80-84,men,Complex,PB_AHS,0,0,0,0,0,0,0,0,0,0,0,0,0.883921115957675,0.116078884042326,0,0,0,0,0
85-89,men,Complex,PB_AHS,0,0,0,0,0,0,0,0,0,0,0,0,0.810008693271753,0.189991306728248,0,0,0,0,0
90-94,men,Complex,PB_AHS,0,0,0,0,0,0,0,0,0,0,0,0,0.71960519015761,0.28039480984239,0,0,0,0,0
95-99,men,Complex,PB_AHS,0,0,0,0,0,0,0,0,0,0,0,0,0.614136581149334,0.385863418850666,0,0,0,0,0
100-104,men,Complex,PB_AHS,0,0,0,0,0,0,0,0,0,0,0,0,0.614136581149334,0.385863418850666,0,0,0,0,0
105-109,men,Complex,PB_AHS,0,0,0,0,0,0,0,0,0,0,0,0,0.614136581149334,0.385863418850666,0,0,0,0,0
70-74,women,Complex,PB_AHS,0,0,0,0,0,0,0,0,0,0,0,0,0.960786637319167,0.0392133626808329,0,0,0,0,0
75-79,women,Complex,PB_AHS,0,0,0,0,0,0,0,0,0,0,0,0,0.941162608605229,0.058837391394771,0,0,0,0,0
65-69,women,Complex,PB_AHS,0,0,0,0,0,0,0,0,0,0,0,0,0.967223057975372,0.0327769420246279,0,0,0,0,0
80-84,women,Complex,PB_AHS,0,0,0,0,0,0,0,0,0,0,0,0,0.904413191105296,0.095586808894704,0,0,0,0,0
85-89,women,Complex,PB_AHS,0,0,0,0,0,0,0,0,0,0,0,0,0.840759682977306,0.159240317022694,0,0,0,0,0
90-94,women,Complex,PB_AHS,0,0,0,0,0,0,0,0,0,0,0,0,0.760529828984697,0.239470171015303,0,0,0,0,0
95-99,women,Complex,PB_AHS,0,0,0,0,0,0,0,0,0,0,0,0,0.663855412766926,0.336144587233074,0,0,0,0,0
100-104,women,Complex,PB_AHS,0,0,0,0,0,0,0,0,0,0,0,0,0.663855412766926,0.336144587233074,0,0,0,0,0
105-109,women,Complex,PB_AHS,0,0,0,0,0,0,0,0,0,0,0,0,0.663855412766926,0.336144587233074,0,0,0,0,0
70-74,men,Neuropsychiatric,PB_AHS,0,0,0,0,0,0,0,0,0,0,0,0,0.959979764895697,0.0400202351043033,0,0,0,0,0
75-79,men,Neuropsychiatric,PB_AHS,0,0,0,0,0,0,0,0,0,0,0,0,0.939870374620428,0.0601296253795716,0,0,0,0,0
65-69,men,Neuropsychiatric,PB_AHS,0,0,0,0,0,0,0,0,0,0,0,0,0.966514912103,0.0334850878969999,0,0,0,0,0
80-84,men,Neuropsychiatric,PB_AHS,0,0,0,0,0,0,0,0,0,0,0,0,0.903028903344712,0.0969710966552878,0,0,0,0,0
85-89,men,Neuropsychiatric,PB_AHS,0,0,0,0,0,0,0,0,0,0,0,0,0.838996193937311,0.16100380606269,0,0,0,0,0
90-94,men,Neuropsychiatric,PB_AHS,0,0,0,0,0,0,0,0,0,0,0,0,0.758267454740205,0.241732545259795,0,0,0,0,0
95-99,men,Neuropsychiatric,PB_AHS,0,0,0,0,0,0,0,0,0,0,0,0,0.661436453365362,0.338563546634638,0,0,0,0,0
100-104,men,Neuropsychiatric,PB_AHS,0,0,0,0,0,0,0,0,0,0,0,0,0.661436453365362,0.338563546634638,0,0,0,0,0
105-109,men,Neuropsychiatric,PB_AHS,0,0,0,0,0,0,0,0,0,0,0,0,0.661436453365362,0.338563546634638,0,0,0,0,0
70-74,women,Neuropsychiatric,PB_AHS,0,0,0,0,0,0,0,0,0,0,0,0,0.967646598111792,0.0323534018882084,0,0,0,0,0
75-79,women,Neuropsychiatric,PB_AHS,0,0,0,0,0,0,0,0,0,0,0,0,0.951352792646303,0.0486472073536967,0,0,0,0,0
65-69,women,Neuropsychiatric,PB_AHS,0,0,0,0,0,0,0,0,0,0,0,0,0.972988644963485,0.0270113550365145,0,0,0,0,0
80-84,women,Neuropsychiatric,PB_AHS,0,0,0,0,0,0,0,0,0,0,0,0,0.920495975000872,0.0795040249991282,0,0,0,0,0
85-89,women,Neuropsychiatric,PB_AHS,0,0,0,0,0,0,0,0,0,0,0,0,0.866027764753488,0.133972235246512,0,0,0,0,0
90-94,women,Neuropsychiatric,PB_AHS,0,0,0,0,0,0,0,0,0,0,0,0,0.795518765509339,0.204481234490661,0,0,0,0,0
95-99,women,Neuropsychiatric,PB_AHS,0,0,0,0,0,0,0,0,0,0,0,0,0.707969616492463,0.292030383507537,0,0,0,0,0
100-104,women,Neuropsychiatric,PB_AHS,0,0,0,0,0,0,0,0,0,0,0,0,0.707969616492463,0.292030383507537,0,0,0,0,0
105-109,women,Neuropsychiatric,PB_AHS,0,0,0,0,0,0,0,0,0,0,0,0,0.707969616492463,0.292030383507537,0,0,0,0,0
70-74,men,Cardiovascular,PB_AHS,0,0,0,0,0,0,0,0,0,0,0,0,0.97366031660723,0.0263396833927705,0,0,0,0,0
75-79,men,Cardiovascular,PB_AHS,0,0,0,0,0,0,0,0,0,0,0,0,0.960114353005421,0.0398856469945789,0,0,0,0,0
65-69,men,Cardiovascular,PB_AHS,0,0,0,0,0,0,0,0,0,0,0,0,0.978105674663441,0.0218943253365594,0,0,0,0,0
80-84,men,Cardiovascular,PB_AHS,0,0,0,0,0,0,0,0,0,0,0,0,0.934551141816548,0.0654488581834519,0,0,0,0,0
85-89,men,Cardiovascular,PB_AHS,0,0,0,0,0,0,0,0,0,0,0,0,0.888749205750147,0.111250794249853,0,0,0,0,0
90-94,men,Cardiovascular,PB_AHS,0,0,0,0,0,0,0,0,0,0,0,0,0.828232556730461,0.171767443269539,0,0,0,0,0
95-99,men,Cardiovascular,PB_AHS,0,0,0,0,0,0,0,0,0,0,0,0,0.750574284495902,0.249425715504098,0,0,0,0,0
100-104,men,Cardiovascular,PB_AHS,0,0,0,0,0,0,0,0,0,0,0,0,0.750574284495902,0.249425715504098,0,0,0,0,0
105-109,men,Cardiovascular,PB_AHS,0,0,0,0,0,0,0,0,0,0,0,0,0.750574284495902,0.249425715504098,0,0,0,0,0
70-74,women,Cardiovascular,PB_AHS,0,0,0,0,0,0,0,0,0,0,0,0,0.978716917242475,0.0212830827575248,0,0,0,0,0
75-79,women,Cardiovascular,PB_AHS,0,0,0,0,0,0,0,0,0,0,0,0,0.967830481430789,0.0321695185692114,0,0,0,0,0
65-69,women,Cardiovascular,PB_AHS,0,0,0,0,0,0,0,0,0,0,0,0,0.982354299193934,0.0176457008060663,0,0,0,0,0
80-84,women,Cardiovascular,PB_AHS,0,0,0,0,0,0,0,0,0,0,0,0,0.946568267143385,0.0534317328566149,0,0,0,0,0
85-89,women,Cardiovascular,PB_AHS,0,0,0,0,0,0,0,0,0,0,0,0,0.908195564155029,0.0918044358449708,0,0,0,0,0
90-94,women,Cardiovascular,PB_AHS,0,0,0,0,0,0,0,0,0,0,0,0,0.85656082591229,0.14343917408771,0,0,0,0,0
95-99,women,Cardiovascular,PB_AHS,0,0,0,0,0,0,0,0,0,0,0,0,0.78858039026764,0.21141960973236,0,0,0,0,0
100-104,women,Cardiovascular,PB_AHS,0,0,0,0,0,0,0,0,0,0,0,0,0.78858039026764,0.21141960973236,0,0,0,0,0
105-109,women,Cardiovascular,PB_AHS,0,0,0,0,0,0,0,0,0,0,0,0,0.78858039026764,0.21141960973236,0,0,0,0,0
70-74,men,Eye,PB_AHS,0,0,0,0,0,0,0,0,0,0,0,0,0.979105839954014,0.0208941600459864,0,0,0,0,0
75-79,men,Eye,PB_AHS,0,0,0,0,0,0,0,0,0,0,0,0,0.968268001802622,0.0317319981973779,0,0,0,0,0
65-69,men,Eye,PB_AHS,0,0,0,0,0,0,0,0,0,0,0,0,0.982700524759166,0.017299475240834,0,0,0,0,0
80-84,men,Eye,PB_AHS,0,0,0,0,0,0,0,0,0,0,0,0,0.947615857321093,0.0523841426789065,0,0,0,0,0
85-89,men,Eye,PB_AHS,0,0,0,0,0,0,0,0,0,0,0,0,0.91018162540124,0.0898183745987604,0,0,0,0,0
90-94,men,Eye,PB_AHS,0,0,0,0,0,0,0,0,0,0,0,0,0.859457360050471,0.140542639949529,0,0,0,0,0
95-99,men,Eye,PB_AHS,0,0,0,0,0,0,0,0,0,0,0,0,0.793011529672373,0.206988470327627,0,0,0,0,0
100-104,men,Eye,PB_AHS,0,0,0,0,0,0,0,0,0,0,0,0,0.793011529672373,0.206988470327627,0,0,0,0,0
105-109,men,Eye,PB_AHS,0,0,0,0,0,0,0,0,0,0,0,0,0.793011529672373,0.206988470327627,0,0,0,0,0
70-74,women,Eye,PB_AHS,0,0,0,0,0,0,0,0,0,0,0,0,0.983208957382043,0.0167910426179565,0,0,0,0,0
75-79,women,Eye,PB_AHS,0,0,0,0,0,0,0,0,0,0,0,0,0.974560253308824,0.025439746691176,0,0,0,0,0
65-69,women,Eye,PB_AHS,0,0,0,0,0,0,0,0,0,0,0,0,0.986107592375074,0.013892407624926,0,0,0,0,0
80-84,women,Eye,PB_AHS,0,0,0,0,0,0,0,0,0,0,0,0,0.957548406050048,0.0424515939499516,0,0,0,0,0
85-89,women,Eye,PB_AHS,0,0,0,0,0,0,0,0,0,0,0,0,0.926506559208752,0.0734934407912484,0,0,0,0,0
90-94,women,Eye,PB_AHS,0,0,0,0,0,0,0,0,0,0,0,0,0.883823507288902,0.116176492711098,0,0,0,0,0
95-99,women,Eye,PB_AHS,0,0,0,0,0,0,0,0,0,0,0,0,0.826516608744932,0.173483391255068,0,0,0,0,0
100-104,women,Eye,PB_AHS,0,0,0,0,0,0,0,0,0,0,0,0,0.826516608744932,0.173483391255068,0,0,0,0,0
105-109,women,Eye,PB_AHS,0,0,0,0,0,0,0,0,0,0,0,0,0.826516608744932,0.173483391255068,0,0,0,0,0
70-74,men,MSK,PB_AHS,0,0,0,0,0,0,0,0,0,0,0,0,0.986240904718574,0.0137590952814261,0,0,0,0,0
75-79,men,MSK,PB_AHS,0,0,0,0,0,0,0,0,0,0,0,0,0.979027273997012,0.0209727260029878,0,0,0,0,0
65-69,men,MSK,PB_AHS,0,0,0,0,0,0,0,0,0,0,0,0,0.988599536988742,0.0114004630112583,0,0,0,0,0
80-84,men,MSK,PB_AHS,0,0,0,0,0,0,0,0,0,0,0,0,0.965114565599778,0.0348854344002221,0,0,0,0,0
85-89,men,MSK,PB_AHS,0,0,0,0,0,0,0,0,0,0,0,0,0.939202602222711,0.0607973977772894,0,0,0,0,0
90-94,men,MSK,PB_AHS,0,0,0,0,0,0,0,0,0,0,0,0,0.902965169545988,0.0970348304540121,0,0,0,0,0
95-99,men,MSK,PB_AHS,0,0,0,0,0,0,0,0,0,0,0,0,0.853438850305483,0.146561149694517,0,0,0,0,0
100-104,men,MSK,PB_AHS,0,0,0,0,0,0,0,0,0,0,0,0,0.853438850305483,0.146561149694517,0,0,0,0,0
105-109,men,MSK,PB_AHS,0,0,0,0,0,0,0,0,0,0,0,0,0.853438850305483,0.146561149694517,0,0,0,0,0
70-74,women,MSK,PB_AHS,0,0,0,0,0,0,0,0,0,0,0,0,0.988961448756879,0.0110385512431213,0,0,0,0,0
75-79,women,MSK,PB_AHS,0,0,0,0,0,0,0,0,0,0,0,0,0.983205010695022,0.0167949893049781,0,0,0,0,0
65-69,women,MSK,PB_AHS,0,0,0,0,0,0,0,0,0,0,0,0,0.990855906548212,0.00914409345178834,0,0,0,0,0
80-84,women,MSK,PB_AHS,0,0,0,0,0,0,0,0,0,0,0,0,0.971836407991014,0.0281635920089859,0,0,0,0,0
85-89,women,MSK,PB_AHS,0,0,0,0,0,0,0,0,0,0,0,0,0.950585675748464,0.049414324251536,0,0,0,0,0
90-94,women,MSK,PB_AHS,0,0,0,0,0,0,0,0,0,0,0,0,0.920530757367308,0.0794692426326918,0,0,0,0,0
95-99,women,MSK,PB_AHS,0,0,0,0,0,0,0,0,0,0,0,0,0.878623744279343,0.121376255720657,0,0,0,0,0
100-104,women,MSK,PB_AHS,0,0,0,0,0,0,0,0,0,0,0,0,0.878623744279343,0.121376255720657,0,0,0,0,0
105-109,women,MSK,PB_AHS,0,0,0,0,0,0,0,0,0,0,0,0,0.878623744279343,0.121376255720657,0,0,0,0,0
70-74,men,Metabolic,PB_AHS,0,0,0,0,0,0,0,0,0,0,0,0,0.978454920272094,0.0215450797279059,0,0,0,0,0
75-79,men,Metabolic,PB_AHS,0,0,0,0,0,0,0,0,0,0,0,0,0.967319788630806,0.0326802113691942,0,0,0,0,0
65-69,men,Metabolic,PB_AHS,0,0,0,0,0,0,0,0,0,0,0,0,0.982108847570938,0.0178911524290619,0,0,0,0,0
80-84,men,Metabolic,PB_AHS,0,0,0,0,0,0,0,0,0,0,0,0,0.946125356606184,0.053874643393816,0,0,0,0,0
85-89,men,Metabolic,PB_AHS,0,0,0,0,0,0,0,0,0,0,0,0,0.907584249969391,0.0924157500306088,0,0,0,0,0
90-94,men,Metabolic,PB_AHS,0,0,0,0,0,0,0,0,0,0,0,0,0.855562657170168,0.144437342829833,0,0,0,0,0
95-99,men,Metabolic,PB_AHS,0,0,0,0,0,0,0,0,0,0,0,0,0.78725145765087,0.21274854234913,0,0,0,0,0
100-104,men,Metabolic,PB_AHS,0,0,0,0,0,0,0,0,0,0,0,0,0.78725145765087,0.21274854234913,0,0,0,0,0
105-109,men,Metabolic,PB_AHS,0,0,0,0,0,0,0,0,0,0,0,0,0.78725145765087,0.21274854234913,0,0,0,0,0
70-74,women,Metabolic,PB_AHS,0,0,0,0,0,0,0,0,0,0,0,0,0.982651195872538,0.0173488041274622,0,0,0,0,0
75-79,women,Metabolic,PB_AHS,0,0,0,0,0,0,0,0,0,0,0,0,0.973717597906741,0.0262824020932585,0,0,0,0,0
65-69,women,Metabolic,PB_AHS,0,0,0,0,0,0,0,0,0,0,0,0,0.985616652566844,0.0143833474331556,0,0,0,0,0
80-84,women,Metabolic,PB_AHS,0,0,0,0,0,0,0,0,0,0,0,0,0.956223978730342,0.0437760212696579,0,0,0,0,0
85-89,women,Metabolic,PB_AHS,0,0,0,0,0,0,0,0,0,0,0,0,0.924196347411548,0.0758036525884523,0,0,0,0,0
90-94,women,Metabolic,PB_AHS,0,0,0,0,0,0,0,0,0,0,0,0,0.880285414693878,0.119714585306122,0,0,0,0,0
95-99,women,Metabolic,PB_AHS,0,0,0,0,0,0,0,0,0,0,0,0,0.821286608174592,0.178713391825408,0,0,0,0,0
100-104,women,Metabolic,PB_AHS,0,0,0,0,0,0,0,0,0,0,0,0,0.821286608174592,0.178713391825408,0,0,0,0,0
105-109,women,Metabolic,PB_AHS,0,0,0,0,0,0,0,0,0,0,0,0,0.821286608174592,0.178713391825408,0,0,0,0,0
70-74,men,Unspecified,CurrentDeath,0,0,0,0,0,0,0,0,0,0,0,0,0,1,0,0,0,0,0
70-74,men,Unspecified,AB_Death,0,0,0,0,0,0,0,0,0,0,0,0,0,0,1,0,0,0,0
70-74,men,Unspecified,AHS_Death,0,0,0,0,0,0,0,0,0,0,0,0,0,0,0,1,0,0,0
70-74,men,Unspecified,AIS_Death,0,0,0,0,0,0,0,0,0,0,0,0,0,0,0,0,1,0,0
70-74,men,Unspecified,AHS_AB_Death,0,0,0,0,0,0,0,0,0,0,0,0,0,0,0,0,0,1,0
70-74,men,Unspecified,AIS_AB_Death,0,0,0,0,0,0,0,0,0,0,0,0,0,0,0,0,0,0,1
75-79,men,Unspecified,CurrentDeath,0,0,0,0,0,0,0,0,0,0,0,0,0,1,0,0,0,0,0
75-79,men,Unspecified,AB_Death,0,0,0,0,0,0,0,0,0,0,0,0,0,0,1,0,0,0,0
75-79,men,Unspecified,AHS_Death,0,0,0,0,0,0,0,0,0,0,0,0,0,0,0,1,0,0,0
75-79,men,Unspecified,AIS_Death,0,0,0,0,0,0,0,0,0,0,0,0,0,0,0,0,1,0,0
75-79,men,Unspecified,AHS_AB_Death,0,0,0,0,0,0,0,0,0,0,0,0,0,0,0,0,0,1,0
75-79,men,Unspecified,AIS_AB_Death,0,0,0,0,0,0,0,0,0,0,0,0,0,0,0,0,0,0,1
65-69,men,Unspecified,CurrentDeath,0,0,0,0,0,0,0,0,0,0,0,0,0,1,0,0,0,0,0
65-69,men,Unspecified,AB_Death,0,0,0,0,0,0,0,0,0,0,0,0,0,0,1,0,0,0,0
65-69,men,Unspecified,AHS_Death,0,0,0,0,0,0,0,0,0,0,0,0,0,0,0,1,0,0,0
65-69,men,Unspecified,AIS_Death,0,0,0,0,0,0,0,0,0,0,0,0,0,0,0,0,1,0,0
65-69,men,Unspecified,AHS_AB_Death,0,0,0,0,0,0,0,0,0,0,0,0,0,0,0,0,0,1,0
65-69,men,Unspecified,AIS_AB_Death,0,0,0,0,0,0,0,0,0,0,0,0,0,0,0,0,0,0,1
80-84,men,Unspecified,CurrentDeath,0,0,0,0,0,0,0,0,0,0,0,0,0,1,0,0,0,0,0
80-84,men,Unspecified,AB_Death,0,0,0,0,0,0,0,0,0,0,0,0,0,0,1,0,0,0,0
80-84,men,Unspecified,AHS_Death,0,0,0,0,0,0,0,0,0,0,0,0,0,0,0,1,0,0,0
80-84,men,Unspecified,AIS_Death,0,0,0,0,0,0,0,0,0,0,0,0,0,0,0,0,1,0,0
80-84,men,Unspecified,AHS_AB_Death,0,0,0,0,0,0,0,0,0,0,0,0,0,0,0,0,0,1,0
80-84,men,Unspecified,AIS_AB_Death,0,0,0,0,0,0,0,0,0,0,0,0,0,0,0,0,0,0,1
85-89,men,Unspecified,CurrentDeath,0,0,0,0,0,0,0,0,0,0,0,0,0,1,0,0,0,0,0
85-89,men,Unspecified,AB_Death,0,0,0,0,0,0,0,0,0,0,0,0,0,0,1,0,0,0,0
85-89,men,Unspecified,AHS_Death,0,0,0,0,0,0,0,0,0,0,0,0,0,0,0,1,0,0,0
85-89,men,Unspecified,AIS_Death,0,0,0,0,0,0,0,0,0,0,0,0,0,0,0,0,1,0,0
85-89,men,Unspecified,AHS_AB_Death,0,0,0,0,0,0,0,0,0,0,0,0,0,0,0,0,0,1,0
85-89,men,Unspecified,AIS_AB_Death,0,0,0,0,0,0,0,0,0,0,0,0,0,0,0,0,0,0,1
90-94,men,Unspecified,CurrentDeath,0,0,0,0,0,0,0,0,0,0,0,0,0,1,0,0,0,0,0
90-94,men,Unspecified,AB_Death,0,0,0,0,0,0,0,0,0,0,0,0,0,0,1,0,0,0,0
90-94,men,Unspecified,AHS_Death,0,0,0,0,0,0,0,0,0,0,0,0,0,0,0,1,0,0,0
90-94,men,Unspecified,AIS_Death,0,0,0,0,0,0,0,0,0,0,0,0,0,0,0,0,1,0,0
90-94,men,Unspecified,AHS_AB_Death,0,0,0,0,0,0,0,0,0,0,0,0,0,0,0,0,0,1,0
90-94,men,Unspecified,AIS_AB_Death,0,0,0,0,0,0,0,0,0,0,0,0,0,0,0,0,0,0,1
95-99,men,Unspecified,CurrentDeath,0,0,0,0,0,0,0,0,0,0,0,0,0,1,0,0,0,0,0
95-99,men,Unspecified,AB_Death,0,0,0,0,0,0,0,0,0,0,0,0,0,0,1,0,0,0,0
95-99,men,Unspecified,AHS_Death,0,0,0,0,0,0,0,0,0,0,0,0,0,0,0,1,0,0,0
95-99,men,Unspecified,AIS_Death,0,0,0,0,0,0,0,0,0,0,0,0,0,0,0,0,1,0,0
95-99,men,Unspecified,AHS_AB_Death,0,0,0,0,0,0,0,0,0,0,0,0,0,0,0,0,0,1,0
95-99,men,Unspecified,AIS_AB_Death,0,0,0,0,0,0,0,0,0,0,0,0,0,0,0,0,0,0,1
100-104,men,Unspecified,CurrentDeath,0,0,0,0,0,0,0,0,0,0,0,0,0,1,0,0,0,0,0
100-104,men,Unspecified,AB_Death,0,0,0,0,0,0,0,0,0,0,0,0,0,0,1,0,0,0,0
100-104,men,Unspecified,AHS_Death,0,0,0,0,0,0,0,0,0,0,0,0,0,0,0,1,0,0,0
100-104,men,Unspecified,AIS_Death,0,0,0,0,0,0,0,0,0,0,0,0,0,0,0,0,1,0,0
100-104,men,Unspecified,AHS_AB_Death,0,0,0,0,0,0,0,0,0,0,0,0,0,0,0,0,0,1,0
100-104,men,Unspecified,AIS_AB_Death,0,0,0,0,0,0,0,0,0,0,0,0,0,0,0,0,0,0,1
105-109,men,Unspecified,CurrentDeath,0,0,0,0,0,0,0,0,0,0,0,0,0,1,0,0,0,0,0
105-109,men,Unspecified,AB_Death,0,0,0,0,0,0,0,0,0,0,0,0,0,0,1,0,0,0,0
105-109,men,Unspecified,AHS_Death,0,0,0,0,0,0,0,0,0,0,0,0,0,0,0,1,0,0,0
105-109,men,Unspecified,AIS_Death,0,0,0,0,0,0,0,0,0,0,0,0,0,0,0,0,1,0,0
105-109,men,Unspecified,AHS_AB_Death,0,0,0,0,0,0,0,0,0,0,0,0,0,0,0,0,0,1,0
105-109,men,Unspecified,AIS_AB_Death,0,0,0,0,0,0,0,0,0,0,0,0,0,0,0,0,0,0,1
70-74,women,Unspecified,CurrentDeath,0,0,0,0,0,0,0,0,0,0,0,0,0,1,0,0,0,0,0
70-74,women,Unspecified,AB_Death,0,0,0,0,0,0,0,0,0,0,0,0,0,0,1,0,0,0,0
70-74,women,Unspecified,AHS_Death,0,0,0,0,0,0,0,0,0,0,0,0,0,0,0,1,0,0,0
70-74,women,Unspecified,AIS_Death,0,0,0,0,0,0,0,0,0,0,0,0,0,0,0,0,1,0,0
70-74,women,Unspecified,AHS_AB_Death,0,0,0,0,0,0,0,0,0,0,0,0,0,0,0,0,0,1,0
70-74,women,Unspecified,AIS_AB_Death,0,0,0,0,0,0,0,0,0,0,0,0,0,0,0,0,0,0,1
75-79,women,Unspecified,CurrentDeath,0,0,0,0,0,0,0,0,0,0,0,0,0,1,0,0,0,0,0
75-79,women,Unspecified,AB_Death,0,0,0,0,0,0,0,0,0,0,0,0,0,0,1,0,0,0,0
75-79,women,Unspecified,AHS_Death,0,0,0,0,0,0,0,0,0,0,0,0,0,0,0,1,0,0,0
75-79,women,Unspecified,AIS_Death,0,0,0,0,0,0,0,0,0,0,0,0,0,0,0,0,1,0,0
75-79,women,Unspecified,AHS_AB_Death,0,0,0,0,0,0,0,0,0,0,0,0,0,0,0,0,0,1,0
75-79,women,Unspecified,AIS_AB_Death,0,0,0,0,0,0,0,0,0,0,0,0,0,0,0,0,0,0,1
65-69,women,Unspecified,CurrentDeath,0,0,0,0,0,0,0,0,0,0,0,0,0,1,0,0,0,0,0
65-69,women,Unspecified,AB_Death,0,0,0,0,0,0,0,0,0,0,0,0,0,0,1,0,0,0,0
65-69,women,Unspecified,AHS_Death,0,0,0,0,0,0,0,0,0,0,0,0,0,0,0,1,0,0,0
65-69,women,Unspecified,AIS_Death,0,0,0,0,0,0,0,0,0,0,0,0,0,0,0,0,1,0,0
65-69,women,Unspecified,AHS_AB_Death,0,0,0,0,0,0,0,0,0,0,0,0,0,0,0,0,0,1,0
65-69,women,Unspecified,AIS_AB_Death,0,0,0,0,0,0,0,0,0,0,0,0,0,0,0,0,0,0,1
80-84,women,Unspecified,CurrentDeath,0,0,0,0,0,0,0,0,0,0,0,0,0,1,0,0,0,0,0
80-84,women,Unspecified,AB_Death,0,0,0,0,0,0,0,0,0,0,0,0,0,0,1,0,0,0,0
80-84,women,Unspecified,AHS_Death,0,0,0,0,0,0,0,0,0,0,0,0,0,0,0,1,0,0,0
80-84,women,Unspecified,AIS_Death,0,0,0,0,0,0,0,0,0,0,0,0,0,0,0,0,1,0,0
80-84,women,Unspecified,AHS_AB_Death,0,0,0,0,0,0,0,0,0,0,0,0,0,0,0,0,0,1,0
80-84,women,Unspecified,AIS_AB_Death,0,0,0,0,0,0,0,0,0,0,0,0,0,0,0,0,0,0,1
85-89,women,Unspecified,CurrentDeath,0,0,0,0,0,0,0,0,0,0,0,0,0,1,0,0,0,0,0
85-89,women,Unspecified,AB_Death,0,0,0,0,0,0,0,0,0,0,0,0,0,0,1,0,0,0,0
85-89,women,Unspecified,AHS_Death,0,0,0,0,0,0,0,0,0,0,0,0,0,0,0,1,0,0,0
85-89,women,Unspecified,AIS_Death,0,0,0,0,0,0,0,0,0,0,0,0,0,0,0,0,1,0,0
85-89,women,Unspecified,AHS_AB_Death,0,0,0,0,0,0,0,0,0,0,0,0,0,0,0,0,0,1,0
85-89,women,Unspecified,AIS_AB_Death,0,0,0,0,0,0,0,0,0,0,0,0,0,0,0,0,0,0,1
90-94,women,Unspecified,CurrentDeath,0,0,0,0,0,0,0,0,0,0,0,0,0,1,0,0,0,0,0
90-94,women,Unspecified,AB_Death,0,0,0,0,0,0,0,0,0,0,0,0,0,0,1,0,0,0,0
90-94,women,Unspecified,AHS_Death,0,0,0,0,0,0,0,0,0,0,0,0,0,0,0,1,0,0,0
90-94,women,Unspecified,AIS_Death,0,0,0,0,0,0,0,0,0,0,0,0,0,0,0,0,1,0,0
90-94,women,Unspecified,AHS_AB_Death,0,0,0,0,0,0,0,0,0,0,0,0,0,0,0,0,0,1,0
90-94,women,Unspecified,AIS_AB_Death,0,0,0,0,0,0,0,0,0,0,0,0,0,0,0,0,0,0,1
95-99,women,Unspecified,CurrentDeath,0,0,0,0,0,0,0,0,0,0,0,0,0,1,0,0,0,0,0
95-99,women,Unspecified,AB_Death,0,0,0,0,0,0,0,0,0,0,0,0,0,0,1,0,0,0,0
95-99,women,Unspecified,AHS_Death,0,0,0,0,0,0,0,0,0,0,0,0,0,0,0,1,0,0,0
95-99,women,Unspecified,AIS_Death,0,0,0,0,0,0,0,0,0,0,0,0,0,0,0,0,1,0,0
95-99,women,Unspecified,AHS_AB_Death,0,0,0,0,0,0,0,0,0,0,0,0,0,0,0,0,0,1,0
95-99,women,Unspecified,AIS_AB_Death,0,0,0,0,0,0,0,0,0,0,0,0,0,0,0,0,0,0,1
100-104,women,Unspecified,CurrentDeath,0,0,0,0,0,0,0,0,0,0,0,0,0,1,0,0,0,0,0
100-104,women,Unspecified,AB_Death,0,0,0,0,0,0,0,0,0,0,0,0,0,0,1,0,0,0,0
100-104,women,Unspecified,AHS_Death,0,0,0,0,0,0,0,0,0,0,0,0,0,0,0,1,0,0,0
100-104,women,Unspecified,AIS_Death,0,0,0,0,0,0,0,0,0,0,0,0,0,0,0,0,1,0,0
100-104,women,Unspecified,AHS_AB_Death,0,0,0,0,0,0,0,0,0,0,0,0,0,0,0,0,0,1,0
100-104,women,Unspecified,AIS_AB_Death,0,0,0,0,0,0,0,0,0,0,0,0,0,0,0,0,0,0,1
105-109,women,Unspecified,CurrentDeath,0,0,0,0,0,0,0,0,0,0,0,0,0,1,0,0,0,0,0
105-109,women,Unspecified,AB_Death,0,0,0,0,0,0,0,0,0,0,0,0,0,0,1,0,0,0,0
105-109,women,Unspecified,AHS_Death,0,0,0,0,0,0,0,0,0,0,0,0,0,0,0,1,0,0,0
105-109,women,Unspecified,AIS_Death,0,0,0,0,0,0,0,0,0,0,0,0,0,0,0,0,1,0,0
105-109,women,Unspecified,AHS_AB_Death,0,0,0,0,0,0,0,0,0,0,0,0,0,0,0,0,0,1,0
105-109,women,Unspecified,AIS_AB_Death,0,0,0,0,0,0,0,0,0,0,0,0,0,0,0,0,0,0,1
70-74,men,Complex,CurrentDeath,0,0,0,0,0,0,0,0,0,0,0,0,0,1,0,0,0,0,0
70-74,men,Complex,AB_Death,0,0,0,0,0,0,0,0,0,0,0,0,0,0,1,0,0,0,0
70-74,men,Complex,AHS_Death,0,0,0,0,0,0,0,0,0,0,0,0,0,0,0,1,0,0,0
70-74,men,Complex,AIS_Death,0,0,0,0,0,0,0,0,0,0,0,0,0,0,0,0,1,0,0
70-74,men,Complex,AHS_AB_Death,0,0,0,0,0,0,0,0,0,0,0,0,0,0,0,0,0,1,0
70-74,men,Complex,AIS_AB_Death,0,0,0,0,0,0,0,0,0,0,0,0,0,0,0,0,0,0,1
75-79,men,Complex,CurrentDeath,0,0,0,0,0,0,0,0,0,0,0,0,0,1,0,0,0,0,0
75-79,men,Complex,AB_Death,0,0,0,0,0,0,0,0,0,0,0,0,0,0,1,0,0,0,0
75-79,men,Complex,AHS_Death,0,0,0,0,0,0,0,0,0,0,0,0,0,0,0,1,0,0,0
75-79,men,Complex,AIS_Death,0,0,0,0,0,0,0,0,0,0,0,0,0,0,0,0,1,0,0
75-79,men,Complex,AHS_AB_Death,0,0,0,0,0,0,0,0,0,0,0,0,0,0,0,0,0,1,0
75-79,men,Complex,AIS_AB_Death,0,0,0,0,0,0,0,0,0,0,0,0,0,0,0,0,0,0,1
65-69,men,Complex,CurrentDeath,0,0,0,0,0,0,0,0,0,0,0,0,0,1,0,0,0,0,0
65-69,men,Complex,AB_Death,0,0,0,0,0,0,0,0,0,0,0,0,0,0,1,0,0,0,0
65-69,men,Complex,AHS_Death,0,0,0,0,0,0,0,0,0,0,0,0,0,0,0,1,0,0,0
65-69,men,Complex,AIS_Death,0,0,0,0,0,0,0,0,0,0,0,0,0,0,0,0,1,0,0
65-69,men,Complex,AHS_AB_Death,0,0,0,0,0,0,0,0,0,0,0,0,0,0,0,0,0,1,0
65-69,men,Complex,AIS_AB_Death,0,0,0,0,0,0,0,0,0,0,0,0,0,0,0,0,0,0,1
80-84,men,Complex,CurrentDeath,0,0,0,0,0,0,0,0,0,0,0,0,0,1,0,0,0,0,0
80-84,men,Complex,AB_Death,0,0,0,0,0,0,0,0,0,0,0,0,0,0,1,0,0,0,0
80-84,men,Complex,AHS_Death,0,0,0,0,0,0,0,0,0,0,0,0,0,0,0,1,0,0,0
80-84,men,Complex,AIS_Death,0,0,0,0,0,0,0,0,0,0,0,0,0,0,0,0,1,0,0
80-84,men,Complex,AHS_AB_Death,0,0,0,0,0,0,0,0,0,0,0,0,0,0,0,0,0,1,0
80-84,men,Complex,AIS_AB_Death,0,0,0,0,0,0,0,0,0,0,0,0,0,0,0,0,0,0,1
85-89,men,Complex,CurrentDeath,0,0,0,0,0,0,0,0,0,0,0,0,0,1,0,0,0,0,0
85-89,men,Complex,AB_Death,0,0,0,0,0,0,0,0,0,0,0,0,0,0,1,0,0,0,0
85-89,men,Complex,AHS_Death,0,0,0,0,0,0,0,0,0,0,0,0,0,0,0,1,0,0,0
85-89,men,Complex,AIS_Death,0,0,0,0,0,0,0,0,0,0,0,0,0,0,0,0,1,0,0
85-89,men,Complex,AHS_AB_Death,0,0,0,0,0,0,0,0,0,0,0,0,0,0,0,0,0,1,0
85-89,men,Complex,AIS_AB_Death,0,0,0,0,0,0,0,0,0,0,0,0,0,0,0,0,0,0,1
90-94,men,Complex,CurrentDeath,0,0,0,0,0,0,0,0,0,0,0,0,0,1,0,0,0,0,0
90-94,men,Complex,AB_Death,0,0,0,0,0,0,0,0,0,0,0,0,0,0,1,0,0,0,0
90-94,men,Complex,AHS_Death,0,0,0,0,0,0,0,0,0,0,0,0,0,0,0,1,0,0,0
90-94,men,Complex,AIS_Death,0,0,0,0,0,0,0,0,0,0,0,0,0,0,0,0,1,0,0
90-94,men,Complex,AHS_AB_Death,0,0,0,0,0,0,0,0,0,0,0,0,0,0,0,0,0,1,0
90-94,men,Complex,AIS_AB_Death,0,0,0,0,0,0,0,0,0,0,0,0,0,0,0,0,0,0,1
95-99,men,Complex,CurrentDeath,0,0,0,0,0,0,0,0,0,0,0,0,0,1,0,0,0,0,0
95-99,men,Complex,AB_Death,0,0,0,0,0,0,0,0,0,0,0,0,0,0,1,0,0,0,0
95-99,men,Complex,AHS_Death,0,0,0,0,0,0,0,0,0,0,0,0,0,0,0,1,0,0,0
95-99,men,Complex,AIS_Death,0,0,0,0,0,0,0,0,0,0,0,0,0,0,0,0,1,0,0
95-99,men,Complex,AHS_AB_Death,0,0,0,0,0,0,0,0,0,0,0,0,0,0,0,0,0,1,0
95-99,men,Complex,AIS_AB_Death,0,0,0,0,0,0,0,0,0,0,0,0,0,0,0,0,0,0,1
100-104,men,Complex,CurrentDeath,0,0,0,0,0,0,0,0,0,0,0,0,0,1,0,0,0,0,0
100-104,men,Complex,AB_Death,0,0,0,0,0,0,0,0,0,0,0,0,0,0,1,0,0,0,0
100-104,men,Complex,AHS_Death,0,0,0,0,0,0,0,0,0,0,0,0,0,0,0,1,0,0,0
100-104,men,Complex,AIS_Death,0,0,0,0,0,0,0,0,0,0,0,0,0,0,0,0,1,0,0
100-104,men,Complex,AHS_AB_Death,0,0,0,0,0,0,0,0,0,0,0,0,0,0,0,0,0,1,0
100-104,men,Complex,AIS_AB_Death,0,0,0,0,0,0,0,0,0,0,0,0,0,0,0,0,0,0,1
105-109,men,Complex,CurrentDeath,0,0,0,0,0,0,0,0,0,0,0,0,0,1,0,0,0,0,0
105-109,men,Complex,AB_Death,0,0,0,0,0,0,0,0,0,0,0,0,0,0,1,0,0,0,0
105-109,men,Complex,AHS_Death,0,0,0,0,0,0,0,0,0,0,0,0,0,0,0,1,0,0,0
105-109,men,Complex,AIS_Death,0,0,0,0,0,0,0,0,0,0,0,0,0,0,0,0,1,0,0
105-109,men,Complex,AHS_AB_Death,0,0,0,0,0,0,0,0,0,0,0,0,0,0,0,0,0,1,0
105-109,men,Complex,AIS_AB_Death,0,0,0,0,0,0,0,0,0,0,0,0,0,0,0,0,0,0,1
70-74,women,Complex,CurrentDeath,0,0,0,0,0,0,0,0,0,0,0,0,0,1,0,0,0,0,0
70-74,women,Complex,AB_Death,0,0,0,0,0,0,0,0,0,0,0,0,0,0,1,0,0,0,0
70-74,women,Complex,AHS_Death,0,0,0,0,0,0,0,0,0,0,0,0,0,0,0,1,0,0,0
70-74,women,Complex,AIS_Death,0,0,0,0,0,0,0,0,0,0,0,0,0,0,0,0,1,0,0
70-74,women,Complex,AHS_AB_Death,0,0,0,0,0,0,0,0,0,0,0,0,0,0,0,0,0,1,0
70-74,women,Complex,AIS_AB_Death,0,0,0,0,0,0,0,0,0,0,0,0,0,0,0,0,0,0,1
75-79,women,Complex,CurrentDeath,0,0,0,0,0,0,0,0,0,0,0,0,0,1,0,0,0,0,0
75-79,women,Complex,AB_Death,0,0,0,0,0,0,0,0,0,0,0,0,0,0,1,0,0,0,0
75-79,women,Complex,AHS_Death,0,0,0,0,0,0,0,0,0,0,0,0,0,0,0,1,0,0,0
75-79,women,Complex,AIS_Death,0,0,0,0,0,0,0,0,0,0,0,0,0,0,0,0,1,0,0
75-79,women,Complex,AHS_AB_Death,0,0,0,0,0,0,0,0,0,0,0,0,0,0,0,0,0,1,0
75-79,women,Complex,AIS_AB_Death,0,0,0,0,0,0,0,0,0,0,0,0,0,0,0,0,0,0,1
65-69,women,Complex,CurrentDeath,0,0,0,0,0,0,0,0,0,0,0,0,0,1,0,0,0,0,0
65-69,women,Complex,AB_Death,0,0,0,0,0,0,0,0,0,0,0,0,0,0,1,0,0,0,0
65-69,women,Complex,AHS_Death,0,0,0,0,0,0,0,0,0,0,0,0,0,0,0,1,0,0,0
65-69,women,Complex,AIS_Death,0,0,0,0,0,0,0,0,0,0,0,0,0,0,0,0,1,0,0
65-69,women,Complex,AHS_AB_Death,0,0,0,0,0,0,0,0,0,0,0,0,0,0,0,0,0,1,0
65-69,women,Complex,AIS_AB_Death,0,0,0,0,0,0,0,0,0,0,0,0,0,0,0,0,0,0,1
80-84,women,Complex,CurrentDeath,0,0,0,0,0,0,0,0,0,0,0,0,0,1,0,0,0,0,0
80-84,women,Complex,AB_Death,0,0,0,0,0,0,0,0,0,0,0,0,0,0,1,0,0,0,0
80-84,women,Complex,AHS_Death,0,0,0,0,0,0,0,0,0,0,0,0,0,0,0,1,0,0,0
80-84,women,Complex,AIS_Death,0,0,0,0,0,0,0,0,0,0,0,0,0,0,0,0,1,0,0
80-84,women,Complex,AHS_AB_Death,0,0,0,0,0,0,0,0,0,0,0,0,0,0,0,0,0,1,0
80-84,women,Complex,AIS_AB_Death,0,0,0,0,0,0,0,0,0,0,0,0,0,0,0,0,0,0,1
85-89,women,Complex,CurrentDeath,0,0,0,0,0,0,0,0,0,0,0,0,0,1,0,0,0,0,0
85-89,women,Complex,AB_Death,0,0,0,0,0,0,0,0,0,0,0,0,0,0,1,0,0,0,0
85-89,women,Complex,AHS_Death,0,0,0,0,0,0,0,0,0,0,0,0,0,0,0,1,0,0,0
85-89,women,Complex,AIS_Death,0,0,0,0,0,0,0,0,0,0,0,0,0,0,0,0,1,0,0
85-89,women,Complex,AHS_AB_Death,0,0,0,0,0,0,0,0,0,0,0,0,0,0,0,0,0,1,0
85-89,women,Complex,AIS_AB_Death,0,0,0,0,0,0,0,0,0,0,0,0,0,0,0,0,0,0,1
90-94,women,Complex,CurrentDeath,0,0,0,0,0,0,0,0,0,0,0,0,0,1,0,0,0,0,0
90-94,women,Complex,AB_Death,0,0,0,0,0,0,0,0,0,0,0,0,0,0,1,0,0,0,0
90-94,women,Complex,AHS_Death,0,0,0,0,0,0,0,0,0,0,0,0,0,0,0,1,0,0,0
90-94,women,Complex,AIS_Death,0,0,0,0,0,0,0,0,0,0,0,0,0,0,0,0,1,0,0
90-94,women,Complex,AHS_AB_Death,0,0,0,0,0,0,0,0,0,0,0,0,0,0,0,0,0,1,0
90-94,women,Complex,AIS_AB_Death,0,0,0,0,0,0,0,0,0,0,0,0,0,0,0,0,0,0,1
95-99,women,Complex,CurrentDeath,0,0,0,0,0,0,0,0,0,0,0,0,0,1,0,0,0,0,0
95-99,women,Complex,AB_Death,0,0,0,0,0,0,0,0,0,0,0,0,0,0,1,0,0,0,0
95-99,women,Complex,AHS_Death,0,0,0,0,0,0,0,0,0,0,0,0,0,0,0,1,0,0,0
95-99,women,Complex,AIS_Death,0,0,0,0,0,0,0,0,0,0,0,0,0,0,0,0,1,0,0
95-99,women,Complex,AHS_AB_Death,0,0,0,0,0,0,0,0,0,0,0,0,0,0,0,0,0,1,0
95-99,women,Complex,AIS_AB_Death,0,0,0,0,0,0,0,0,0,0,0,0,0,0,0,0,0,0,1
100-104,women,Complex,CurrentDeath,0,0,0,0,0,0,0,0,0,0,0,0,0,1,0,0,0,0,0
100-104,women,Complex,AB_Death,0,0,0,0,0,0,0,0,0,0,0,0,0,0,1,0,0,0,0
100-104,women,Complex,AHS_Death,0,0,0,0,0,0,0,0,0,0,0,0,0,0,0,1,0,0,0
100-104,women,Complex,AIS_Death,0,0,0,0,0,0,0,0,0,0,0,0,0,0,0,0,1,0,0
100-104,women,Complex,AHS_AB_Death,0,0,0,0,0,0,0,0,0,0,0,0,0,0,0,0,0,1,0
100-104,women,Complex,AIS_AB_Death,0,0,0,0,0,0,0,0,0,0,0,0,0,0,0,0,0,0,1
105-109,women,Complex,CurrentDeath,0,0,0,0,0,0,0,0,0,0,0,0,0,1,0,0,0,0,0
105-109,women,Complex,AB_Death,0,0,0,0,0,0,0,0,0,0,0,0,0,0,1,0,0,0,0
105-109,women,Complex,AHS_Death,0,0,0,0,0,0,0,0,0,0,0,0,0,0,0,1,0,0,0
105-109,women,Complex,AIS_Death,0,0,0,0,0,0,0,0,0,0,0,0,0,0,0,0,1,0,0
105-109,women,Complex,AHS_AB_Death,0,0,0,0,0,0,0,0,0,0,0,0,0,0,0,0,0,1,0
105-109,women,Complex,AIS_AB_Death,0,0,0,0,0,0,0,0,0,0,0,0,0,0,0,0,0,0,1
70-74,men,Neuropsychiatric,CurrentDeath,0,0,0,0,0,0,0,0,0,0,0,0,0,1,0,0,0,0,0
70-74,men,Neuropsychiatric,AB_Death,0,0,0,0,0,0,0,0,0,0,0,0,0,0,1,0,0,0,0
70-74,men,Neuropsychiatric,AHS_Death,0,0,0,0,0,0,0,0,0,0,0,0,0,0,0,1,0,0,0
70-74,men,Neuropsychiatric,AIS_Death,0,0,0,0,0,0,0,0,0,0,0,0,0,0,0,0,1,0,0
70-74,men,Neuropsychiatric,AHS_AB_Death,0,0,0,0,0,0,0,0,0,0,0,0,0,0,0,0,0,1,0
70-74,men,Neuropsychiatric,AIS_AB_Death,0,0,0,0,0,0,0,0,0,0,0,0,0,0,0,0,0,0,1
75-79,men,Neuropsychiatric,CurrentDeath,0,0,0,0,0,0,0,0,0,0,0,0,0,1,0,0,0,0,0
75-79,men,Neuropsychiatric,AB_Death,0,0,0,0,0,0,0,0,0,0,0,0,0,0,1,0,0,0,0
75-79,men,Neuropsychiatric,AHS_Death,0,0,0,0,0,0,0,0,0,0,0,0,0,0,0,1,0,0,0
75-79,men,Neuropsychiatric,AIS_Death,0,0,0,0,0,0,0,0,0,0,0,0,0,0,0,0,1,0,0
75-79,men,Neuropsychiatric,AHS_AB_Death,0,0,0,0,0,0,0,0,0,0,0,0,0,0,0,0,0,1,0
75-79,men,Neuropsychiatric,AIS_AB_Death,0,0,0,0,0,0,0,0,0,0,0,0,0,0,0,0,0,0,1
65-69,men,Neuropsychiatric,CurrentDeath,0,0,0,0,0,0,0,0,0,0,0,0,0,1,0,0,0,0,0
65-69,men,Neuropsychiatric,AB_Death,0,0,0,0,0,0,0,0,0,0,0,0,0,0,1,0,0,0,0
65-69,men,Neuropsychiatric,AHS_Death,0,0,0,0,0,0,0,0,0,0,0,0,0,0,0,1,0,0,0
65-69,men,Neuropsychiatric,AIS_Death,0,0,0,0,0,0,0,0,0,0,0,0,0,0,0,0,1,0,0
65-69,men,Neuropsychiatric,AHS_AB_Death,0,0,0,0,0,0,0,0,0,0,0,0,0,0,0,0,0,1,0
65-69,men,Neuropsychiatric,AIS_AB_Death,0,0,0,0,0,0,0,0,0,0,0,0,0,0,0,0,0,0,1
80-84,men,Neuropsychiatric,CurrentDeath,0,0,0,0,0,0,0,0,0,0,0,0,0,1,0,0,0,0,0
80-84,men,Neuropsychiatric,AB_Death,0,0,0,0,0,0,0,0,0,0,0,0,0,0,1,0,0,0,0
80-84,men,Neuropsychiatric,AHS_Death,0,0,0,0,0,0,0,0,0,0,0,0,0,0,0,1,0,0,0
80-84,men,Neuropsychiatric,AIS_Death,0,0,0,0,0,0,0,0,0,0,0,0,0,0,0,0,1,0,0
80-84,men,Neuropsychiatric,AHS_AB_Death,0,0,0,0,0,0,0,0,0,0,0,0,0,0,0,0,0,1,0
80-84,men,Neuropsychiatric,AIS_AB_Death,0,0,0,0,0,0,0,0,0,0,0,0,0,0,0,0,0,0,1
85-89,men,Neuropsychiatric,CurrentDeath,0,0,0,0,0,0,0,0,0,0,0,0,0,1,0,0,0,0,0
85-89,men,Neuropsychiatric,AB_Death,0,0,0,0,0,0,0,0,0,0,0,0,0,0,1,0,0,0,0
85-89,men,Neuropsychiatric,AHS_Death,0,0,0,0,0,0,0,0,0,0,0,0,0,0,0,1,0,0,0
85-89,men,Neuropsychiatric,AIS_Death,0,0,0,0,0,0,0,0,0,0,0,0,0,0,0,0,1,0,0
85-89,men,Neuropsychiatric,AHS_AB_Death,0,0,0,0,0,0,0,0,0,0,0,0,0,0,0,0,0,1,0
85-89,men,Neuropsychiatric,AIS_AB_Death,0,0,0,0,0,0,0,0,0,0,0,0,0,0,0,0,0,0,1
90-94,men,Neuropsychiatric,CurrentDeath,0,0,0,0,0,0,0,0,0,0,0,0,0,1,0,0,0,0,0
90-94,men,Neuropsychiatric,AB_Death,0,0,0,0,0,0,0,0,0,0,0,0,0,0,1,0,0,0,0
90-94,men,Neuropsychiatric,AHS_Death,0,0,0,0,0,0,0,0,0,0,0,0,0,0,0,1,0,0,0
90-94,men,Neuropsychiatric,AIS_Death,0,0,0,0,0,0,0,0,0,0,0,0,0,0,0,0,1,0,0
90-94,men,Neuropsychiatric,AHS_AB_Death,0,0,0,0,0,0,0,0,0,0,0,0,0,0,0,0,0,1,0
90-94,men,Neuropsychiatric,AIS_AB_Death,0,0,0,0,0,0,0,0,0,0,0,0,0,0,0,0,0,0,1
95-99,men,Neuropsychiatric,CurrentDeath,0,0,0,0,0,0,0,0,0,0,0,0,0,1,0,0,0,0,0
95-99,men,Neuropsychiatric,AB_Death,0,0,0,0,0,0,0,0,0,0,0,0,0,0,1,0,0,0,0
95-99,men,Neuropsychiatric,AHS_Death,0,0,0,0,0,0,0,0,0,0,0,0,0,0,0,1,0,0,0
95-99,men,Neuropsychiatric,AIS_Death,0,0,0,0,0,0,0,0,0,0,0,0,0,0,0,0,1,0,0
95-99,men,Neuropsychiatric,AHS_AB_Death,0,0,0,0,0,0,0,0,0,0,0,0,0,0,0,0,0,1,0
95-99,men,Neuropsychiatric,AIS_AB_Death,0,0,0,0,0,0,0,0,0,0,0,0,0,0,0,0,0,0,1
100-104,men,Neuropsychiatric,CurrentDeath,0,0,0,0,0,0,0,0,0,0,0,0,0,1,0,0,0,0,0
100-104,men,Neuropsychiatric,AB_Death,0,0,0,0,0,0,0,0,0,0,0,0,0,0,1,0,0,0,0
100-104,men,Neuropsychiatric,AHS_Death,0,0,0,0,0,0,0,0,0,0,0,0,0,0,0,1,0,0,0
100-104,men,Neuropsychiatric,AIS_Death,0,0,0,0,0,0,0,0,0,0,0,0,0,0,0,0,1,0,0
100-104,men,Neuropsychiatric,AHS_AB_Death,0,0,0,0,0,0,0,0,0,0,0,0,0,0,0,0,0,1,0
100-104,men,Neuropsychiatric,AIS_AB_Death,0,0,0,0,0,0,0,0,0,0,0,0,0,0,0,0,0,0,1
105-109,men,Neuropsychiatric,CurrentDeath,0,0,0,0,0,0,0,0,0,0,0,0,0,1,0,0,0,0,0
105-109,men,Neuropsychiatric,AB_Death,0,0,0,0,0,0,0,0,0,0,0,0,0,0,1,0,0,0,0
105-109,men,Neuropsychiatric,AHS_Death,0,0,0,0,0,0,0,0,0,0,0,0,0,0,0,1,0,0,0
105-109,men,Neuropsychiatric,AIS_Death,0,0,0,0,0,0,0,0,0,0,0,0,0,0,0,0,1,0,0
105-109,men,Neuropsychiatric,AHS_AB_Death,0,0,0,0,0,0,0,0,0,0,0,0,0,0,0,0,0,1,0
105-109,men,Neuropsychiatric,AIS_AB_Death,0,0,0,0,0,0,0,0,0,0,0,0,0,0,0,0,0,0,1
70-74,women,Neuropsychiatric,CurrentDeath,0,0,0,0,0,0,0,0,0,0,0,0,0,1,0,0,0,0,0
70-74,women,Neuropsychiatric,AB_Death,0,0,0,0,0,0,0,0,0,0,0,0,0,0,1,0,0,0,0
70-74,women,Neuropsychiatric,AHS_Death,0,0,0,0,0,0,0,0,0,0,0,0,0,0,0,1,0,0,0
70-74,women,Neuropsychiatric,AIS_Death,0,0,0,0,0,0,0,0,0,0,0,0,0,0,0,0,1,0,0
70-74,women,Neuropsychiatric,AHS_AB_Death,0,0,0,0,0,0,0,0,0,0,0,0,0,0,0,0,0,1,0
70-74,women,Neuropsychiatric,AIS_AB_Death,0,0,0,0,0,0,0,0,0,0,0,0,0,0,0,0,0,0,1
75-79,women,Neuropsychiatric,CurrentDeath,0,0,0,0,0,0,0,0,0,0,0,0,0,1,0,0,0,0,0
75-79,women,Neuropsychiatric,AB_Death,0,0,0,0,0,0,0,0,0,0,0,0,0,0,1,0,0,0,0
75-79,women,Neuropsychiatric,AHS_Death,0,0,0,0,0,0,0,0,0,0,0,0,0,0,0,1,0,0,0
75-79,women,Neuropsychiatric,AIS_Death,0,0,0,0,0,0,0,0,0,0,0,0,0,0,0,0,1,0,0
75-79,women,Neuropsychiatric,AHS_AB_Death,0,0,0,0,0,0,0,0,0,0,0,0,0,0,0,0,0,1,0
75-79,women,Neuropsychiatric,AIS_AB_Death,0,0,0,0,0,0,0,0,0,0,0,0,0,0,0,0,0,0,1
65-69,women,Neuropsychiatric,CurrentDeath,0,0,0,0,0,0,0,0,0,0,0,0,0,1,0,0,0,0,0
65-69,women,Neuropsychiatric,AB_Death,0,0,0,0,0,0,0,0,0,0,0,0,0,0,1,0,0,0,0
65-69,women,Neuropsychiatric,AHS_Death,0,0,0,0,0,0,0,0,0,0,0,0,0,0,0,1,0,0,0
65-69,women,Neuropsychiatric,AIS_Death,0,0,0,0,0,0,0,0,0,0,0,0,0,0,0,0,1,0,0
65-69,women,Neuropsychiatric,AHS_AB_Death,0,0,0,0,0,0,0,0,0,0,0,0,0,0,0,0,0,1,0
65-69,women,Neuropsychiatric,AIS_AB_Death,0,0,0,0,0,0,0,0,0,0,0,0,0,0,0,0,0,0,1
80-84,women,Neuropsychiatric,CurrentDeath,0,0,0,0,0,0,0,0,0,0,0,0,0,1,0,0,0,0,0
80-84,women,Neuropsychiatric,AB_Death,0,0,0,0,0,0,0,0,0,0,0,0,0,0,1,0,0,0,0
80-84,women,Neuropsychiatric,AHS_Death,0,0,0,0,0,0,0,0,0,0,0,0,0,0,0,1,0,0,0
80-84,women,Neuropsychiatric,AIS_Death,0,0,0,0,0,0,0,0,0,0,0,0,0,0,0,0,1,0,0
80-84,women,Neuropsychiatric,AHS_AB_Death,0,0,0,0,0,0,0,0,0,0,0,0,0,0,0,0,0,1,0
80-84,women,Neuropsychiatric,AIS_AB_Death,0,0,0,0,0,0,0,0,0,0,0,0,0,0,0,0,0,0,1
85-89,women,Neuropsychiatric,CurrentDeath,0,0,0,0,0,0,0,0,0,0,0,0,0,1,0,0,0,0,0
85-89,women,Neuropsychiatric,AB_Death,0,0,0,0,0,0,0,0,0,0,0,0,0,0,1,0,0,0,0
85-89,women,Neuropsychiatric,AHS_Death,0,0,0,0,0,0,0,0,0,0,0,0,0,0,0,1,0,0,0
85-89,women,Neuropsychiatric,AIS_Death,0,0,0,0,0,0,0,0,0,0,0,0,0,0,0,0,1,0,0
85-89,women,Neuropsychiatric,AHS_AB_Death,0,0,0,0,0,0,0,0,0,0,0,0,0,0,0,0,0,1,0
85-89,women,Neuropsychiatric,AIS_AB_Death,0,0,0,0,0,0,0,0,0,0,0,0,0,0,0,0,0,0,1
90-94,women,Neuropsychiatric,CurrentDeath,0,0,0,0,0,0,0,0,0,0,0,0,0,1,0,0,0,0,0
90-94,women,Neuropsychiatric,AB_Death,0,0,0,0,0,0,0,0,0,0,0,0,0,0,1,0,0,0,0
90-94,women,Neuropsychiatric,AHS_Death,0,0,0,0,0,0,0,0,0,0,0,0,0,0,0,1,0,0,0
90-94,women,Neuropsychiatric,AIS_Death,0,0,0,0,0,0,0,0,0,0,0,0,0,0,0,0,1,0,0
90-94,women,Neuropsychiatric,AHS_AB_Death,0,0,0,0,0,0,0,0,0,0,0,0,0,0,0,0,0,1,0
90-94,women,Neuropsychiatric,AIS_AB_Death,0,0,0,0,0,0,0,0,0,0,0,0,0,0,0,0,0,0,1
95-99,women,Neuropsychiatric,CurrentDeath,0,0,0,0,0,0,0,0,0,0,0,0,0,1,0,0,0,0,0
95-99,women,Neuropsychiatric,AB_Death,0,0,0,0,0,0,0,0,0,0,0,0,0,0,1,0,0,0,0
95-99,women,Neuropsychiatric,AHS_Death,0,0,0,0,0,0,0,0,0,0,0,0,0,0,0,1,0,0,0
95-99,women,Neuropsychiatric,AIS_Death,0,0,0,0,0,0,0,0,0,0,0,0,0,0,0,0,1,0,0
95-99,women,Neuropsychiatric,AHS_AB_Death,0,0,0,0,0,0,0,0,0,0,0,0,0,0,0,0,0,1,0
95-99,women,Neuropsychiatric,AIS_AB_Death,0,0,0,0,0,0,0,0,0,0,0,0,0,0,0,0,0,0,1
100-104,women,Neuropsychiatric,CurrentDeath,0,0,0,0,0,0,0,0,0,0,0,0,0,1,0,0,0,0,0
100-104,women,Neuropsychiatric,AB_Death,0,0,0,0,0,0,0,0,0,0,0,0,0,0,1,0,0,0,0
100-104,women,Neuropsychiatric,AHS_Death,0,0,0,0,0,0,0,0,0,0,0,0,0,0,0,1,0,0,0
100-104,women,Neuropsychiatric,AIS_Death,0,0,0,0,0,0,0,0,0,0,0,0,0,0,0,0,1,0,0
100-104,women,Neuropsychiatric,AHS_AB_Death,0,0,0,0,0,0,0,0,0,0,0,0,0,0,0,0,0,1,0
100-104,women,Neuropsychiatric,AIS_AB_Death,0,0,0,0,0,0,0,0,0,0,0,0,0,0,0,0,0,0,1
105-109,women,Neuropsychiatric,CurrentDeath,0,0,0,0,0,0,0,0,0,0,0,0,0,1,0,0,0,0,0
105-109,women,Neuropsychiatric,AB_Death,0,0,0,0,0,0,0,0,0,0,0,0,0,0,1,0,0,0,0
105-109,women,Neuropsychiatric,AHS_Death,0,0,0,0,0,0,0,0,0,0,0,0,0,0,0,1,0,0,0
105-109,women,Neuropsychiatric,AIS_Death,0,0,0,0,0,0,0,0,0,0,0,0,0,0,0,0,1,0,0
105-109,women,Neuropsychiatric,AHS_AB_Death,0,0,0,0,0,0,0,0,0,0,0,0,0,0,0,0,0,1,0
105-109,women,Neuropsychiatric,AIS_AB_Death,0,0,0,0,0,0,0,0,0,0,0,0,0,0,0,0,0,0,1
70-74,men,Cardiovascular,CurrentDeath,0,0,0,0,0,0,0,0,0,0,0,0,0,1,0,0,0,0,0
70-74,men,Cardiovascular,AB_Death,0,0,0,0,0,0,0,0,0,0,0,0,0,0,1,0,0,0,0
70-74,men,Cardiovascular,AHS_Death,0,0,0,0,0,0,0,0,0,0,0,0,0,0,0,1,0,0,0
70-74,men,Cardiovascular,AIS_Death,0,0,0,0,0,0,0,0,0,0,0,0,0,0,0,0,1,0,0
70-74,men,Cardiovascular,AHS_AB_Death,0,0,0,0,0,0,0,0,0,0,0,0,0,0,0,0,0,1,0
70-74,men,Cardiovascular,AIS_AB_Death,0,0,0,0,0,0,0,0,0,0,0,0,0,0,0,0,0,0,1
75-79,men,Cardiovascular,CurrentDeath,0,0,0,0,0,0,0,0,0,0,0,0,0,1,0,0,0,0,0
75-79,men,Cardiovascular,AB_Death,0,0,0,0,0,0,0,0,0,0,0,0,0,0,1,0,0,0,0
75-79,men,Cardiovascular,AHS_Death,0,0,0,0,0,0,0,0,0,0,0,0,0,0,0,1,0,0,0
75-79,men,Cardiovascular,AIS_Death,0,0,0,0,0,0,0,0,0,0,0,0,0,0,0,0,1,0,0
75-79,men,Cardiovascular,AHS_AB_Death,0,0,0,0,0,0,0,0,0,0,0,0,0,0,0,0,0,1,0
75-79,men,Cardiovascular,AIS_AB_Death,0,0,0,0,0,0,0,0,0,0,0,0,0,0,0,0,0,0,1
65-69,men,Cardiovascular,CurrentDeath,0,0,0,0,0,0,0,0,0,0,0,0,0,1,0,0,0,0,0
65-69,men,Cardiovascular,AB_Death,0,0,0,0,0,0,0,0,0,0,0,0,0,0,1,0,0,0,0
65-69,men,Cardiovascular,AHS_Death,0,0,0,0,0,0,0,0,0,0,0,0,0,0,0,1,0,0,0
65-69,men,Cardiovascular,AIS_Death,0,0,0,0,0,0,0,0,0,0,0,0,0,0,0,0,1,0,0
65-69,men,Cardiovascular,AHS_AB_Death,0,0,0,0,0,0,0,0,0,0,0,0,0,0,0,0,0,1,0
65-69,men,Cardiovascular,AIS_AB_Death,0,0,0,0,0,0,0,0,0,0,0,0,0,0,0,0,0,0,1
80-84,men,Cardiovascular,CurrentDeath,0,0,0,0,0,0,0,0,0,0,0,0,0,1,0,0,0,0,0
80-84,men,Cardiovascular,AB_Death,0,0,0,0,0,0,0,0,0,0,0,0,0,0,1,0,0,0,0
80-84,men,Cardiovascular,AHS_Death,0,0,0,0,0,0,0,0,0,0,0,0,0,0,0,1,0,0,0
80-84,men,Cardiovascular,AIS_Death,0,0,0,0,0,0,0,0,0,0,0,0,0,0,0,0,1,0,0
80-84,men,Cardiovascular,AHS_AB_Death,0,0,0,0,0,0,0,0,0,0,0,0,0,0,0,0,0,1,0
80-84,men,Cardiovascular,AIS_AB_Death,0,0,0,0,0,0,0,0,0,0,0,0,0,0,0,0,0,0,1
85-89,men,Cardiovascular,CurrentDeath,0,0,0,0,0,0,0,0,0,0,0,0,0,1,0,0,0,0,0
85-89,men,Cardiovascular,AB_Death,0,0,0,0,0,0,0,0,0,0,0,0,0,0,1,0,0,0,0
85-89,men,Cardiovascular,AHS_Death,0,0,0,0,0,0,0,0,0,0,0,0,0,0,0,1,0,0,0
85-89,men,Cardiovascular,AIS_Death,0,0,0,0,0,0,0,0,0,0,0,0,0,0,0,0,1,0,0
85-89,men,Cardiovascular,AHS_AB_Death,0,0,0,0,0,0,0,0,0,0,0,0,0,0,0,0,0,1,0
85-89,men,Cardiovascular,AIS_AB_Death,0,0,0,0,0,0,0,0,0,0,0,0,0,0,0,0,0,0,1
90-94,men,Cardiovascular,CurrentDeath,0,0,0,0,0,0,0,0,0,0,0,0,0,1,0,0,0,0,0
90-94,men,Cardiovascular,AB_Death,0,0,0,0,0,0,0,0,0,0,0,0,0,0,1,0,0,0,0
90-94,men,Cardiovascular,AHS_Death,0,0,0,0,0,0,0,0,0,0,0,0,0,0,0,1,0,0,0
90-94,men,Cardiovascular,AIS_Death,0,0,0,0,0,0,0,0,0,0,0,0,0,0,0,0,1,0,0
90-94,men,Cardiovascular,AHS_AB_Death,0,0,0,0,0,0,0,0,0,0,0,0,0,0,0,0,0,1,0
90-94,men,Cardiovascular,AIS_AB_Death,0,0,0,0,0,0,0,0,0,0,0,0,0,0,0,0,0,0,1
95-99,men,Cardiovascular,CurrentDeath,0,0,0,0,0,0,0,0,0,0,0,0,0,1,0,0,0,0,0
95-99,men,Cardiovascular,AB_Death,0,0,0,0,0,0,0,0,0,0,0,0,0,0,1,0,0,0,0
95-99,men,Cardiovascular,AHS_Death,0,0,0,0,0,0,0,0,0,0,0,0,0,0,0,1,0,0,0
95-99,men,Cardiovascular,AIS_Death,0,0,0,0,0,0,0,0,0,0,0,0,0,0,0,0,1,0,0
95-99,men,Cardiovascular,AHS_AB_Death,0,0,0,0,0,0,0,0,0,0,0,0,0,0,0,0,0,1,0
95-99,men,Cardiovascular,AIS_AB_Death,0,0,0,0,0,0,0,0,0,0,0,0,0,0,0,0,0,0,1
100-104,men,Cardiovascular,CurrentDeath,0,0,0,0,0,0,0,0,0,0,0,0,0,1,0,0,0,0,0
100-104,men,Cardiovascular,AB_Death,0,0,0,0,0,0,0,0,0,0,0,0,0,0,1,0,0,0,0
100-104,men,Cardiovascular,AHS_Death,0,0,0,0,0,0,0,0,0,0,0,0,0,0,0,1,0,0,0
100-104,men,Cardiovascular,AIS_Death,0,0,0,0,0,0,0,0,0,0,0,0,0,0,0,0,1,0,0
100-104,men,Cardiovascular,AHS_AB_Death,0,0,0,0,0,0,0,0,0,0,0,0,0,0,0,0,0,1,0
100-104,men,Cardiovascular,AIS_AB_Death,0,0,0,0,0,0,0,0,0,0,0,0,0,0,0,0,0,0,1
105-109,men,Cardiovascular,CurrentDeath,0,0,0,0,0,0,0,0,0,0,0,0,0,1,0,0,0,0,0
105-109,men,Cardiovascular,AB_Death,0,0,0,0,0,0,0,0,0,0,0,0,0,0,1,0,0,0,0
105-109,men,Cardiovascular,AHS_Death,0,0,0,0,0,0,0,0,0,0,0,0,0,0,0,1,0,0,0
105-109,men,Cardiovascular,AIS_Death,0,0,0,0,0,0,0,0,0,0,0,0,0,0,0,0,1,0,0
105-109,men,Cardiovascular,AHS_AB_Death,0,0,0,0,0,0,0,0,0,0,0,0,0,0,0,0,0,1,0
105-109,men,Cardiovascular,AIS_AB_Death,0,0,0,0,0,0,0,0,0,0,0,0,0,0,0,0,0,0,1
70-74,women,Cardiovascular,CurrentDeath,0,0,0,0,0,0,0,0,0,0,0,0,0,1,0,0,0,0,0
70-74,women,Cardiovascular,AB_Death,0,0,0,0,0,0,0,0,0,0,0,0,0,0,1,0,0,0,0
70-74,women,Cardiovascular,AHS_Death,0,0,0,0,0,0,0,0,0,0,0,0,0,0,0,1,0,0,0
70-74,women,Cardiovascular,AIS_Death,0,0,0,0,0,0,0,0,0,0,0,0,0,0,0,0,1,0,0
70-74,women,Cardiovascular,AHS_AB_Death,0,0,0,0,0,0,0,0,0,0,0,0,0,0,0,0,0,1,0
70-74,women,Cardiovascular,AIS_AB_Death,0,0,0,0,0,0,0,0,0,0,0,0,0,0,0,0,0,0,1
75-79,women,Cardiovascular,CurrentDeath,0,0,0,0,0,0,0,0,0,0,0,0,0,1,0,0,0,0,0
75-79,women,Cardiovascular,AB_Death,0,0,0,0,0,0,0,0,0,0,0,0,0,0,1,0,0,0,0
75-79,women,Cardiovascular,AHS_Death,0,0,0,0,0,0,0,0,0,0,0,0,0,0,0,1,0,0,0
75-79,women,Cardiovascular,AIS_Death,0,0,0,0,0,0,0,0,0,0,0,0,0,0,0,0,1,0,0
75-79,women,Cardiovascular,AHS_AB_Death,0,0,0,0,0,0,0,0,0,0,0,0,0,0,0,0,0,1,0
75-79,women,Cardiovascular,AIS_AB_Death,0,0,0,0,0,0,0,0,0,0,0,0,0,0,0,0,0,0,1
65-69,women,Cardiovascular,CurrentDeath,0,0,0,0,0,0,0,0,0,0,0,0,0,1,0,0,0,0,0
65-69,women,Cardiovascular,AB_Death,0,0,0,0,0,0,0,0,0,0,0,0,0,0,1,0,0,0,0
65-69,women,Cardiovascular,AHS_Death,0,0,0,0,0,0,0,0,0,0,0,0,0,0,0,1,0,0,0
65-69,women,Cardiovascular,AIS_Death,0,0,0,0,0,0,0,0,0,0,0,0,0,0,0,0,1,0,0
65-69,women,Cardiovascular,AHS_AB_Death,0,0,0,0,0,0,0,0,0,0,0,0,0,0,0,0,0,1,0
65-69,women,Cardiovascular,AIS_AB_Death,0,0,0,0,0,0,0,0,0,0,0,0,0,0,0,0,0,0,1
80-84,women,Cardiovascular,CurrentDeath,0,0,0,0,0,0,0,0,0,0,0,0,0,1,0,0,0,0,0
80-84,women,Cardiovascular,AB_Death,0,0,0,0,0,0,0,0,0,0,0,0,0,0,1,0,0,0,0
80-84,women,Cardiovascular,AHS_Death,0,0,0,0,0,0,0,0,0,0,0,0,0,0,0,1,0,0,0
80-84,women,Cardiovascular,AIS_Death,0,0,0,0,0,0,0,0,0,0,0,0,0,0,0,0,1,0,0
80-84,women,Cardiovascular,AHS_AB_Death,0,0,0,0,0,0,0,0,0,0,0,0,0,0,0,0,0,1,0
80-84,women,Cardiovascular,AIS_AB_Death,0,0,0,0,0,0,0,0,0,0,0,0,0,0,0,0,0,0,1
85-89,women,Cardiovascular,CurrentDeath,0,0,0,0,0,0,0,0,0,0,0,0,0,1,0,0,0,0,0
85-89,women,Cardiovascular,AB_Death,0,0,0,0,0,0,0,0,0,0,0,0,0,0,1,0,0,0,0
85-89,women,Cardiovascular,AHS_Death,0,0,0,0,0,0,0,0,0,0,0,0,0,0,0,1,0,0,0
85-89,women,Cardiovascular,AIS_Death,0,0,0,0,0,0,0,0,0,0,0,0,0,0,0,0,1,0,0
85-89,women,Cardiovascular,AHS_AB_Death,0,0,0,0,0,0,0,0,0,0,0,0,0,0,0,0,0,1,0
85-89,women,Cardiovascular,AIS_AB_Death,0,0,0,0,0,0,0,0,0,0,0,0,0,0,0,0,0,0,1
90-94,women,Cardiovascular,CurrentDeath,0,0,0,0,0,0,0,0,0,0,0,0,0,1,0,0,0,0,0
90-94,women,Cardiovascular,AB_Death,0,0,0,0,0,0,0,0,0,0,0,0,0,0,1,0,0,0,0
90-94,women,Cardiovascular,AHS_Death,0,0,0,0,0,0,0,0,0,0,0,0,0,0,0,1,0,0,0
90-94,women,Cardiovascular,AIS_Death,0,0,0,0,0,0,0,0,0,0,0,0,0,0,0,0,1,0,0
90-94,women,Cardiovascular,AHS_AB_Death,0,0,0,0,0,0,0,0,0,0,0,0,0,0,0,0,0,1,0
90-94,women,Cardiovascular,AIS_AB_Death,0,0,0,0,0,0,0,0,0,0,0,0,0,0,0,0,0,0,1
95-99,women,Cardiovascular,CurrentDeath,0,0,0,0,0,0,0,0,0,0,0,0,0,1,0,0,0,0,0
95-99,women,Cardiovascular,AB_Death,0,0,0,0,0,0,0,0,0,0,0,0,0,0,1,0,0,0,0
95-99,women,Cardiovascular,AHS_Death,0,0,0,0,0,0,0,0,0,0,0,0,0,0,0,1,0,0,0
95-99,women,Cardiovascular,AIS_Death,0,0,0,0,0,0,0,0,0,0,0,0,0,0,0,0,1,0,0
95-99,women,Cardiovascular,AHS_AB_Death,0,0,0,0,0,0,0,0,0,0,0,0,0,0,0,0,0,1,0
95-99,women,Cardiovascular,AIS_AB_Death,0,0,0,0,0,0,0,0,0,0,0,0,0,0,0,0,0,0,1
100-104,women,Cardiovascular,CurrentDeath,0,0,0,0,0,0,0,0,0,0,0,0,0,1,0,0,0,0,0
100-104,women,Cardiovascular,AB_Death,0,0,0,0,0,0,0,0,0,0,0,0,0,0,1,0,0,0,0
100-104,women,Cardiovascular,AHS_Death,0,0,0,0,0,0,0,0,0,0,0,0,0,0,0,1,0,0,0
100-104,women,Cardiovascular,AIS_Death,0,0,0,0,0,0,0,0,0,0,0,0,0,0,0,0,1,0,0
100-104,women,Cardiovascular,AHS_AB_Death,0,0,0,0,0,0,0,0,0,0,0,0,0,0,0,0,0,1,0
100-104,women,Cardiovascular,AIS_AB_Death,0,0,0,0,0,0,0,0,0,0,0,0,0,0,0,0,0,0,1
105-109,women,Cardiovascular,CurrentDeath,0,0,0,0,0,0,0,0,0,0,0,0,0,1,0,0,0,0,0
105-109,women,Cardiovascular,AB_Death,0,0,0,0,0,0,0,0,0,0,0,0,0,0,1,0,0,0,0
105-109,women,Cardiovascular,AHS_Death,0,0,0,0,0,0,0,0,0,0,0,0,0,0,0,1,0,0,0
105-109,women,Cardiovascular,AIS_Death,0,0,0,0,0,0,0,0,0,0,0,0,0,0,0,0,1,0,0
105-109,women,Cardiovascular,AHS_AB_Death,0,0,0,0,0,0,0,0,0,0,0,0,0,0,0,0,0,1,0
105-109,women,Cardiovascular,AIS_AB_Death,0,0,0,0,0,0,0,0,0,0,0,0,0,0,0,0,0,0,1
70-74,men,Eye,CurrentDeath,0,0,0,0,0,0,0,0,0,0,0,0,0,1,0,0,0,0,0
70-74,men,Eye,AB_Death,0,0,0,0,0,0,0,0,0,0,0,0,0,0,1,0,0,0,0
70-74,men,Eye,AHS_Death,0,0,0,0,0,0,0,0,0,0,0,0,0,0,0,1,0,0,0
70-74,men,Eye,AIS_Death,0,0,0,0,0,0,0,0,0,0,0,0,0,0,0,0,1,0,0
70-74,men,Eye,AHS_AB_Death,0,0,0,0,0,0,0,0,0,0,0,0,0,0,0,0,0,1,0
70-74,men,Eye,AIS_AB_Death,0,0,0,0,0,0,0,0,0,0,0,0,0,0,0,0,0,0,1
75-79,men,Eye,CurrentDeath,0,0,0,0,0,0,0,0,0,0,0,0,0,1,0,0,0,0,0
75-79,men,Eye,AB_Death,0,0,0,0,0,0,0,0,0,0,0,0,0,0,1,0,0,0,0
75-79,men,Eye,AHS_Death,0,0,0,0,0,0,0,0,0,0,0,0,0,0,0,1,0,0,0
75-79,men,Eye,AIS_Death,0,0,0,0,0,0,0,0,0,0,0,0,0,0,0,0,1,0,0
75-79,men,Eye,AHS_AB_Death,0,0,0,0,0,0,0,0,0,0,0,0,0,0,0,0,0,1,0
75-79,men,Eye,AIS_AB_Death,0,0,0,0,0,0,0,0,0,0,0,0,0,0,0,0,0,0,1
65-69,men,Eye,CurrentDeath,0,0,0,0,0,0,0,0,0,0,0,0,0,1,0,0,0,0,0
65-69,men,Eye,AB_Death,0,0,0,0,0,0,0,0,0,0,0,0,0,0,1,0,0,0,0
65-69,men,Eye,AHS_Death,0,0,0,0,0,0,0,0,0,0,0,0,0,0,0,1,0,0,0
65-69,men,Eye,AIS_Death,0,0,0,0,0,0,0,0,0,0,0,0,0,0,0,0,1,0,0
65-69,men,Eye,AHS_AB_Death,0,0,0,0,0,0,0,0,0,0,0,0,0,0,0,0,0,1,0
65-69,men,Eye,AIS_AB_Death,0,0,0,0,0,0,0,0,0,0,0,0,0,0,0,0,0,0,1
80-84,men,Eye,CurrentDeath,0,0,0,0,0,0,0,0,0,0,0,0,0,1,0,0,0,0,0
80-84,men,Eye,AB_Death,0,0,0,0,0,0,0,0,0,0,0,0,0,0,1,0,0,0,0
80-84,men,Eye,AHS_Death,0,0,0,0,0,0,0,0,0,0,0,0,0,0,0,1,0,0,0
80-84,men,Eye,AIS_Death,0,0,0,0,0,0,0,0,0,0,0,0,0,0,0,0,1,0,0
80-84,men,Eye,AHS_AB_Death,0,0,0,0,0,0,0,0,0,0,0,0,0,0,0,0,0,1,0
80-84,men,Eye,AIS_AB_Death,0,0,0,0,0,0,0,0,0,0,0,0,0,0,0,0,0,0,1
85-89,men,Eye,CurrentDeath,0,0,0,0,0,0,0,0,0,0,0,0,0,1,0,0,0,0,0
85-89,men,Eye,AB_Death,0,0,0,0,0,0,0,0,0,0,0,0,0,0,1,0,0,0,0
85-89,men,Eye,AHS_Death,0,0,0,0,0,0,0,0,0,0,0,0,0,0,0,1,0,0,0
85-89,men,Eye,AIS_Death,0,0,0,0,0,0,0,0,0,0,0,0,0,0,0,0,1,0,0
85-89,men,Eye,AHS_AB_Death,0,0,0,0,0,0,0,0,0,0,0,0,0,0,0,0,0,1,0
85-89,men,Eye,AIS_AB_Death,0,0,0,0,0,0,0,0,0,0,0,0,0,0,0,0,0,0,1
90-94,men,Eye,CurrentDeath,0,0,0,0,0,0,0,0,0,0,0,0,0,1,0,0,0,0,0
90-94,men,Eye,AB_Death,0,0,0,0,0,0,0,0,0,0,0,0,0,0,1,0,0,0,0
90-94,men,Eye,AHS_Death,0,0,0,0,0,0,0,0,0,0,0,0,0,0,0,1,0,0,0
90-94,men,Eye,AIS_Death,0,0,0,0,0,0,0,0,0,0,0,0,0,0,0,0,1,0,0
90-94,men,Eye,AHS_AB_Death,0,0,0,0,0,0,0,0,0,0,0,0,0,0,0,0,0,1,0
90-94,men,Eye,AIS_AB_Death,0,0,0,0,0,0,0,0,0,0,0,0,0,0,0,0,0,0,1
95-99,men,Eye,CurrentDeath,0,0,0,0,0,0,0,0,0,0,0,0,0,1,0,0,0,0,0
95-99,men,Eye,AB_Death,0,0,0,0,0,0,0,0,0,0,0,0,0,0,1,0,0,0,0
95-99,men,Eye,AHS_Death,0,0,0,0,0,0,0,0,0,0,0,0,0,0,0,1,0,0,0
95-99,men,Eye,AIS_Death,0,0,0,0,0,0,0,0,0,0,0,0,0,0,0,0,1,0,0
95-99,men,Eye,AHS_AB_Death,0,0,0,0,0,0,0,0,0,0,0,0,0,0,0,0,0,1,0
95-99,men,Eye,AIS_AB_Death,0,0,0,0,0,0,0,0,0,0,0,0,0,0,0,0,0,0,1
100-104,men,Eye,CurrentDeath,0,0,0,0,0,0,0,0,0,0,0,0,0,1,0,0,0,0,0
100-104,men,Eye,AB_Death,0,0,0,0,0,0,0,0,0,0,0,0,0,0,1,0,0,0,0
100-104,men,Eye,AHS_Death,0,0,0,0,0,0,0,0,0,0,0,0,0,0,0,1,0,0,0
100-104,men,Eye,AIS_Death,0,0,0,0,0,0,0,0,0,0,0,0,0,0,0,0,1,0,0
100-104,men,Eye,AHS_AB_Death,0,0,0,0,0,0,0,0,0,0,0,0,0,0,0,0,0,1,0
100-104,men,Eye,AIS_AB_Death,0,0,0,0,0,0,0,0,0,0,0,0,0,0,0,0,0,0,1
105-109,men,Eye,CurrentDeath,0,0,0,0,0,0,0,0,0,0,0,0,0,1,0,0,0,0,0
105-109,men,Eye,AB_Death,0,0,0,0,0,0,0,0,0,0,0,0,0,0,1,0,0,0,0
105-109,men,Eye,AHS_Death,0,0,0,0,0,0,0,0,0,0,0,0,0,0,0,1,0,0,0
105-109,men,Eye,AIS_Death,0,0,0,0,0,0,0,0,0,0,0,0,0,0,0,0,1,0,0
105-109,men,Eye,AHS_AB_Death,0,0,0,0,0,0,0,0,0,0,0,0,0,0,0,0,0,1,0
105-109,men,Eye,AIS_AB_Death,0,0,0,0,0,0,0,0,0,0,0,0,0,0,0,0,0,0,1
70-74,women,Eye,CurrentDeath,0,0,0,0,0,0,0,0,0,0,0,0,0,1,0,0,0,0,0
70-74,women,Eye,AB_Death,0,0,0,0,0,0,0,0,0,0,0,0,0,0,1,0,0,0,0
70-74,women,Eye,AHS_Death,0,0,0,0,0,0,0,0,0,0,0,0,0,0,0,1,0,0,0
70-74,women,Eye,AIS_Death,0,0,0,0,0,0,0,0,0,0,0,0,0,0,0,0,1,0,0
70-74,women,Eye,AHS_AB_Death,0,0,0,0,0,0,0,0,0,0,0,0,0,0,0,0,0,1,0
70-74,women,Eye,AIS_AB_Death,0,0,0,0,0,0,0,0,0,0,0,0,0,0,0,0,0,0,1
75-79,women,Eye,CurrentDeath,0,0,0,0,0,0,0,0,0,0,0,0,0,1,0,0,0,0,0
75-79,women,Eye,AB_Death,0,0,0,0,0,0,0,0,0,0,0,0,0,0,1,0,0,0,0
75-79,women,Eye,AHS_Death,0,0,0,0,0,0,0,0,0,0,0,0,0,0,0,1,0,0,0
75-79,women,Eye,AIS_Death,0,0,0,0,0,0,0,0,0,0,0,0,0,0,0,0,1,0,0
75-79,women,Eye,AHS_AB_Death,0,0,0,0,0,0,0,0,0,0,0,0,0,0,0,0,0,1,0
75-79,women,Eye,AIS_AB_Death,0,0,0,0,0,0,0,0,0,0,0,0,0,0,0,0,0,0,1
65-69,women,Eye,CurrentDeath,0,0,0,0,0,0,0,0,0,0,0,0,0,1,0,0,0,0,0
65-69,women,Eye,AB_Death,0,0,0,0,0,0,0,0,0,0,0,0,0,0,1,0,0,0,0
65-69,women,Eye,AHS_Death,0,0,0,0,0,0,0,0,0,0,0,0,0,0,0,1,0,0,0
65-69,women,Eye,AIS_Death,0,0,0,0,0,0,0,0,0,0,0,0,0,0,0,0,1,0,0
65-69,women,Eye,AHS_AB_Death,0,0,0,0,0,0,0,0,0,0,0,0,0,0,0,0,0,1,0
65-69,women,Eye,AIS_AB_Death,0,0,0,0,0,0,0,0,0,0,0,0,0,0,0,0,0,0,1
80-84,women,Eye,CurrentDeath,0,0,0,0,0,0,0,0,0,0,0,0,0,1,0,0,0,0,0
80-84,women,Eye,AB_Death,0,0,0,0,0,0,0,0,0,0,0,0,0,0,1,0,0,0,0
80-84,women,Eye,AHS_Death,0,0,0,0,0,0,0,0,0,0,0,0,0,0,0,1,0,0,0
80-84,women,Eye,AIS_Death,0,0,0,0,0,0,0,0,0,0,0,0,0,0,0,0,1,0,0
80-84,women,Eye,AHS_AB_Death,0,0,0,0,0,0,0,0,0,0,0,0,0,0,0,0,0,1,0
80-84,women,Eye,AIS_AB_Death,0,0,0,0,0,0,0,0,0,0,0,0,0,0,0,0,0,0,1
85-89,women,Eye,CurrentDeath,0,0,0,0,0,0,0,0,0,0,0,0,0,1,0,0,0,0,0
85-89,women,Eye,AB_Death,0,0,0,0,0,0,0,0,0,0,0,0,0,0,1,0,0,0,0
85-89,women,Eye,AHS_Death,0,0,0,0,0,0,0,0,0,0,0,0,0,0,0,1,0,0,0
85-89,women,Eye,AIS_Death,0,0,0,0,0,0,0,0,0,0,0,0,0,0,0,0,1,0,0
85-89,women,Eye,AHS_AB_Death,0,0,0,0,0,0,0,0,0,0,0,0,0,0,0,0,0,1,0
85-89,women,Eye,AIS_AB_Death,0,0,0,0,0,0,0,0,0,0,0,0,0,0,0,0,0,0,1
90-94,women,Eye,CurrentDeath,0,0,0,0,0,0,0,0,0,0,0,0,0,1,0,0,0,0,0
90-94,women,Eye,AB_Death,0,0,0,0,0,0,0,0,0,0,0,0,0,0,1,0,0,0,0
90-94,women,Eye,AHS_Death,0,0,0,0,0,0,0,0,0,0,0,0,0,0,0,1,0,0,0
90-94,women,Eye,AIS_Death,0,0,0,0,0,0,0,0,0,0,0,0,0,0,0,0,1,0,0
90-94,women,Eye,AHS_AB_Death,0,0,0,0,0,0,0,0,0,0,0,0,0,0,0,0,0,1,0
90-94,women,Eye,AIS_AB_Death,0,0,0,0,0,0,0,0,0,0,0,0,0,0,0,0,0,0,1
95-99,women,Eye,CurrentDeath,0,0,0,0,0,0,0,0,0,0,0,0,0,1,0,0,0,0,0
95-99,women,Eye,AB_Death,0,0,0,0,0,0,0,0,0,0,0,0,0,0,1,0,0,0,0
95-99,women,Eye,AHS_Death,0,0,0,0,0,0,0,0,0,0,0,0,0,0,0,1,0,0,0
95-99,women,Eye,AIS_Death,0,0,0,0,0,0,0,0,0,0,0,0,0,0,0,0,1,0,0
95-99,women,Eye,AHS_AB_Death,0,0,0,0,0,0,0,0,0,0,0,0,0,0,0,0,0,1,0
95-99,women,Eye,AIS_AB_Death,0,0,0,0,0,0,0,0,0,0,0,0,0,0,0,0,0,0,1
100-104,women,Eye,CurrentDeath,0,0,0,0,0,0,0,0,0,0,0,0,0,1,0,0,0,0,0
100-104,women,Eye,AB_Death,0,0,0,0,0,0,0,0,0,0,0,0,0,0,1,0,0,0,0
100-104,women,Eye,AHS_Death,0,0,0,0,0,0,0,0,0,0,0,0,0,0,0,1,0,0,0
100-104,women,Eye,AIS_Death,0,0,0,0,0,0,0,0,0,0,0,0,0,0,0,0,1,0,0
100-104,women,Eye,AHS_AB_Death,0,0,0,0,0,0,0,0,0,0,0,0,0,0,0,0,0,1,0
100-104,women,Eye,AIS_AB_Death,0,0,0,0,0,0,0,0,0,0,0,0,0,0,0,0,0,0,1
105-109,women,Eye,CurrentDeath,0,0,0,0,0,0,0,0,0,0,0,0,0,1,0,0,0,0,0
105-109,women,Eye,AB_Death,0,0,0,0,0,0,0,0,0,0,0,0,0,0,1,0,0,0,0
105-109,women,Eye,AHS_Death,0,0,0,0,0,0,0,0,0,0,0,0,0,0,0,1,0,0,0
105-109,women,Eye,AIS_Death,0,0,0,0,0,0,0,0,0,0,0,0,0,0,0,0,1,0,0
105-109,women,Eye,AHS_AB_Death,0,0,0,0,0,0,0,0,0,0,0,0,0,0,0,0,0,1,0
105-109,women,Eye,AIS_AB_Death,0,0,0,0,0,0,0,0,0,0,0,0,0,0,0,0,0,0,1
70-74,men,MSK,CurrentDeath,0,0,0,0,0,0,0,0,0,0,0,0,0,1,0,0,0,0,0
70-74,men,MSK,AB_Death,0,0,0,0,0,0,0,0,0,0,0,0,0,0,1,0,0,0,0
70-74,men,MSK,AHS_Death,0,0,0,0,0,0,0,0,0,0,0,0,0,0,0,1,0,0,0
70-74,men,MSK,AIS_Death,0,0,0,0,0,0,0,0,0,0,0,0,0,0,0,0,1,0,0
70-74,men,MSK,AHS_AB_Death,0,0,0,0,0,0,0,0,0,0,0,0,0,0,0,0,0,1,0
70-74,men,MSK,AIS_AB_Death,0,0,0,0,0,0,0,0,0,0,0,0,0,0,0,0,0,0,1
75-79,men,MSK,CurrentDeath,0,0,0,0,0,0,0,0,0,0,0,0,0,1,0,0,0,0,0
75-79,men,MSK,AB_Death,0,0,0,0,0,0,0,0,0,0,0,0,0,0,1,0,0,0,0
75-79,men,MSK,AHS_Death,0,0,0,0,0,0,0,0,0,0,0,0,0,0,0,1,0,0,0
75-79,men,MSK,AIS_Death,0,0,0,0,0,0,0,0,0,0,0,0,0,0,0,0,1,0,0
75-79,men,MSK,AHS_AB_Death,0,0,0,0,0,0,0,0,0,0,0,0,0,0,0,0,0,1,0
75-79,men,MSK,AIS_AB_Death,0,0,0,0,0,0,0,0,0,0,0,0,0,0,0,0,0,0,1
65-69,men,MSK,CurrentDeath,0,0,0,0,0,0,0,0,0,0,0,0,0,1,0,0,0,0,0
65-69,men,MSK,AB_Death,0,0,0,0,0,0,0,0,0,0,0,0,0,0,1,0,0,0,0
65-69,men,MSK,AHS_Death,0,0,0,0,0,0,0,0,0,0,0,0,0,0,0,1,0,0,0
65-69,men,MSK,AIS_Death,0,0,0,0,0,0,0,0,0,0,0,0,0,0,0,0,1,0,0
65-69,men,MSK,AHS_AB_Death,0,0,0,0,0,0,0,0,0,0,0,0,0,0,0,0,0,1,0
65-69,men,MSK,AIS_AB_Death,0,0,0,0,0,0,0,0,0,0,0,0,0,0,0,0,0,0,1
80-84,men,MSK,CurrentDeath,0,0,0,0,0,0,0,0,0,0,0,0,0,1,0,0,0,0,0
80-84,men,MSK,AB_Death,0,0,0,0,0,0,0,0,0,0,0,0,0,0,1,0,0,0,0
80-84,men,MSK,AHS_Death,0,0,0,0,0,0,0,0,0,0,0,0,0,0,0,1,0,0,0
80-84,men,MSK,AIS_Death,0,0,0,0,0,0,0,0,0,0,0,0,0,0,0,0,1,0,0
80-84,men,MSK,AHS_AB_Death,0,0,0,0,0,0,0,0,0,0,0,0,0,0,0,0,0,1,0
80-84,men,MSK,AIS_AB_Death,0,0,0,0,0,0,0,0,0,0,0,0,0,0,0,0,0,0,1
85-89,men,MSK,CurrentDeath,0,0,0,0,0,0,0,0,0,0,0,0,0,1,0,0,0,0,0
85-89,men,MSK,AB_Death,0,0,0,0,0,0,0,0,0,0,0,0,0,0,1,0,0,0,0
85-89,men,MSK,AHS_Death,0,0,0,0,0,0,0,0,0,0,0,0,0,0,0,1,0,0,0
85-89,men,MSK,AIS_Death,0,0,0,0,0,0,0,0,0,0,0,0,0,0,0,0,1,0,0
85-89,men,MSK,AHS_AB_Death,0,0,0,0,0,0,0,0,0,0,0,0,0,0,0,0,0,1,0
85-89,men,MSK,AIS_AB_Death,0,0,0,0,0,0,0,0,0,0,0,0,0,0,0,0,0,0,1
90-94,men,MSK,CurrentDeath,0,0,0,0,0,0,0,0,0,0,0,0,0,1,0,0,0,0,0
90-94,men,MSK,AB_Death,0,0,0,0,0,0,0,0,0,0,0,0,0,0,1,0,0,0,0
90-94,men,MSK,AHS_Death,0,0,0,0,0,0,0,0,0,0,0,0,0,0,0,1,0,0,0
90-94,men,MSK,AIS_Death,0,0,0,0,0,0,0,0,0,0,0,0,0,0,0,0,1,0,0
90-94,men,MSK,AHS_AB_Death,0,0,0,0,0,0,0,0,0,0,0,0,0,0,0,0,0,1,0
90-94,men,MSK,AIS_AB_Death,0,0,0,0,0,0,0,0,0,0,0,0,0,0,0,0,0,0,1
95-99,men,MSK,CurrentDeath,0,0,0,0,0,0,0,0,0,0,0,0,0,1,0,0,0,0,0
95-99,men,MSK,AB_Death,0,0,0,0,0,0,0,0,0,0,0,0,0,0,1,0,0,0,0
95-99,men,MSK,AHS_Death,0,0,0,0,0,0,0,0,0,0,0,0,0,0,0,1,0,0,0
95-99,men,MSK,AIS_Death,0,0,0,0,0,0,0,0,0,0,0,0,0,0,0,0,1,0,0
95-99,men,MSK,AHS_AB_Death,0,0,0,0,0,0,0,0,0,0,0,0,0,0,0,0,0,1,0
95-99,men,MSK,AIS_AB_Death,0,0,0,0,0,0,0,0,0,0,0,0,0,0,0,0,0,0,1
100-104,men,MSK,CurrentDeath,0,0,0,0,0,0,0,0,0,0,0,0,0,1,0,0,0,0,0
100-104,men,MSK,AB_Death,0,0,0,0,0,0,0,0,0,0,0,0,0,0,1,0,0,0,0
100-104,men,MSK,AHS_Death,0,0,0,0,0,0,0,0,0,0,0,0,0,0,0,1,0,0,0
100-104,men,MSK,AIS_Death,0,0,0,0,0,0,0,0,0,0,0,0,0,0,0,0,1,0,0
100-104,men,MSK,AHS_AB_Death,0,0,0,0,0,0,0,0,0,0,0,0,0,0,0,0,0,1,0
100-104,men,MSK,AIS_AB_Death,0,0,0,0,0,0,0,0,0,0,0,0,0,0,0,0,0,0,1
105-109,men,MSK,CurrentDeath,0,0,0,0,0,0,0,0,0,0,0,0,0,1,0,0,0,0,0
105-109,men,MSK,AB_Death,0,0,0,0,0,0,0,0,0,0,0,0,0,0,1,0,0,0,0
105-109,men,MSK,AHS_Death,0,0,0,0,0,0,0,0,0,0,0,0,0,0,0,1,0,0,0
105-109,men,MSK,AIS_Death,0,0,0,0,0,0,0,0,0,0,0,0,0,0,0,0,1,0,0
105-109,men,MSK,AHS_AB_Death,0,0,0,0,0,0,0,0,0,0,0,0,0,0,0,0,0,1,0
105-109,men,MSK,AIS_AB_Death,0,0,0,0,0,0,0,0,0,0,0,0,0,0,0,0,0,0,1
70-74,women,MSK,CurrentDeath,0,0,0,0,0,0,0,0,0,0,0,0,0,1,0,0,0,0,0
70-74,women,MSK,AB_Death,0,0,0,0,0,0,0,0,0,0,0,0,0,0,1,0,0,0,0
70-74,women,MSK,AHS_Death,0,0,0,0,0,0,0,0,0,0,0,0,0,0,0,1,0,0,0
70-74,women,MSK,AIS_Death,0,0,0,0,0,0,0,0,0,0,0,0,0,0,0,0,1,0,0
70-74,women,MSK,AHS_AB_Death,0,0,0,0,0,0,0,0,0,0,0,0,0,0,0,0,0,1,0
70-74,women,MSK,AIS_AB_Death,0,0,0,0,0,0,0,0,0,0,0,0,0,0,0,0,0,0,1
75-79,women,MSK,CurrentDeath,0,0,0,0,0,0,0,0,0,0,0,0,0,1,0,0,0,0,0
75-79,women,MSK,AB_Death,0,0,0,0,0,0,0,0,0,0,0,0,0,0,1,0,0,0,0
75-79,women,MSK,AHS_Death,0,0,0,0,0,0,0,0,0,0,0,0,0,0,0,1,0,0,0
75-79,women,MSK,AIS_Death,0,0,0,0,0,0,0,0,0,0,0,0,0,0,0,0,1,0,0
75-79,women,MSK,AHS_AB_Death,0,0,0,0,0,0,0,0,0,0,0,0,0,0,0,0,0,1,0
75-79,women,MSK,AIS_AB_Death,0,0,0,0,0,0,0,0,0,0,0,0,0,0,0,0,0,0,1
65-69,women,MSK,CurrentDeath,0,0,0,0,0,0,0,0,0,0,0,0,0,1,0,0,0,0,0
65-69,women,MSK,AB_Death,0,0,0,0,0,0,0,0,0,0,0,0,0,0,1,0,0,0,0
65-69,women,MSK,AHS_Death,0,0,0,0,0,0,0,0,0,0,0,0,0,0,0,1,0,0,0
65-69,women,MSK,AIS_Death,0,0,0,0,0,0,0,0,0,0,0,0,0,0,0,0,1,0,0
65-69,women,MSK,AHS_AB_Death,0,0,0,0,0,0,0,0,0,0,0,0,0,0,0,0,0,1,0
65-69,women,MSK,AIS_AB_Death,0,0,0,0,0,0,0,0,0,0,0,0,0,0,0,0,0,0,1
80-84,women,MSK,CurrentDeath,0,0,0,0,0,0,0,0,0,0,0,0,0,1,0,0,0,0,0
80-84,women,MSK,AB_Death,0,0,0,0,0,0,0,0,0,0,0,0,0,0,1,0,0,0,0
80-84,women,MSK,AHS_Death,0,0,0,0,0,0,0,0,0,0,0,0,0,0,0,1,0,0,0
80-84,women,MSK,AIS_Death,0,0,0,0,0,0,0,0,0,0,0,0,0,0,0,0,1,0,0
80-84,women,MSK,AHS_AB_Death,0,0,0,0,0,0,0,0,0,0,0,0,0,0,0,0,0,1,0
80-84,women,MSK,AIS_AB_Death,0,0,0,0,0,0,0,0,0,0,0,0,0,0,0,0,0,0,1
85-89,women,MSK,CurrentDeath,0,0,0,0,0,0,0,0,0,0,0,0,0,1,0,0,0,0,0
85-89,women,MSK,AB_Death,0,0,0,0,0,0,0,0,0,0,0,0,0,0,1,0,0,0,0
85-89,women,MSK,AHS_Death,0,0,0,0,0,0,0,0,0,0,0,0,0,0,0,1,0,0,0
85-89,women,MSK,AIS_Death,0,0,0,0,0,0,0,0,0,0,0,0,0,0,0,0,1,0,0
85-89,women,MSK,AHS_AB_Death,0,0,0,0,0,0,0,0,0,0,0,0,0,0,0,0,0,1,0
85-89,women,MSK,AIS_AB_Death,0,0,0,0,0,0,0,0,0,0,0,0,0,0,0,0,0,0,1
90-94,women,MSK,CurrentDeath,0,0,0,0,0,0,0,0,0,0,0,0,0,1,0,0,0,0,0
90-94,women,MSK,AB_Death,0,0,0,0,0,0,0,0,0,0,0,0,0,0,1,0,0,0,0
90-94,women,MSK,AHS_Death,0,0,0,0,0,0,0,0,0,0,0,0,0,0,0,1,0,0,0
90-94,women,MSK,AIS_Death,0,0,0,0,0,0,0,0,0,0,0,0,0,0,0,0,1,0,0
90-94,women,MSK,AHS_AB_Death,0,0,0,0,0,0,0,0,0,0,0,0,0,0,0,0,0,1,0
90-94,women,MSK,AIS_AB_Death,0,0,0,0,0,0,0,0,0,0,0,0,0,0,0,0,0,0,1
95-99,women,MSK,CurrentDeath,0,0,0,0,0,0,0,0,0,0,0,0,0,1,0,0,0,0,0
95-99,women,MSK,AB_Death,0,0,0,0,0,0,0,0,0,0,0,0,0,0,1,0,0,0,0
95-99,women,MSK,AHS_Death,0,0,0,0,0,0,0,0,0,0,0,0,0,0,0,1,0,0,0
95-99,women,MSK,AIS_Death,0,0,0,0,0,0,0,0,0,0,0,0,0,0,0,0,1,0,0
95-99,women,MSK,AHS_AB_Death,0,0,0,0,0,0,0,0,0,0,0,0,0,0,0,0,0,1,0
95-99,women,MSK,AIS_AB_Death,0,0,0,0,0,0,0,0,0,0,0,0,0,0,0,0,0,0,1
100-104,women,MSK,CurrentDeath,0,0,0,0,0,0,0,0,0,0,0,0,0,1,0,0,0,0,0
100-104,women,MSK,AB_Death,0,0,0,0,0,0,0,0,0,0,0,0,0,0,1,0,0,0,0
100-104,women,MSK,AHS_Death,0,0,0,0,0,0,0,0,0,0,0,0,0,0,0,1,0,0,0
100-104,women,MSK,AIS_Death,0,0,0,0,0,0,0,0,0,0,0,0,0,0,0,0,1,0,0
100-104,women,MSK,AHS_AB_Death,0,0,0,0,0,0,0,0,0,0,0,0,0,0,0,0,0,1,0
100-104,women,MSK,AIS_AB_Death,0,0,0,0,0,0,0,0,0,0,0,0,0,0,0,0,0,0,1
105-109,women,MSK,CurrentDeath,0,0,0,0,0,0,0,0,0,0,0,0,0,1,0,0,0,0,0
105-109,women,MSK,AB_Death,0,0,0,0,0,0,0,0,0,0,0,0,0,0,1,0,0,0,0
105-109,women,MSK,AHS_Death,0,0,0,0,0,0,0,0,0,0,0,0,0,0,0,1,0,0,0
105-109,women,MSK,AIS_Death,0,0,0,0,0,0,0,0,0,0,0,0,0,0,0,0,1,0,0
105-109,women,MSK,AHS_AB_Death,0,0,0,0,0,0,0,0,0,0,0,0,0,0,0,0,0,1,0
105-109,women,MSK,AIS_AB_Death,0,0,0,0,0,0,0,0,0,0,0,0,0,0,0,0,0,0,1
70-74,men,Metabolic,CurrentDeath,0,0,0,0,0,0,0,0,0,0,0,0,0,1,0,0,0,0,0
70-74,men,Metabolic,AB_Death,0,0,0,0,0,0,0,0,0,0,0,0,0,0,1,0,0,0,0
70-74,men,Metabolic,AHS_Death,0,0,0,0,0,0,0,0,0,0,0,0,0,0,0,1,0,0,0
70-74,men,Metabolic,AIS_Death,0,0,0,0,0,0,0,0,0,0,0,0,0,0,0,0,1,0,0
70-74,men,Metabolic,AHS_AB_Death,0,0,0,0,0,0,0,0,0,0,0,0,0,0,0,0,0,1,0
70-74,men,Metabolic,AIS_AB_Death,0,0,0,0,0,0,0,0,0,0,0,0,0,0,0,0,0,0,1
75-79,men,Metabolic,CurrentDeath,0,0,0,0,0,0,0,0,0,0,0,0,0,1,0,0,0,0,0
75-79,men,Metabolic,AB_Death,0,0,0,0,0,0,0,0,0,0,0,0,0,0,1,0,0,0,0
75-79,men,Metabolic,AHS_Death,0,0,0,0,0,0,0,0,0,0,0,0,0,0,0,1,0,0,0
75-79,men,Metabolic,AIS_Death,0,0,0,0,0,0,0,0,0,0,0,0,0,0,0,0,1,0,0
75-79,men,Metabolic,AHS_AB_Death,0,0,0,0,0,0,0,0,0,0,0,0,0,0,0,0,0,1,0
75-79,men,Metabolic,AIS_AB_Death,0,0,0,0,0,0,0,0,0,0,0,0,0,0,0,0,0,0,1
65-69,men,Metabolic,CurrentDeath,0,0,0,0,0,0,0,0,0,0,0,0,0,1,0,0,0,0,0
65-69,men,Metabolic,AB_Death,0,0,0,0,0,0,0,0,0,0,0,0,0,0,1,0,0,0,0
65-69,men,Metabolic,AHS_Death,0,0,0,0,0,0,0,0,0,0,0,0,0,0,0,1,0,0,0
65-69,men,Metabolic,AIS_Death,0,0,0,0,0,0,0,0,0,0,0,0,0,0,0,0,1,0,0
65-69,men,Metabolic,AHS_AB_Death,0,0,0,0,0,0,0,0,0,0,0,0,0,0,0,0,0,1,0
65-69,men,Metabolic,AIS_AB_Death,0,0,0,0,0,0,0,0,0,0,0,0,0,0,0,0,0,0,1
80-84,men,Metabolic,CurrentDeath,0,0,0,0,0,0,0,0,0,0,0,0,0,1,0,0,0,0,0
80-84,men,Metabolic,AB_Death,0,0,0,0,0,0,0,0,0,0,0,0,0,0,1,0,0,0,0
80-84,men,Metabolic,AHS_Death,0,0,0,0,0,0,0,0,0,0,0,0,0,0,0,1,0,0,0
80-84,men,Metabolic,AIS_Death,0,0,0,0,0,0,0,0,0,0,0,0,0,0,0,0,1,0,0
80-84,men,Metabolic,AHS_AB_Death,0,0,0,0,0,0,0,0,0,0,0,0,0,0,0,0,0,1,0
80-84,men,Metabolic,AIS_AB_Death,0,0,0,0,0,0,0,0,0,0,0,0,0,0,0,0,0,0,1
85-89,men,Metabolic,CurrentDeath,0,0,0,0,0,0,0,0,0,0,0,0,0,1,0,0,0,0,0
85-89,men,Metabolic,AB_Death,0,0,0,0,0,0,0,0,0,0,0,0,0,0,1,0,0,0,0
85-89,men,Metabolic,AHS_Death,0,0,0,0,0,0,0,0,0,0,0,0,0,0,0,1,0,0,0
85-89,men,Metabolic,AIS_Death,0,0,0,0,0,0,0,0,0,0,0,0,0,0,0,0,1,0,0
85-89,men,Metabolic,AHS_AB_Death,0,0,0,0,0,0,0,0,0,0,0,0,0,0,0,0,0,1,0
85-89,men,Metabolic,AIS_AB_Death,0,0,0,0,0,0,0,0,0,0,0,0,0,0,0,0,0,0,1
90-94,men,Metabolic,CurrentDeath,0,0,0,0,0,0,0,0,0,0,0,0,0,1,0,0,0,0,0
90-94,men,Metabolic,AB_Death,0,0,0,0,0,0,0,0,0,0,0,0,0,0,1,0,0,0,0
90-94,men,Metabolic,AHS_Death,0,0,0,0,0,0,0,0,0,0,0,0,0,0,0,1,0,0,0
90-94,men,Metabolic,AIS_Death,0,0,0,0,0,0,0,0,0,0,0,0,0,0,0,0,1,0,0
90-94,men,Metabolic,AHS_AB_Death,0,0,0,0,0,0,0,0,0,0,0,0,0,0,0,0,0,1,0
90-94,men,Metabolic,AIS_AB_Death,0,0,0,0,0,0,0,0,0,0,0,0,0,0,0,0,0,0,1
95-99,men,Metabolic,CurrentDeath,0,0,0,0,0,0,0,0,0,0,0,0,0,1,0,0,0,0,0
95-99,men,Metabolic,AB_Death,0,0,0,0,0,0,0,0,0,0,0,0,0,0,1,0,0,0,0
95-99,men,Metabolic,AHS_Death,0,0,0,0,0,0,0,0,0,0,0,0,0,0,0,1,0,0,0
95-99,men,Metabolic,AIS_Death,0,0,0,0,0,0,0,0,0,0,0,0,0,0,0,0,1,0,0
95-99,men,Metabolic,AHS_AB_Death,0,0,0,0,0,0,0,0,0,0,0,0,0,0,0,0,0,1,0
95-99,men,Metabolic,AIS_AB_Death,0,0,0,0,0,0,0,0,0,0,0,0,0,0,0,0,0,0,1
100-104,men,Metabolic,CurrentDeath,0,0,0,0,0,0,0,0,0,0,0,0,0,1,0,0,0,0,0
100-104,men,Metabolic,AB_Death,0,0,0,0,0,0,0,0,0,0,0,0,0,0,1,0,0,0,0
100-104,men,Metabolic,AHS_Death,0,0,0,0,0,0,0,0,0,0,0,0,0,0,0,1,0,0,0
100-104,men,Metabolic,AIS_Death,0,0,0,0,0,0,0,0,0,0,0,0,0,0,0,0,1,0,0
100-104,men,Metabolic,AHS_AB_Death,0,0,0,0,0,0,0,0,0,0,0,0,0,0,0,0,0,1,0
100-104,men,Metabolic,AIS_AB_Death,0,0,0,0,0,0,0,0,0,0,0,0,0,0,0,0,0,0,1
105-109,men,Metabolic,CurrentDeath,0,0,0,0,0,0,0,0,0,0,0,0,0,1,0,0,0,0,0
105-109,men,Metabolic,AB_Death,0,0,0,0,0,0,0,0,0,0,0,0,0,0,1,0,0,0,0
105-109,men,Metabolic,AHS_Death,0,0,0,0,0,0,0,0,0,0,0,0,0,0,0,1,0,0,0
105-109,men,Metabolic,AIS_Death,0,0,0,0,0,0,0,0,0,0,0,0,0,0,0,0,1,0,0
105-109,men,Metabolic,AHS_AB_Death,0,0,0,0,0,0,0,0,0,0,0,0,0,0,0,0,0,1,0
105-109,men,Metabolic,AIS_AB_Death,0,0,0,0,0,0,0,0,0,0,0,0,0,0,0,0,0,0,1
70-74,women,Metabolic,CurrentDeath,0,0,0,0,0,0,0,0,0,0,0,0,0,1,0,0,0,0,0
70-74,women,Metabolic,AB_Death,0,0,0,0,0,0,0,0,0,0,0,0,0,0,1,0,0,0,0
70-74,women,Metabolic,AHS_Death,0,0,0,0,0,0,0,0,0,0,0,0,0,0,0,1,0,0,0
70-74,women,Metabolic,AIS_Death,0,0,0,0,0,0,0,0,0,0,0,0,0,0,0,0,1,0,0
70-74,women,Metabolic,AHS_AB_Death,0,0,0,0,0,0,0,0,0,0,0,0,0,0,0,0,0,1,0
70-74,women,Metabolic,AIS_AB_Death,0,0,0,0,0,0,0,0,0,0,0,0,0,0,0,0,0,0,1
75-79,women,Metabolic,CurrentDeath,0,0,0,0,0,0,0,0,0,0,0,0,0,1,0,0,0,0,0
75-79,women,Metabolic,AB_Death,0,0,0,0,0,0,0,0,0,0,0,0,0,0,1,0,0,0,0
75-79,women,Metabolic,AHS_Death,0,0,0,0,0,0,0,0,0,0,0,0,0,0,0,1,0,0,0
75-79,women,Metabolic,AIS_Death,0,0,0,0,0,0,0,0,0,0,0,0,0,0,0,0,1,0,0
75-79,women,Metabolic,AHS_AB_Death,0,0,0,0,0,0,0,0,0,0,0,0,0,0,0,0,0,1,0
75-79,women,Metabolic,AIS_AB_Death,0,0,0,0,0,0,0,0,0,0,0,0,0,0,0,0,0,0,1
65-69,women,Metabolic,CurrentDeath,0,0,0,0,0,0,0,0,0,0,0,0,0,1,0,0,0,0,0
65-69,women,Metabolic,AB_Death,0,0,0,0,0,0,0,0,0,0,0,0,0,0,1,0,0,0,0
65-69,women,Metabolic,AHS_Death,0,0,0,0,0,0,0,0,0,0,0,0,0,0,0,1,0,0,0
65-69,women,Metabolic,AIS_Death,0,0,0,0,0,0,0,0,0,0,0,0,0,0,0,0,1,0,0
65-69,women,Metabolic,AHS_AB_Death,0,0,0,0,0,0,0,0,0,0,0,0,0,0,0,0,0,1,0
65-69,women,Metabolic,AIS_AB_Death,0,0,0,0,0,0,0,0,0,0,0,0,0,0,0,0,0,0,1
80-84,women,Metabolic,CurrentDeath,0,0,0,0,0,0,0,0,0,0,0,0,0,1,0,0,0,0,0
80-84,women,Metabolic,AB_Death,0,0,0,0,0,0,0,0,0,0,0,0,0,0,1,0,0,0,0
80-84,women,Metabolic,AHS_Death,0,0,0,0,0,0,0,0,0,0,0,0,0,0,0,1,0,0,0
80-84,women,Metabolic,AIS_Death,0,0,0,0,0,0,0,0,0,0,0,0,0,0,0,0,1,0,0
80-84,women,Metabolic,AHS_AB_Death,0,0,0,0,0,0,0,0,0,0,0,0,0,0,0,0,0,1,0
80-84,women,Metabolic,AIS_AB_Death,0,0,0,0,0,0,0,0,0,0,0,0,0,0,0,0,0,0,1
85-89,women,Metabolic,CurrentDeath,0,0,0,0,0,0,0,0,0,0,0,0,0,1,0,0,0,0,0
85-89,women,Metabolic,AB_Death,0,0,0,0,0,0,0,0,0,0,0,0,0,0,1,0,0,0,0
85-89,women,Metabolic,AHS_Death,0,0,0,0,0,0,0,0,0,0,0,0,0,0,0,1,0,0,0
85-89,women,Metabolic,AIS_Death,0,0,0,0,0,0,0,0,0,0,0,0,0,0,0,0,1,0,0
85-89,women,Metabolic,AHS_AB_Death,0,0,0,0,0,0,0,0,0,0,0,0,0,0,0,0,0,1,0
85-89,women,Metabolic,AIS_AB_Death,0,0,0,0,0,0,0,0,0,0,0,0,0,0,0,0,0,0,1
90-94,women,Metabolic,CurrentDeath,0,0,0,0,0,0,0,0,0,0,0,0,0,1,0,0,0,0,0
90-94,women,Metabolic,AB_Death,0,0,0,0,0,0,0,0,0,0,0,0,0,0,1,0,0,0,0
90-94,women,Metabolic,AHS_Death,0,0,0,0,0,0,0,0,0,0,0,0,0,0,0,1,0,0,0
90-94,women,Metabolic,AIS_Death,0,0,0,0,0,0,0,0,0,0,0,0,0,0,0,0,1,0,0
90-94,women,Metabolic,AHS_AB_Death,0,0,0,0,0,0,0,0,0,0,0,0,0,0,0,0,0,1,0
90-94,women,Metabolic,AIS_AB_Death,0,0,0,0,0,0,0,0,0,0,0,0,0,0,0,0,0,0,1
95-99,women,Metabolic,CurrentDeath,0,0,0,0,0,0,0,0,0,0,0,0,0,1,0,0,0,0,0
95-99,women,Metabolic,AB_Death,0,0,0,0,0,0,0,0,0,0,0,0,0,0,1,0,0,0,0
95-99,women,Metabolic,AHS_Death,0,0,0,0,0,0,0,0,0,0,0,0,0,0,0,1,0,0,0
95-99,women,Metabolic,AIS_Death,0,0,0,0,0,0,0,0,0,0,0,0,0,0,0,0,1,0,0
95-99,women,Metabolic,AHS_AB_Death,0,0,0,0,0,0,0,0,0,0,0,0,0,0,0,0,0,1,0
95-99,women,Metabolic,AIS_AB_Death,0,0,0,0,0,0,0,0,0,0,0,0,0,0,0,0,0,0,1
100-104,women,Metabolic,CurrentDeath,0,0,0,0,0,0,0,0,0,0,0,0,0,1,0,0,0,0,0
100-104,women,Metabolic,AB_Death,0,0,0,0,0,0,0,0,0,0,0,0,0,0,1,0,0,0,0
100-104,women,Metabolic,AHS_Death,0,0,0,0,0,0,0,0,0,0,0,0,0,0,0,1,0,0,0
100-104,women,Metabolic,AIS_Death,0,0,0,0,0,0,0,0,0,0,0,0,0,0,0,0,1,0,0
100-104,women,Metabolic,AHS_AB_Death,0,0,0,0,0,0,0,0,0,0,0,0,0,0,0,0,0,1,0
100-104,women,Metabolic,AIS_AB_Death,0,0,0,0,0,0,0,0,0,0,0,0,0,0,0,0,0,0,1
105-109,women,Metabolic,CurrentDeath,0,0,0,0,0,0,0,0,0,0,0,0,0,1,0,0,0,0,0
105-109,women,Metabolic,AB_Death,0,0,0,0,0,0,0,0,0,0,0,0,0,0,1,0,0,0,0
105-109,women,Metabolic,AHS_Death,0,0,0,0,0,0,0,0,0,0,0,0,0,0,0,1,0,0,0
105-109,women,Metabolic,AIS_Death,0,0,0,0,0,0,0,0,0,0,0,0,0,0,0,0,1,0,0
105-109,women,Metabolic,AHS_AB_Death,0,0,0,0,0,0,0,0,0,0,0,0,0,0,0,0,0,1,0
105-109,women,Metabolic,AIS_AB_Death,0,0,0,0,0,0,0,0,0,0,0,0,0,0,0,0,0,0,1
