agegrp,sex,mm_cluster,from,NoEvent,AB,AHS,AIS,PB,PHS,PIS,AHS_AB,AIS_AB,PB_AHS,PB_AIS,PS_AB,PS_PB,CurrentDeath,AB_Death,AHS_Death,AIS_Death,AHS_AB_Death,AIS_AB_Death
70-74,men,Unspecified,NoEvent,0.970738656350591,0.004177455647531,0.00220581424597567,0.00583911764996044,0,0,0,2.28201561364457e-05,1.94933102242082e-05,0,0,0,0,0.0154358467938165,0.000168028435753389,0.000615306368108009,0.000734884086595666,1.68868071129597e-164,4.25769553072265e-05
75-79,men,Unspecified,NoEvent,0.958843690319244,0.00529228065351655,0.00269638424900799,0.00723495539497202,0,0,0,7.10509441312441e-100,7.61356802283228e-05,0,0,0,0,0.0236472872546317,0.000405202950389936,0.000796984625033292,0.000961447178567819,1.1830162234804e-164,4.56316944081691e-05
65-69,men,Unspecified,NoEvent,0.976373137310671,0.00314518239356461,0.00167975892142502,0.00472556527499736,0,0,0,8.19638924628891e-24,1.21995633436435e-05,0,0,0,0,0.0130949911239271,0.000103123582240519,0.000382665420030836,0.000483376406460388,1.36471957846118e-88,3.33944338003039e-12
80-84,men,Unspecified,NoEvent,0.937079210875037,0.00678726325925001,0.00340770913988564,0.00962944619390719,0,0,0,6.13106421444806e-05,0.000124927320622936,0,0,0,0,0.0389626397856709,0.000582072490806594,0.00130731512238355,0.0019247612775184,2.99270609195844e-05,0.000103416831853205
85-89,men,Unspecified,NoEvent,0.902207711804172,0.00858712159278846,0.00395513700319814,0.0108406619543589,0,0,0,7.18439192668169e-05,0.000126732704296975,0,0,0,0,0.0682008799440232,0.000958390418977035,0.00192119214454846,0.00298579024030942,6.26658076752722e-143,0.000144538274060652
90-94,men,Unspecified,NoEvent,0.857638589342645,0.00975235064573914,0.00338078690538507,0.011528985361328,0,0,0,0.000254217328528933,7.26238439127296e-05,0,0,0,0,0.109980414511771,0.0014761746004416,0.00198854054502912,0.00367593405817462,7.83633865524023e-05,0.000173019470492106
95-99,men,Unspecified,NoEvent,0.805527865086279,0.00504791082159664,0.00325183750220045,0.0107082932669741,0,0,0,0.000396705592992763,3.14751409803621e-11,0,0,0,0,0.16788626995398,0.00148963680386433,0.000860240327462499,0.00483124061317448,4.01040475067294e-94,9.81264850756927e-18
100-104,men,Unspecified,NoEvent,0.805527865086279,0.00504791082159664,0.00325183750220045,0.0107082932669741,0,0,0,0.000396705592992763,3.14751409803621e-11,0,0,0,0,0.16788626995398,0.00148963680386433,0.000860240327462499,0.00483124061317448,4.01040475067294e-94,9.81264850756927e-18
105-109,men,Unspecified,NoEvent,0.805527865086279,0.00504791082159664,0.00325183750220045,0.0107082932669741,0,0,0,0.000396705592992763,3.14751409803621e-11,0,0,0,0,0.16788626995398,0.00148963680386433,0.000860240327462499,0.00483124061317448,4.01040475067294e-94,9.81264850756927e-18
70-74,women,Unspecified,NoEvent,0.978015573742169,0.00129564996710205,0.00145057738025475,0.00559330922751373,0,0,0,3.26316932400731e-06,5.2908877052813e-06,0,0,0,0,0.0123796461479572,4.14085720399009e-05,0.000402812505553762,0.000795938611728957,1.23647704757454e-164,1.65297886517229e-05
75-79,women,Unspecified,NoEvent,0.968892674724711,0.00164648436683543,0.00177865881463804,0.00695178554228928,0,0,0,1.01913039662316e-100,2.07286054717087e-05,0,0,0,0,0.0190238320231016,0.000100165686646992,0.000523359825779655,0.00104453996982853,8.68896645293308e-165,1.77704406975531e-05
65-69,women,Unspecified,NoEvent,0.982118891656575,0.000973816190800763,0.00110274280902689,0.00451887871488964,0,0,0,1.17003509170411e-24,3.30554101619954e-06,0,0,0,0,0.0104842723620861,2.53700179839138e-05,0.000250084092668889,0.000522638613658591,9.97555925556484e-89,1.29426169470327e-12
80-84,women,Unspecified,NoEvent,0.951596614191715,0.00212246618934117,0.00225946036909882,0.0093002186821178,0,0,0,8.83948795356107e-06,3.41877579633416e-05,0,0,0,0,0.0315062264861447,0.000144628802374274,0.000862903172099518,0.00210187966436892,2.20939226592303e-05,4.0481274163873e-05
85-89,women,Unspecified,NoEvent,0.923576802764498,0.00270755456328745,0.00264415712979631,0.0105567726924993,0,0,0,1.04439498669008e-05,3.49691773849601e-05,0,0,0,0,0.0556059819133038,0.0002401063785633,0.00127860412605282,0.0032875607622351,4.66469144721755e-143,5.70465425123946e-05
90-94,women,Unspecified,NoEvent,0.886708014172699,0.00310608795676739,0.00228306545274961,0.0113407373701,0,0,0,3.73297214903437e-05,2.0241877057191e-05,0,0,0,0,0.0905777910330468,0.000373571554329581,0.0013368250859468,0.00408843448906789,5.89223844753315e-05,6.89789022704991e-05
95-99,women,Unspecified,NoEvent,0.83974807893526,0.00162048095624839,0.00221338629256107,0.0106169134749651,0,0,0,5.87145502540554e-05,8.84233675567873e-12,0,0,0,0,0.139363604074147,0.00037996560074959,0.00058289153762896,0.00541596456934382,3.03936696926865e-94,3.94307791376557e-18
100-104,women,Unspecified,NoEvent,0.83974807893526,0.00162048095624839,0.00221338629256107,0.0106169134749651,0,0,0,5.87145502540554e-05,8.84233675567873e-12,0,0,0,0,0.139363604074147,0.00037996560074959,0.00058289153762896,0.00541596456934382,3.03936696926865e-94,3.94307791376557e-18
105-109,women,Unspecified,NoEvent,0.83974807893526,0.00162048095624839,0.00221338629256107,0.0106169134749651,0,0,0,5.87145502540554e-05,8.84233675567873e-12,0,0,0,0,0.139363604074147,0.00037996560074959,0.00058289153762896,0.00541596456934382,3.03936696926865e-94,3.94307791376557e-18
70-74,men,Complex,NoEvent,0.930441989321776,0.00746317242017807,0.00299453535215383,0.0105849262961806,0,0,0,1.91770274425663e-05,8.96874482022325e-05,0,0,0,0,0.0446541113564518,0.000691619522783941,0.00100239273333187,0.00201044189781996,4.28917050485188e-197,4.79466236793101e-05
75-79,men,Complex,NoEvent,0.901332925355311,0.00926971545933395,0.00358884083333124,0.0128584428597427,0,0,0,5.85388842042493e-100,0.000343436313922537,0,0,0,0,0.0670693700777339,0.00163519280372806,0.00127294122586198,0.00257875463373787,2.94597038909804e-197,5.03804372971627e-05
65-69,men,Complex,NoEvent,0.942789931832313,0.00566210294254738,0.002297882201594,0.00863206449849538,0,0,0,6.94073639787229e-24,5.65601636255101e-05,0,0,0,0,0.0381730180514492,0.000427723141545768,0.00062818276377763,0.00133253440086214,3.49292682715044e-121,3.78946421883052e-12
80-84,men,Complex,NoEvent,0.850945818878375,0.0114786522234826,0.00437932929417707,0.0165244304392888,0,0,0,4.87734098204045e-05,0.000544111712530984,0,0,0,0,0.106699882438872,0.00226801597919256,0.00201609670846917,0.00498464383155779,7.19572258311096e-38,0.000110245084234297
85-89,men,Complex,NoEvent,0.773381563745097,0.0137031219865315,0.0047960347694883,0.0175532160548709,0,0,0,5.39278341120093e-05,0.000520828881653344,0,0,0,0,0.176230573117211,0.00352360491241239,0.00279561644093015,0.00729612492232259,1.42172857874573e-175,0.000145387335371389
90-94,men,Complex,NoEvent,0.683523262698693,0.0144652083108181,0.00381050083958085,0.0173514373736697,0,0,0,0.00017736649567392,0.000277414439175019,0,0,0,0,0.264149687127755,0.0050445908138094,0.00268958148832293,0.00834918630574348,1.65250476729932e-37,0.000161764106759185
95-99,men,Complex,NoEvent,0.588857235014519,0.00687134103861163,0.0033636247948392,0.0147903711328303,0,0,0,0.000254009058194621,1.1033974090802e-10,0,0,0,0,0.370053379259733,0.0046717872363132,0.00106778668378017,0.0100704656708398,7.76125900508492e-127,8.41953048545492e-18
100-104,men,Complex,NoEvent,0.588857235014519,0.00687134103861163,0.0033636247948392,0.0147903711328303,0,0,0,0.000254009058194621,1.1033974090802e-10,0,0,0,0,0.370053379259733,0.0046717872363132,0.00106778668378017,0.0100704656708398,7.76125900508492e-127,8.41953048545492e-18
105-109,men,Complex,NoEvent,0.588857235014519,0.00687134103861163,0.0033636247948392,0.0147903711328303,0,0,0,0.000254009058194621,1.1033974090802e-10,0,0,0,0,0.370053379259733,0.0046717872363132,0.00106778668378017,0.0100704656708398,7.76125900508492e-127,8.41953048545492e-18
70-74,women,Complex,NoEvent,0.946195687463289,0.00233723894217393,0.00198840664647271,0.0102379555708073,0,0,0,2.76889244125119e-06,2.4579803982905e-05,0,0,0,0,0.0361612155558047,0.000172099065319129,0.000662602763306249,0.00219864976853504,3.17114152818295e-197,1.87955278677678e-05
75-79,women,Complex,NoEvent,0.923212531847162,0.00292466045228811,0.00240081872577385,0.0125297726845783,0,0,0,8.51527438755115e-101,9.48248954272508e-05,0,0,0,0,0.0547186290459135,0.000409929946201299,0.000847721300224241,0.00284121409141616,2.19432071049881e-197,1.98970110158187e-05
65-69,women,Complex,NoEvent,0.955600135839251,0.00176701019159663,0.00152049563496869,0.00831996949048845,0,0,0,9.98646999454264e-25,1.54468190677736e-05,0,0,0,0,0.0308048942496247,0.000106060988519876,0.000413792870662878,0.00145219391434014,2.57343650206165e-121,1.48032121251396e-12
80-84,women,Complex,NoEvent,0.88133974460906,0.00366332587321838,0.00296338706305046,0.0162875933630437,0,0,0,7.17650400484944e-06,0.000151963692919065,0,0,0,0,0.0880542915779379,0.000575125196342386,0.00135809987857221,0.00555525087923594,5.42152846813027e-38,4.40413626155097e-05
85-89,women,Complex,NoEvent,0.815230816561602,0.00445264754342506,0.00330428303996186,0.0176157548311934,0,0,0,8.07898740231163e-06,0.000148102013720825,0,0,0,0,0.148075081407106,0.000909740713973921,0.00191739714196513,0.0082789630824189,1.09063181994918e-175,5.91346772301297e-05
90-94,women,Complex,NoEvent,0.735173532495529,0.0047971456540224,0.00267939287051555,0.0177721280396106,0,0,0,2.71190802156058e-05,8.05108448043192e-05,0,0,0,0,0.226521925476432,0.00132927790684278,0.00188268912597487,0.0096691267715012,1.29378946193358e-37,6.71517345521035e-05
95-99,women,Complex,NoEvent,0.643714269151147,0.00231431806708359,0.00240206751506985,0.0153853144594607,0,0,0,3.94435416425383e-05,3.25222519972632e-11,0,0,0,0,0.322290754660968,0.00125024816771941,0.000759104798568712,0.0118444796058182,6.17129623748035e-127,3.54965605434883e-18
100-104,women,Complex,NoEvent,0.643714269151147,0.00231431806708359,0.00240206751506985,0.0153853144594607,0,0,0,3.94435416425383e-05,3.25222519972632e-11,0,0,0,0,0.322290754660968,0.00125024816771941,0.000759104798568712,0.0118444796058182,6.17129623748035e-127,3.54965605434883e-18
105-109,women,Complex,NoEvent,0.643714269151147,0.00231431806708359,0.00240206751506985,0.0153853144594607,0,0,0,3.94435416425383e-05,3.25222519972632e-11,0,0,0,0,0.322290754660968,0.00125024816771941,0.000759104798568712,0.0118444796058182,6.17129623748035e-127,3.54965605434883e-18
70-74,men,Neuropsychiatric,NoEvent,0.938672478326838,0.00453925438504009,0.00417982734385112,0.0125279534612782,0,0,0,3.07023229894788e-05,2.95490557000204e-05,0,0,0,0,0.0369367971387818,0.000391824928209353,0.00105593235006651,0.00159582052656661,7.35783412546601e-185,3.98601606790334e-05
75-79,men,Neuropsychiatric,NoEvent,0.913762781534713,0.00566585978821831,0.00503409571571479,0.0152939281403286,0,0,0,9.41830519841769e-100,0.000113709441453433,0,0,0,0,0.0557519912699169,0.000930962438614856,0.0013475500687052,0.00205703137024606,5.07859326382407e-185,4.20902320885633e-05
65-69,men,Neuropsychiatric,NoEvent,0.949654855274848,0.00343841801777445,0.00320240699541384,0.0102006262671152,0,0,0,1.10946948893622e-23,1.86055478491053e-05,0,0,0,0,0.0315263829867809,0.000241939864493461,0.000660699636584501,0.00105606540599558,5.98254585541185e-109,3.14542034634292e-12
80-84,men,Neuropsychiatric,NoEvent,0.869688158592106,0.00707305936363936,0.00619286850994161,0.0198140908889794,0,0,0,7.91094606772104e-05,0.000181616529368552,0,0,0,0,0.0894163797916172,0.00130174610637152,0.00215161669168729,0.00400850113683232,1.25056552530643e-25,9.28529287794736e-05
85-89,men,Neuropsychiatric,NoEvent,0.801926264090696,0.00856741459189586,0.0068814575358485,0.021355916032845,0,0,0,8.87507716591167e-05,0.000176390914366252,0,0,0,0,0.149847068071445,0.00205201834363523,0.00302722697552894,0.00595324827730539,2.50704765137969e-163,0.000124244394774621
90-94,men,Neuropsychiatric,NoEvent,0.72160349683214,0.00920875093742653,0.00556706059031585,0.0214952617717377,0,0,0,0.0002972189668231,9.56656417623013e-05,0,0,0,0,0.228698266111533,0.00299133981650861,0.0029654996756906,0.00693668000974563,2.9671150835148e-25,0.000140759646316994
95-99,men,Neuropsychiatric,NoEvent,0.632905794286279,0.00445144471180201,0.0050007469238151,0.018645318137807,0,0,0,0.000433149266937927,3.87206226134117e-11,0,0,0,0,0.326032272183821,0.00281907290647158,0.00119806703672485,0.0085141345076211,1.41810141992227e-114,7.45533772338586e-18
100-104,men,Neuropsychiatric,NoEvent,0.632905794286279,0.00445144471180201,0.0050007469238151,0.018645318137807,0,0,0,0.000433149266937927,3.87206226134117e-11,0,0,0,0,0.326032272183821,0.00281907290647158,0.00119806703672485,0.0085141345076211,1.41810141992227e-114,7.45533772338586e-18
105-109,men,Neuropsychiatric,NoEvent,0.632905794286279,0.00445144471180201,0.0050007469238151,0.018645318137807,0,0,0,0.000433149266937927,3.87206226134117e-11,0,0,0,0,0.326032272183821,0.00281907290647158,0.00119806703672485,0.0085141345076211,1.41810141992227e-114,7.45533772338586e-18
70-74,women,Neuropsychiatric,NoEvent,0.951377397801546,0.00141653859459167,0.00276565724353712,0.0120745174893859,0,0,0,4.41733446212448e-06,8.06964826878069e-06,0,0,0,0,0.0298060932111982,9.71555426388824e-05,0.00069552970009537,0.00173905303342702,5.42071480066748e-185,1.55704008489475e-05
75-79,women,Neuropsychiatric,NoEvent,0.931366627982814,0.00177840874166118,0.00335029734580184,0.0148262244472319,0,0,0,1.36296178287067e-100,3.12341287940264e-05,0,0,0,0,0.0452509890676513,0.000232182535564355,0.000892783934318983,0.00225471454146651,3.76332624694862e-185,1.65372746955103e-05
65-69,women,Neuropsychiatric,NoEvent,0.959996204695379,0.00107004186643359,0.00211307418857011,0.00980425720419425,0,0,0,1.5918517422108e-24,5.06700890863028e-06,0,0,0,0,0.0253698660717953,5.98247866588061e-05,0.000433992134596177,0.00114767204223894,4.39532312501701e-109,1.22528649394119e-12
80-84,women,Neuropsychiatric,NoEvent,0.894641306300278,0.00224121830351278,0.00416068502196407,0.0193908466543452,0,0,0,1.15571417143783e-05,5.03615790573068e-05,0,0,0,0,0.0732648848256987,0.000327744018260781,0.0014390552119185,0.00443551199447712,9.35504724889405e-26,3.68289487730955e-05
85-89,women,Neuropsychiatric,NoEvent,0.837296103893744,0.00275617100765232,0.0046938902793666,0.0212187768057143,0,0,0,1.31635695253233e-05,4.96591974849422e-05,0,0,0,0,0.12465409711918,0.000524528685939274,0.00205559264725966,0.00668798454348322,1.90406443276165e-163,5.00322506501315e-05
90-94,women,Neuropsychiatric,NoEvent,0.766824828655068,0.00301565707840059,0.00386547882696177,0.0217405100949136,0,0,0,4.48748391885709e-05,2.74160148058548e-05,0,0,0,0,0.193662721603549,0.000778356593327403,0.00204981564275744,0.00793264059259033,2.29392014125906e-25,5.77000584375861e-05
95-99,women,Neuropsychiatric,NoEvent,0.683730488564139,0.00148131664911764,0.00352840086501612,0.0191629550970009,0,0,0,6.6455305913574e-05,1.12760336020912e-11,0,0,0,0,0.280549463299625,0.000745392222985686,0.000841518628205778,0.00989400935672068,1.11408130841254e-114,3.1054969021249e-18
100-104,women,Neuropsychiatric,NoEvent,0.683730488564139,0.00148131664911764,0.00352840086501612,0.0191629550970009,0,0,0,6.6455305913574e-05,1.12760336020912e-11,0,0,0,0,0.280549463299625,0.000745392222985686,0.000841518628205778,0.00989400935672068,1.11408130841254e-114,3.1054969021249e-18
105-109,women,Neuropsychiatric,NoEvent,0.683730488564139,0.00148131664911764,0.00352840086501612,0.0191629550970009,0,0,0,6.6455305913574e-05,1.12760336020912e-11,0,0,0,0,0.280549463299625,0.000745392222985686,0.000841518628205778,0.00989400935672068,1.11408130841254e-114,3.1054969021249e-18
70-74,men,Cardiovascular,NoEvent,0.958328118077165,0.00505112727410468,0.00272972656393293,0.00740775960002291,0,0,0,6.6828613660825e-05,7.67564783429192e-05,0,0,0,0,0.0239113934927458,0.000297162701220135,0.000786422568561454,0.00134470463024314,6.01521467337531e-190,1.51662482686516e-30
75-79,men,Cardiovascular,NoEvent,0.941015202435083,0.00636076015039458,0.00331681828472933,0.00912357823996766,0,0,0,2.0682516628352e-99,0.000297993895246384,0,0,0,0,0.0364120761679839,0.000712317805812999,0.00101252135189938,0.00174873166888258,4.18874553087061e-190,1.61569672003627e-30
65-69,men,Cardiovascular,NoEvent,0.966151866541002,0.00381222041373534,0.00208378481019921,0.0060096492237134,0,0,0,2.40614678694027e-23,4.81536747900963e-05,0,0,0,0,0.0203345861522891,0.00018282063229824,0.000490274696694209,0.00088664385527791,4.87307071069276e-114,1.19243124309051e-37
80-84,men,Cardiovascular,NoEvent,0.909669003067085,0.00806749503347769,0.00414553203949119,0.0120090461321516,0,0,0,0.000176501033710031,0.000483564510632309,0,0,0,0,0.0593321858604566,0.00101194319873987,0.00164252652423903,0.00346220260001633,1.04793707194598e-30,3.62128192230691e-30
85-89,men,Cardiovascular,NoEvent,0.860044414825823,0.0100216372900318,0.00472417899688208,0.0132742520615403,0,0,0,0.000203071258559602,0.000481651317309926,0,0,0,0,0.101971547225953,0.00163594455426006,0.0023700088325832,0.00527329363705735,2.15451158601527e-168,4.96936649760525e-30
90-94,men,Cardiovascular,NoEvent,0.798419172641767,0.0111138822389681,0.00394319291844767,0.0137851266583606,0,0,0,0.000701663700811711,0.000269518572106082,0,0,0,0,0.160571993062621,0.00246053337542722,0.00239540541864399,0.0063395114128468,2.63085433943045e-30,5.80869477770854e-30
95-99,men,Cardiovascular,NoEvent,0.727818001740624,0.00558384913831062,0.00368149811504229,0.0124281203225364,0,0,0,0.00106281506600738,1.13381622812201e-10,0,0,0,0,0.237922297801289,0.00241011322104287,0.00100584229830668,0.00808746218345929,1.30688487836901e-119,3.19768250057896e-43
100-104,men,Cardiovascular,NoEvent,0.727818001740624,0.00558384913831062,0.00368149811504229,0.0124281203225364,0,0,0,0.00106281506600738,1.13381622812201e-10,0,0,0,0,0.237922297801289,0.00241011322104287,0.00100584229830668,0.00808746218345929,1.30688487836901e-119,3.19768250057896e-43
105-109,men,Cardiovascular,NoEvent,0.727818001740624,0.00558384913831062,0.00368149811504229,0.0124281203225364,0,0,0,0.00106281506600738,1.13381622812201e-10,0,0,0,0,0.237922297801289,0.00241011322104287,0.00100584229830668,0.00808746218345929,1.30688487836901e-119,3.19768250057896e-43
70-74,women,Cardiovascular,NoEvent,0.968198482780926,0.00157116218601285,0.00180031282619378,0.00711648191652344,0,0,0,9.5838567976888e-06,2.08936760216347e-05,0,0,0,0,0.0192326675274206,7.34443908555231e-05,0.000516326445179952,0.00146064439406876,4.4171944047722e-190,5.90510638205018e-31
75-79,women,Cardiovascular,NoEvent,0.954760868144107,0.00198728802951155,0.00219720004298028,0.00880364985700716,0,0,0,2.97920464543735e-100,8.14753571826782e-05,0,0,0,0,0.0294170535184969,0.000176830521057837,0.000667715844210358,0.00190791868544631,3.08957292099964e-190,6.31871109062715e-31
65-69,women,Cardiovascular,NoEvent,0.974026716395386,0.00118310297594248,0.0013711770482494,0.0057602247817171,0,0,0,3.44280020003541e-24,1.30779926387225e-05,0,0,0,0,0.0163185592793241,4.5081813705467e-05,0.000321158720003257,0.000960900993033456,3.57034293928965e-114,4.6322794292178e-38
80-84,women,Cardiovascular,NoEvent,0.929432225999449,0.00253885997677012,0.00276615455242604,0.0116722429722779,0,0,0,2.56089901604363e-05,0.000133174652302009,0,0,0,0,0.048282786063822,0.000253039201039825,0.00109105872982767,0.00380484886192545,7.78570460933781e-31,1.42652450892831e-30
85-89,women,Cardiovascular,NoEvent,0.88860248235817,0.00319012688702733,0.00318853908191043,0.0130504383898043,0,0,0,2.98031998370039e-05,0.000134174238280293,0,0,0,0,0.0839363765327402,0.000413779991732966,0.00159241014609759,0.00586186917440008,1.61912652101348e-168,1.9801001795325e-30
90-94,women,Cardiovascular,NoEvent,0.836350761037761,0.00358753094000305,0.00269882057679781,0.0137431532353309,0,0,0,0.000104424891247508,7.61352311498662e-05,0,0,0,0,0.134029869161997,0.000631089208648445,0.00163209181433565,0.00714612390272936,2.00488443227277e-30,2.34706587787308e-30
95-99,women,Cardiovascular,NoEvent,0.771515634650475,0.00182319341353794,0.00254870618284672,0.0125328626403472,0,0,0,0.00015999334803599,3.2397302030539e-11,0,0,0,0,0.200879742824494,0.000625270790809968,0.000693209740346841,0.00922138637670903,1.00739334038694e-119,1.30692680574172e-43
100-104,women,Cardiovascular,NoEvent,0.771515634650475,0.00182319341353794,0.00254870618284672,0.0125328626403472,0,0,0,0.00015999334803599,3.2397302030539e-11,0,0,0,0,0.200879742824494,0.000625270790809968,0.000693209740346841,0.00922138637670903,1.00739334038694e-119,1.30692680574172e-43
105-109,women,Cardiovascular,NoEvent,0.771515634650475,0.00182319341353794,0.00254870618284672,0.0125328626403472,0,0,0,0.00015999334803599,3.2397302030539e-11,0,0,0,0,0.200879742824494,0.000625270790809968,0.000693209740346841,0.00922138637670903,1.00739334038694e-119,1.30692680574172e-43
70-74,men,Eye,NoEvent,0.964225347356296,0.00484863419684676,0.00276407114929839,0.00720036499827397,0,0,0,7.69576721014898e-06,5.97264860881017e-05,0,0,0,0,0.0188543058490999,0.000264713182450435,0.000752233517669091,0.000989478047192346,2.08232705475159e-164,3.34294495746267e-05
75-79,men,Eye,NoEvent,0.949647688502171,0.00612417544443341,0.00336867603060651,0.00889488481348751,0,0,0,2.38891307862648e-100,0.000232577011923795,0,0,0,0,0.0287977528106801,0.00063644747521482,0.00097142303665797,0.00129065430290028,1.45441814349232e-164,3.57205719247569e-05
65-69,men,Eye,NoEvent,0.971064860552043,0.00365543545593302,0.00210772015565049,0.00583507932458755,0,0,0,2.76784392426143e-24,3.74292709521028e-05,0,0,0,0,0.0160166250319114,0.00016268087037318,0.000468453190164643,0.00065171614575923,1.68511883410635e-88,2.62551449444537e-12
80-84,men,Eye,NoEvent,0.92339006134309,0.00781329100728363,0.00423520593550714,0.0117771533484654,0,0,0,2.05069422446444e-05,0.000379638744502551,0,0,0,0,0.0472019776192323,0.000909497673336434,0.00158516067056593,0.00257037167004382,3.66013580374652e-05,8.05336876904974e-05
85-89,men,Eye,NoEvent,0.881943182523135,0.00980536067685041,0.00487584847354545,0.0131513845390543,0,0,0,2.38359087961511e-05,0.000382013279858316,0,0,0,0,0.0819555661302826,0.0014854007418923,0.00231068348926386,0.00395507754093861,7.60221991628857e-143,0.000111646696382969
90-94,men,Eye,NoEvent,0.830155060852344,0.0110263675335458,0.00412680228337453,0.0138488578643926,0,0,0,8.35129923491516e-05,0.000216758524465671,0,0,0,0,0.130861237972758,0.00226540626502415,0.00236816143834592,0.0048213717192293,9.41304595860567e-05,0.000132332094585605
95-99,men,Eye,NoEvent,0.770603392618445,0.00564140325940563,0.00392353033453054,0.0127143874491403,0,0,0,0.000128815917993445,9.28574926952573e-11,0,0,0,0,0.197452741174873,0.00225964948669928,0.00101262575171333,0.00626345391434147,4.76165037140514e-94,7.41837469663903e-18
100-104,men,Eye,NoEvent,0.770603392618445,0.00564140325940563,0.00392353033453054,0.0127143874491403,0,0,0,0.000128815917993445,9.28574926952573e-11,0,0,0,0,0.197452741174873,0.00225964948669928,0.00101262575171333,0.00626345391434147,4.76165037140514e-94,7.41837469663903e-18
105-109,men,Eye,NoEvent,0.770603392618445,0.00564140325940563,0.00392353033453054,0.0127143874491403,0,0,0,0.000128815917993445,9.28574926952573e-11,0,0,0,0,0.197452741174873,0.00225964948669928,0.00101262575171333,0.00626345391434147,4.76165037140514e-94,7.41837469663903e-18
70-74,women,Eye,NoEvent,0.972956136721038,0.00150627773936655,0.00182066892021723,0.00690853422434316,0,0,0,1.10225662383463e-06,1.62375204552116e-05,0,0,0,0,0.0151460057254807,6.53420621144081e-05,0.000493257858158917,0.001073437320336,1.52720471102576e-164,1.29996518664015e-05
75-79,women,Eye,NoEvent,0.961792087022937,0.0019098832013882,0.00222748380135951,0.00856732569045937,0,0,0,3.43482559584697e-101,6.34735926795168e-05,0,0,0,0,0.0232230745193425,0.000157707875810429,0.00063944512064531,0.00140557494827746,1.07080685877121e-164,1.39442271003212e-05
65-69,women,Eye,NoEvent,0.977991481642274,0.00113328277499842,0.001385505453478,0.00558716755770221,0,0,0,3.95626999601235e-25,1.01549466216199e-05,0,0,0,0,0.0128402094325012,4.00744235895502e-05,0.000306549818433924,0.000705573949382444,1.23336714738603e-88,1.01889738238041e-12
80-84,women,Eye,NoEvent,0.940758228965423,0.00245169802914265,0.00281775762437836,0.0114135060019381,0,0,0,2.96673697028189e-06,0.000104248692196279,0,0,0,0,0.0382996763282522,0.000226759870101234,0.001049885556176,0.00281652618541174,2.71139538867361e-05,3.16320561236712e-05
85-89,women,Eye,NoEvent,0.907143426411638,0.00310706167512403,0.00327591499896353,0.0128707407011119,0,0,0,3.48227586837317e-06,0.000105933146045204,0,0,0,0,0.0671531959874552,0.000373991357705954,0.00154547668065126,0.0043764925417183,5.68708088575422e-143,4.42842237176801e-05
90-94,women,Eye,NoEvent,0.863699406611116,0.00353468792380611,0.00280497113816986,0.0137112905324186,0,0,0,1.23429171622433e-05,6.08081662285035e-05,0,0,0,0,0.108475476715839,0.000577027269981792,0.00160238035264315,0.00539726966371988,7.12379587106489e-05,5.31007502037694e-05
95-99,women,Eye,NoEvent,0.809281676177991,0.00182459674573878,0.00269062323669907,0.0127005040144733,0,0,0,1.92085437472996e-05,2.62823268934939e-11,0,0,0,0,0.165137174397598,0.000580700844063863,0.000691296587221249,0.00707421942618515,3.63579953867639e-94,3.00334604662487e-18
100-104,women,Eye,NoEvent,0.809281676177991,0.00182459674573878,0.00269062323669907,0.0127005040144733,0,0,0,1.92085437472996e-05,2.62823268934939e-11,0,0,0,0,0.165137174397598,0.000580700844063863,0.000691296587221249,0.00707421942618515,3.63579953867639e-94,3.00334604662487e-18
105-109,women,Eye,NoEvent,0.809281676177991,0.00182459674573878,0.00269062323669907,0.0127005040144733,0,0,0,1.92085437472996e-05,2.62823268934939e-11,0,0,0,0,0.165137174397598,0.000580700844063863,0.000691296587221249,0.00707421942618515,3.63579953867639e-94,3.00334604662487e-18
70-74,men,MSK,NoEvent,0.97362412191223,0.0033554388465092,0.00252165312052731,0.00664850550849309,0,0,0,6.58808366911643e-05,2.53044941232646e-05,0,0,0,0,0.0125885071873002,0.000121485539092768,0.000439698315699486,0.000576043379288758,4.3536848930543e-192,3.33608600448828e-05
75-79,men,MSK,NoEvent,0.963330607828572,0.00425812328904723,0.00308770693458004,0.00825183526390689,0,0,0,2.05469910619168e-99,9.90006809061216e-05,0,0,0,0,0.0193180365751959,0.00029346227768229,0.000570494181935567,0.000754917789986056,3.05518866982346e-192,3.5815178187988e-05
65-69,men,MSK,NoEvent,0.978761627146387,0.00252498419679513,0.00191928165296505,0.00537781578639105,0,0,0,2.36503960251793e-23,1.58282062035944e-05,0,0,0,0,0.0106739294791169,7.45203935289403e-05,0.000273311533351892,0.000378701602645283,3.51664249796323e-116,2.61524312448794e-12
80-84,men,MSK,NoEvent,0.944365603277398,0.00547763197168166,0.00391416925356392,0.0110163770709412,0,0,0,0.000177843105734708,0.000162940920458246,0,0,0,0,0.0319266110065438,0.000422843394078278,0.000938651442174925,0.00151591166153834,7.75236464881264e-33,8.14168958868362e-05
85-89,men,MSK,NoEvent,0.914804617317693,0.00697280939407547,0.00457088863037854,0.0124782967588353,0,0,0,0.000209678167009231,0.0001663119547193,0,0,0,0,0.0562284939773545,0.000700498105272079,0.00138789590720258,0.00236601961706397,1.63328807916426e-170,0.00011449017039628
90-94,men,MSK,NoEvent,0.876816833879938,0.0079844472750462,0.00393941989579864,0.0133803034814544,0,0,0,0.000748072541701746,9.6092472049051e-05,0,0,0,0,0.0914233632553617,0.00108787149736354,0.00144842466430428,0.00293698769749222,2.05930519598317e-32,0.000138183339490368
95-99,men,MSK,NoEvent,0.831711456020511,0.0041732028710956,0.00382618166150031,0.0125492394749319,0,0,0,0.00117877023539105,4.20533010575916e-11,0,0,0,0,0.140922161577066,0.00110851745921765,0.00063270830257008,0.00389776235566394,1.06418712253208e-121,7.91351121643679e-18
100-104,men,MSK,NoEvent,0.831711456020511,0.0041732028710956,0.00382618166150031,0.0125492394749319,0,0,0,0.00117877023539105,4.20533010575916e-11,0,0,0,0,0.140922161577066,0.00110851745921765,0.00063270830257008,0.00389776235566394,1.06418712253208e-121,7.91351121643679e-18
105-109,men,MSK,NoEvent,0.831711456020511,0.0041732028710956,0.00382618166150031,0.0125492394749319,0,0,0,0.00117877023539105,4.20533010575916e-11,0,0,0,0,0.140922161577066,0.00110851745921765,0.00063270830257008,0.00389776235566394,1.06418712253208e-121,7.91351121643679e-18
70-74,women,MSK,NoEvent,0.979887548167438,0.00103955461621052,0.00165645427022966,0.00636162081917481,0,0,0,9.41027351544999e-06,6.86061031010927e-06,0,0,0,0,0.0100849592216347,2.99057155055187e-05,0.000287533519075836,0.000623215235757066,3.18432694415501e-192,1.29375511482378e-05
75-79,women,MSK,NoEvent,0.971906028975212,0.00132259586779388,0.00203348571506547,0.00791599010457195,0,0,0,2.94240411412081e-100,2.69100323786213e-05,0,0,0,0,0.0155157882814967,7.24257235923966e-05,0.000374020876737971,0.000818829496881967,2.24031785481785e-192,1.39249262690705e-05
65-69,women,MSK,NoEvent,0.983673690114978,0.000781088051352534,0.00125885632036858,0.00513798716696448,0,0,0,3.37306651036442e-24,4.28489454854138e-06,0,0,0,0,0.00853822490314452,1.83167365407984e-05,0.000178457573306922,0.000409094237783422,2.56822001181241e-116,1.01267539332255e-12
80-84,women,MSK,NoEvent,0.956852845003066,0.00170898185519408,0.00258928780643688,0.0106152238829828,0,0,0,2.55815463642393e-05,4.44878969702211e-05,0,0,0,0,0.0257572417389454,0.000104822806038016,0.000618136869239181,0.0016515943376078,5.71007049621366e-33,3.17962571554575e-05
85-89,women,MSK,NoEvent,0.933166787327064,0.00219058593611824,0.00304473335050309,0.0121074748294969,0,0,0,3.03704250565631e-05,4.57238802252955e-05,0,0,0,0,0.0456784000919817,0.000174860250234981,0.000920333204197124,0.00259570738045377,1.211373222617e-170,4.5023324668417e-05
90-94,women,MSK,NoEvent,0.902120706207915,0.0025304081142222,0.00264712293685399,0.0130965661728653,0,0,0,0.000109303630110903,2.66503053406534e-05,0,0,0,0,0.0749212197498019,0.000273939678399955,0.000968896350724051,0.00325036947602605,1.54073910386825e-32,5.4817377739928e-05
95-99,women,MSK,NoEvent,0.862156097782133,0.00133216143184972,0.00258969767788989,0.0123723024769397,0,0,0,0.000173484898782486,1.17477463189046e-11,0,0,0,0,0.11632380127073,0.000281165173190754,0.000426311046742225,0.00434497822999464,8.01988301714653e-122,3.16208426552737e-18
100-104,women,MSK,NoEvent,0.862156097782133,0.00133216143184972,0.00258969767788989,0.0123723024769397,0,0,0,0.000173484898782486,1.17477463189046e-11,0,0,0,0,0.11632380127073,0.000281165173190754,0.000426311046742225,0.00434497822999464,8.01988301714653e-122,3.16208426552737e-18
105-109,women,MSK,NoEvent,0.862156097782133,0.00133216143184972,0.00258969767788989,0.0123723024769397,0,0,0,0.000173484898782486,1.17477463189046e-11,0,0,0,0,0.11632380127073,0.000281165173190754,0.000426311046742225,0.00434497822999464,8.01988301714653e-122,3.16208426552737e-18
70-74,men,Metabolic,NoEvent,0.963523480807697,0.00448439274335311,0.00265088378592929,0.00772469509197442,0,0,0,2.35217517299542e-05,4.79460914105666e-05,0,0,0,0,0.0196202351320098,0.000203209911353053,0.000738509001896695,0.000968689611948683,9.37240538066336e-222,1.44360706976326e-05
75-79,men,Metabolic,NoEvent,0.948700559701467,0.00566261369765626,0.00322987568973829,0.00954008518942505,0,0,0,7.29966917341168e-100,0.000186654352519361,0,0,0,0,0.029959692387269,0.000488446470241458,0.000953447098589905,0.00126320403203558,6.54450037566947e-222,1.54213810582678e-05
65-69,men,Metabolic,NoEvent,0.970415877896972,0.00338103055675372,0.00202152992382814,0.0062603606539279,0,0,0,8.4602869130818e-24,3.00485394567291e-05,0,0,0,0,0.016668266025757,0.000124891119722105,0.000459933526787184,0.000638061755661736,7.58504934485223e-146,1.13386134418915e-12
80-84,men,Metabolic,NoEvent,0.921857751673586,0.00721958064642574,0.00405797862052435,0.012622951543115,0,0,0,6.26199042075132e-05,0.000304474218325372,0,0,0,0,0.049073564638359,0.000697532842492078,0.0015547843212242,0.00251401668808932,1.64586069378595e-62,3.47449036514376e-05
85-89,men,Metabolic,NoEvent,0.87941112757865,0.00904935480787645,0.00466618006272776,0.0140788808226693,0,0,0,7.26974666244681e-05,0.00030600923084342,0,0,0,0,0.0851024252536292,0.00113784413648076,0.00226367146434768,0.00386369916323636,3.41438408827429e-200,4.8110012914814e-05
90-94,men,Metabolic,NoEvent,0.826238212142995,0.0101571689787117,0.00394195012678148,0.0147977874231897,0,0,0,0.000254230573365307,0.00017330792512452,0,0,0,0,0.13563153494447,0.00173209379792936,0.00231563662624238,0.00470116059850265,4.21976527864923e-62,5.69168626881204e-05
95-99,men,Metabolic,NoEvent,0.764407327220123,0.00517899636763785,0.0037350182303614,0.013539309497877,0,0,0,0.000390806260880373,7.39907514016296e-11,0,0,0,0,0.203953455402195,0.00172180765681671,0.000986793592290515,0.00608648569782742,2.12732511351239e-151,3.17982178368571e-18
100-104,men,Metabolic,NoEvent,0.764407327220123,0.00517899636763785,0.0037350182303614,0.013539309497877,0,0,0,0.000390806260880373,7.39907514016296e-11,0,0,0,0,0.203953455402195,0.00172180765681671,0.000986793592290515,0.00608648569782742,2.12732511351239e-151,3.17982178368571e-18
105-109,men,Metabolic,NoEvent,0.764407327220123,0.00517899636763785,0.0037350182303614,0.013539309497877,0,0,0,0.000390806260880373,7.39907514016296e-11,0,0,0,0,0.203953455402195,0.00172180765681671,0.000986793592290515,0.00608648569782742,2.12732511351239e-151,3.17982178368571e-18
70-74,women,Metabolic,NoEvent,0.972086015994749,0.0013928491176362,0.00174577087614227,0.00741015925877181,0,0,0,3.36833479358843e-06,1.30322904446591e-05,0,0,0,0,0.0157581986577823,5.01506940649486e-05,0.000484163359892376,0.00105067878730375,6.87249088617011e-222,5.61262841882195e-06
75-79,women,Metabolic,NoEvent,0.960580260074496,0.00176540131460442,0.00213505192282128,0.00918595951234614,0,0,0,1.04924001724413e-100,5.09250824736285e-05,0,0,0,0,0.0241527058128159,0.000120997142825409,0.000627420647307628,0.00137526029001677,4.81687840225219e-222,6.0182002928397e-06
65-69,women,Metabolic,NoEvent,0.977238110498805,0.00104807869483292,0.00132868213113778,0.00599362978447651,0,0,0,1.20913570527082e-24,8.15145759214675e-06,0,0,0,0,0.0133609442341869,3.07615337642264e-05,0.000300936981153321,0.00069070468361121,5.55093169193108e-146,4.39968521326038e-13
80-84,women,Metabolic,NoEvent,0.938938547725692,0.00226465737659554,0.00269895977447711,0.0122291764937592,0,0,0,9.05624348802807e-06,8.35811163298851e-05,0,0,0,0,0.03980522389445,0.000173854855369712,0.0010294289586733,0.00275387091849113,1.21883883508217e-62,1.36426426737487e-05
85-89,women,Metabolic,NoEvent,0.904325907854772,0.0028666330169039,0.00313409458425352,0.0137742632383624,0,0,0,1.06174180199831e-05,8.4831299235493e-05,0,0,0,0,0.0697105244704059,0.000286397278826121,0.00151357370039885,0.00427408028226748,2.55346277908816e-200,1.90768565539257e-05
90-94,women,Metabolic,NoEvent,0.859614554261272,0.00325581444620734,0.00267913264690333,0.014649726473726,0,0,0,3.7571618383962e-05,4.86152473844906e-05,0,0,0,0,0.112421551885801,0.000441153779208517,0.00156672608004284,0.0052623162598635,3.19328689110046e-62,2.28373012067574e-05
95-99,women,Metabolic,NoEvent,0.803452555918199,0.00167643779360045,0.00256348443907703,0.0135358058408777,0,0,0,5.83241618783501e-05,2.09597637593596e-11,0,0,0,0,0.170716239374332,0.000442851480126682,0.000674223447319624,0.00688007752362953,1.62569241430498e-151,1.2884319186471e-18
100-104,women,Metabolic,NoEvent,0.803452555918199,0.00167643779360045,0.00256348443907703,0.0135358058408777,0,0,0,5.83241618783501e-05,2.09597637593596e-11,0,0,0,0,0.170716239374332,0.000442851480126682,0.000674223447319624,0.00688007752362953,1.62569241430498e-151,1.2884319186471e-18
105-109,women,Metabolic,NoEvent,0.803452555918199,0.00167643779360045,0.00256348443907703,0.0135358058408777,0,0,0,5.83241618783501e-05,2.09597637593596e-11,0,0,0,0,0.170716239374332,0.000442851480126682,0.000674223447319624,0.00688007752362953,1.62569241430498e-151,1.2884319186471e-18
70-74,men,Unspecified,AHS_AB,0,0,0,0,0,0,0,0,0,0,0,0,0.762879334559513,0.237120665440487,0,0,0,0,0
75-79,men,Unspecified,AHS_AB,0,0,0,0,0,0,0,0,0,0,0,0,0.913671245510322,0.086328754489678,0,0,0,0,0
65-69,men,Unspecified,AHS_AB,0,0,0,0,0,0,0,0,0,0,0,0,0.86604087413039,0.13395912586961,0,0,0,0,0
80-84,men,Unspecified,AHS_AB,0,0,0,0,0,0,0,0,0,0,0,0,0.957089867430848,0.0429101325691523,0,0,0,0,0
85-89,men,Unspecified,AHS_AB,0,0,0,0,0,0,0,0,0,0,0,0,0.72940088567851,0.27059911432149,0,0,0,0,0
90-94,men,Unspecified,AHS_AB,0,0,0,0,0,0,0,0,0,0,0,0,0.507261087223922,0.492738912776078,0,0,0,0,0
95-99,men,Unspecified,AHS_AB,0,0,0,0,0,0,0,0,0,0,0,0,0.824932612301518,0.175067387698482,0,0,0,0,0
100-104,men,Unspecified,AHS_AB,0,0,0,0,0,0,0,0,0,0,0,0,0.824932612301518,0.175067387698482,0,0,0,0,0
105-109,men,Unspecified,AHS_AB,0,0,0,0,0,0,0,0,0,0,0,0,0.824932612301518,0.175067387698482,0,0,0,0,0
70-74,women,Unspecified,AHS_AB,0,0,0,0,0,0,0,0,0,0,0,0,0.747110757268119,0.252889242731881,0,0,0,0,0
75-79,women,Unspecified,AHS_AB,0,0,0,0,0,0,0,0,0,0,0,0,0.906704031698746,0.0932959683012536,0,0,0,0,0
65-69,women,Unspecified,AHS_AB,0,0,0,0,0,0,0,0,0,0,0,0,0.855836155117963,0.144163844882037,0,0,0,0,0
80-84,women,Unspecified,AHS_AB,0,0,0,0,0,0,0,0,0,0,0,0,0.965321786678189,0.0346782133218106,0,0,0,0,0
85-89,women,Unspecified,AHS_AB,0,0,0,0,0,0,0,0,0,0,0,0,0.712245742419105,0.287754257580895,0,0,0,0,0
90-94,women,Unspecified,AHS_AB,0,0,0,0,0,0,0,0,0,0,0,0,0.485948074556678,0.514051925443322,0,0,0,0,0
95-99,women,Unspecified,AHS_AB,0,0,0,0,0,0,0,0,0,0,0,0,0.854257574218131,0.145742425781869,0,0,0,0,0
100-104,women,Unspecified,AHS_AB,0,0,0,0,0,0,0,0,0,0,0,0,0.854257574218131,0.145742425781869,0,0,0,0,0
105-109,women,Unspecified,AHS_AB,0,0,0,0,0,0,0,0,0,0,0,0,0.854257574218131,0.145742425781869,0,0,0,0,0
70-74,men,Complex,AHS_AB,0,0,0,0,0,0,0,0,0,0,0,0,0.371517583141543,0.628482416858457,0,0,0,0,0
75-79,men,Complex,AHS_AB,0,0,0,0,0,0,0,0,0,0,0,0,0.660397363522598,0.339602636477402,0,0,0,0,0
65-69,men,Complex,AHS_AB,0,0,0,0,0,0,0,0,0,0,0,0,0.542932718578147,0.457067281421853,0,0,0,0,0
80-84,men,Complex,AHS_AB,0,0,0,0,0,0,0,0,0,0,0,0,0.85146857449636,0.14853142550364,0,0,0,0,0
85-89,men,Complex,AHS_AB,0,0,0,0,0,0,0,0,0,0,0,0,0.33122328225538,0.66877671774462,0,0,0,0,0
90-94,men,Complex,AHS_AB,0,0,0,0,0,0,0,0,0,0,0,0,0.159065702639835,0.840934297360165,0,0,0,0,0
95-99,men,Complex,AHS_AB,0,0,0,0,0,0,0,0,0,0,0,0,0.614136581149334,0.385863418850666,0,0,0,0,0
100-104,men,Complex,AHS_AB,0,0,0,0,0,0,0,0,0,0,0,0,0.614136581149334,0.385863418850666,0,0,0,0,0
105-109,men,Complex,AHS_AB,0,0,0,0,0,0,0,0,0,0,0,0,0.614136581149334,0.385863418850666,0,0,0,0,0
70-74,women,Complex,AHS_AB,0,0,0,0,0,0,0,0,0,0,0,0,0.351835506707859,0.648164493292141,0,0,0,0,0
75-79,women,Complex,AHS_AB,0,0,0,0,0,0,0,0,0,0,0,0,0.641020603598173,0.358979396401828,0,0,0,0,0
65-69,women,Complex,AHS_AB,0,0,0,0,0,0,0,0,0,0,0,0,0.521707821254049,0.478292178745951,0,0,0,0,0
80-84,women,Complex,AHS_AB,0,0,0,0,0,0,0,0,0,0,0,0,0.840358396689839,0.159641603310161,0,0,0,0,0
85-89,women,Complex,AHS_AB,0,0,0,0,0,0,0,0,0,0,0,0,0.312614078363279,0.687385921636721,0,0,0,0,0
90-94,women,Complex,AHS_AB,0,0,0,0,0,0,0,0,0,0,0,0,0.147988546281586,0.852011453718414,0,0,0,0,0
95-99,women,Complex,AHS_AB,0,0,0,0,0,0,0,0,0,0,0,0,0.663855412766926,0.336144587233074,0,0,0,0,0
100-104,women,Complex,AHS_AB,0,0,0,0,0,0,0,0,0,0,0,0,0.663855412766926,0.336144587233074,0,0,0,0,0
105-109,women,Complex,AHS_AB,0,0,0,0,0,0,0,0,0,0,0,0,0.663855412766926,0.336144587233074,0,0,0,0,0
70-74,men,Neuropsychiatric,AHS_AB,0,0,0,0,0,0,0,0,0,0,0,0,0.828062366728605,0.171937633271395,0,0,0,0,0
75-79,men,Neuropsychiatric,AHS_AB,0,0,0,0,0,0,0,0,0,0,0,0,0.939870374620428,0.0601296253795716,0,0,0,0,0
65-69,men,Neuropsychiatric,AHS_AB,0,0,0,0,0,0,0,0,0,0,0,0,0.906346791771382,0.0936532082286181,0,0,0,0,0
80-84,men,Neuropsychiatric,AHS_AB,0,0,0,0,0,0,0,0,0,0,0,0,0.903028903344712,0.0969710966552878,0,0,0,0,0
85-89,men,Neuropsychiatric,AHS_AB,0,0,0,0,0,0,0,0,0,0,0,0,0.801391013614842,0.198608986385158,0,0,0,0,0
90-94,men,Neuropsychiatric,AHS_AB,0,0,0,0,0,0,0,0,0,0,0,0,0.606463882384546,0.393536117615454,0,0,0,0,0
95-99,men,Neuropsychiatric,AHS_AB,0,0,0,0,0,0,0,0,0,0,0,0,0.661436453365362,0.338563546634638,0,0,0,0,0
100-104,men,Neuropsychiatric,AHS_AB,0,0,0,0,0,0,0,0,0,0,0,0,0.661436453365362,0.338563546634638,0,0,0,0,0
105-109,men,Neuropsychiatric,AHS_AB,0,0,0,0,0,0,0,0,0,0,0,0,0.661436453365362,0.338563546634638,0,0,0,0,0
70-74,women,Neuropsychiatric,AHS_AB,0,0,0,0,0,0,0,0,0,0,0,0,0.815580603232387,0.184419396767613,0,0,0,0,0
75-79,women,Neuropsychiatric,AHS_AB,0,0,0,0,0,0,0,0,0,0,0,0,0.935683743836425,0.0643162561635753,0,0,0,0,0
65-69,women,Neuropsychiatric,AHS_AB,0,0,0,0,0,0,0,0,0,0,0,0,0.898853892756825,0.101146107243175,0,0,0,0,0
80-84,women,Neuropsychiatric,AHS_AB,0,0,0,0,0,0,0,0,0,0,0,0,0.920495975000872,0.0795040249991282,0,0,0,0,0
85-89,women,Neuropsychiatric,AHS_AB,0,0,0,0,0,0,0,0,0,0,0,0,0.787469994619824,0.212530005380176,0,0,0,0,0
90-94,women,Neuropsychiatric,AHS_AB,0,0,0,0,0,0,0,0,0,0,0,0,0.585939253794757,0.414060746205243,0,0,0,0,0
95-99,women,Neuropsychiatric,AHS_AB,0,0,0,0,0,0,0,0,0,0,0,0,0.707969616492463,0.292030383507537,0,0,0,0,0
100-104,women,Neuropsychiatric,AHS_AB,0,0,0,0,0,0,0,0,0,0,0,0,0.707969616492463,0.292030383507537,0,0,0,0,0
105-109,women,Neuropsychiatric,AHS_AB,0,0,0,0,0,0,0,0,0,0,0,0,0.707969616492463,0.292030383507537,0,0,0,0,0
70-74,men,Cardiovascular,AHS_AB,0,0,0,0,0,0,0,0,0,0,0,0,0.108162796085797,0.891837203914203,0,0,0,0,0
75-79,men,Cardiovascular,AHS_AB,0,0,0,0,0,0,0,0,0,0,0,0,0.285188443062235,0.714811556937765,0,0,0,0,0
65-69,men,Cardiovascular,AHS_AB,0,0,0,0,0,0,0,0,0,0,0,0,0.195953536352898,0.804046463647102,0,0,0,0,0
80-84,men,Cardiovascular,AHS_AB,0,0,0,0,0,0,0,0,0,0,0,0,0.540469216906149,0.459530783093851,0,0,0,0,0
85-89,men,Cardiovascular,AHS_AB,0,0,0,0,0,0,0,0,0,0,0,0,0.0922395252761244,0.907760474723876,0,0,0,0,0
90-94,men,Cardiovascular,AHS_AB,0,0,0,0,0,0,0,0,0,0,0,0,0.0373581449247278,0.962641855075272,0,0,0,0,0
95-99,men,Cardiovascular,AHS_AB,0,0,0,0,0,0,0,0,0,0,0,0,0.750574284495902,0.249425715504098,0,0,0,0,0
100-104,men,Cardiovascular,AHS_AB,0,0,0,0,0,0,0,0,0,0,0,0,0.750574284495902,0.249425715504098,0,0,0,0,0
105-109,men,Cardiovascular,AHS_AB,0,0,0,0,0,0,0,0,0,0,0,0,0.750574284495902,0.249425715504098,0,0,0,0,0
70-74,women,Cardiovascular,AHS_AB,0,0,0,0,0,0,0,0,0,0,0,0,0.100208050146518,0.899791949853482,0,0,0,0,0
75-79,women,Cardiovascular,AHS_AB,0,0,0,0,0,0,0,0,0,0,0,0,0.26812868158755,0.73187131841245,0,0,0,0,0
65-69,women,Cardiovascular,AHS_AB,0,0,0,0,0,0,0,0,0,0,0,0,0.182866159541207,0.817133840458793,0,0,0,0,0
80-84,women,Cardiovascular,AHS_AB,0,0,0,0,0,0,0,0,0,0,0,0,0.51923122140539,0.48076877859461,0,0,0,0,0
85-89,women,Cardiovascular,AHS_AB,0,0,0,0,0,0,0,0,0,0,0,0,0.085343779275141,0.914656220724859,0,0,0,0,0
90-94,women,Cardiovascular,AHS_AB,0,0,0,0,0,0,0,0,0,0,0,0,0.0344097580074512,0.965590241992549,0,0,0,0,0
95-99,women,Cardiovascular,AHS_AB,0,0,0,0,0,0,0,0,0,0,0,0,0.78858039026764,0.21141960973236,0,0,0,0,0
100-104,women,Cardiovascular,AHS_AB,0,0,0,0,0,0,0,0,0,0,0,0,0.78858039026764,0.21141960973236,0,0,0,0,0
105-109,women,Cardiovascular,AHS_AB,0,0,0,0,0,0,0,0,0,0,0,0,0.78858039026764,0.21141960973236,0,0,0,0,0
70-74,men,Eye,AHS_AB,0,0,0,0,0,0,0,0,0,0,0,0,0.764228243196408,0.235771756803592,0,0,0,0,0
75-79,men,Eye,AHS_AB,0,0,0,0,0,0,0,0,0,0,0,0,0.914258754680288,0.0857412453197122,0,0,0,0,0
65-69,men,Eye,AHS_AB,0,0,0,0,0,0,0,0,0,0,0,0,0.86690531246104,0.13309468753896,0,0,0,0,0
80-84,men,Eye,AHS_AB,0,0,0,0,0,0,0,0,0,0,0,0,0.947615857321093,0.0523841426789065,0,0,0,0,0
85-89,men,Eye,AHS_AB,0,0,0,0,0,0,0,0,0,0,0,0,0.73087305705618,0.26912694294382,0,0,0,0,0
90-94,men,Eye,AHS_AB,0,0,0,0,0,0,0,0,0,0,0,0,0.509128474064961,0.490871525935039,0,0,0,0,0
95-99,men,Eye,AHS_AB,0,0,0,0,0,0,0,0,0,0,0,0,0.793011529672373,0.206988470327627,0,0,0,0,0
100-104,men,Eye,AHS_AB,0,0,0,0,0,0,0,0,0,0,0,0,0.793011529672373,0.206988470327627,0,0,0,0,0
105-109,men,Eye,AHS_AB,0,0,0,0,0,0,0,0,0,0,0,0,0.793011529672373,0.206988470327627,0,0,0,0,0
70-74,women,Eye,AHS_AB,0,0,0,0,0,0,0,0,0,0,0,0,0.748519798476799,0.251480201523202,0,0,0,0,0
75-79,women,Eye,AHS_AB,0,0,0,0,0,0,0,0,0,0,0,0,0.907334147222116,0.092665852777884,0,0,0,0,0
65-69,women,Eye,AHS_AB,0,0,0,0,0,0,0,0,0,0,0,0,0.856755552644404,0.143244447355596,0,0,0,0,0
80-84,women,Eye,AHS_AB,0,0,0,0,0,0,0,0,0,0,0,0,0.957548406050048,0.0424515939499516,0,0,0,0,0
85-89,women,Eye,AHS_AB,0,0,0,0,0,0,0,0,0,0,0,0,0.713774620684379,0.286225379315621,0,0,0,0,0
90-94,women,Eye,AHS_AB,0,0,0,0,0,0,0,0,0,0,0,0,0.487814677301172,0.512185322698828,0,0,0,0,0
95-99,women,Eye,AHS_AB,0,0,0,0,0,0,0,0,0,0,0,0,0.826516608744932,0.173483391255068,0,0,0,0,0
100-104,women,Eye,AHS_AB,0,0,0,0,0,0,0,0,0,0,0,0,0.826516608744932,0.173483391255068,0,0,0,0,0
105-109,women,Eye,AHS_AB,0,0,0,0,0,0,0,0,0,0,0,0,0.826516608744932,0.173483391255068,0,0,0,0,0
70-74,men,MSK,AHS_AB,0,0,0,0,0,0,0,0,0,0,0,0,0.825130958501376,0.174869041498624,0,0,0,0,0
75-79,men,MSK,AHS_AB,0,0,0,0,0,0,0,0,0,0,0,0,0.93947598973193,0.0605240102680697,0,0,0,0,0
65-69,men,MSK,AHS_AB,0,0,0,0,0,0,0,0,0,0,0,0,0.904596300527309,0.0954036994726912,0,0,0,0,0
80-84,men,MSK,AHS_AB,0,0,0,0,0,0,0,0,0,0,0,0,0.965114565599778,0.0348854344002221,0,0,0,0,0
85-89,men,MSK,AHS_AB,0,0,0,0,0,0,0,0,0,0,0,0,0.798115742551623,0.201884257448377,0,0,0,0,0
90-94,men,MSK,AHS_AB,0,0,0,0,0,0,0,0,0,0,0,0,0.601572238203836,0.398427761796165,0,0,0,0,0
95-99,men,MSK,AHS_AB,0,0,0,0,0,0,0,0,0,0,0,0,0.853438850305483,0.146561149694517,0,0,0,0,0
100-104,men,MSK,AHS_AB,0,0,0,0,0,0,0,0,0,0,0,0,0.853438850305483,0.146561149694517,0,0,0,0,0
105-109,men,MSK,AHS_AB,0,0,0,0,0,0,0,0,0,0,0,0,0.853438850305483,0.146561149694517,0,0,0,0,0
70-74,women,MSK,AHS_AB,0,0,0,0,0,0,0,0,0,0,0,0,0.812484580073786,0.187515419926214,0,0,0,0,0
75-79,women,MSK,AHS_AB,0,0,0,0,0,0,0,0,0,0,0,0,0.934441932696728,0.0655580673032721,0,0,0,0,0
65-69,women,MSK,AHS_AB,0,0,0,0,0,0,0,0,0,0,0,0,0.896979269265622,0.103020730734378,0,0,0,0,0
80-84,women,MSK,AHS_AB,0,0,0,0,0,0,0,0,0,0,0,0,0.971836407991014,0.0281635920089859,0,0,0,0,0
85-89,women,MSK,AHS_AB,0,0,0,0,0,0,0,0,0,0,0,0,0.784027020488453,0.215972979511547,0,0,0,0,0
90-94,women,MSK,AHS_AB,0,0,0,0,0,0,0,0,0,0,0,0,0.580968762489331,0.419031237510669,0,0,0,0,0
95-99,women,MSK,AHS_AB,0,0,0,0,0,0,0,0,0,0,0,0,0.878623744279343,0.121376255720657,0,0,0,0,0
100-104,women,MSK,AHS_AB,0,0,0,0,0,0,0,0,0,0,0,0,0.878623744279343,0.121376255720657,0,0,0,0,0
105-109,women,MSK,AHS_AB,0,0,0,0,0,0,0,0,0,0,0,0,0.878623744279343,0.121376255720657,0,0,0,0,0
70-74,men,Metabolic,AHS_AB,0,0,0,0,0,0,0,0,0,0,0,0,0.823466442882457,0.176533557117543,0,0,0,0,0
75-79,men,Metabolic,AHS_AB,0,0,0,0,0,0,0,0,0,0,0,0,0.93881918134502,0.0611808186549803,0,0,0,0,0
65-69,men,Metabolic,AHS_AB,0,0,0,0,0,0,0,0,0,0,0,0,0.903599816391845,0.0964001836081551,0,0,0,0,0
80-84,men,Metabolic,AHS_AB,0,0,0,0,0,0,0,0,0,0,0,0,0.946125356606184,0.0538746433938161,0,0,0,0,0
85-89,men,Metabolic,AHS_AB,0,0,0,0,0,0,0,0,0,0,0,0,0.796257574150426,0.203742425849574,0,0,0,0,0
90-94,men,Metabolic,AHS_AB,0,0,0,0,0,0,0,0,0,0,0,0,0.598814386833561,0.40118561316644,0,0,0,0,0
95-99,men,Metabolic,AHS_AB,0,0,0,0,0,0,0,0,0,0,0,0,0.78725145765087,0.21274854234913,0,0,0,0,0
100-104,men,Metabolic,AHS_AB,0,0,0,0,0,0,0,0,0,0,0,0,0.78725145765087,0.21274854234913,0,0,0,0,0
105-109,men,Metabolic,AHS_AB,0,0,0,0,0,0,0,0,0,0,0,0,0.78725145765087,0.21274854234913,0,0,0,0,0
70-74,women,Metabolic,AHS_AB,0,0,0,0,0,0,0,0,0,0,0,0,0.810727300650076,0.189272699349924,0,0,0,0,0
75-79,women,Metabolic,AHS_AB,0,0,0,0,0,0,0,0,0,0,0,0,0.933734347862831,0.0662656521371693,0,0,0,0,0
65-69,women,Metabolic,AHS_AB,0,0,0,0,0,0,0,0,0,0,0,0,0.895912380349503,0.104087619650497,0,0,0,0,0
80-84,women,Metabolic,AHS_AB,0,0,0,0,0,0,0,0,0,0,0,0,0.956223978730342,0.0437760212696579,0,0,0,0,0
85-89,women,Metabolic,AHS_AB,0,0,0,0,0,0,0,0,0,0,0,0,0.782074585274244,0.217925414725756,0,0,0,0,0
90-94,women,Metabolic,AHS_AB,0,0,0,0,0,0,0,0,0,0,0,0,0.578168300287673,0.421831699712327,0,0,0,0,0
95-99,women,Metabolic,AHS_AB,0,0,0,0,0,0,0,0,0,0,0,0,0.821286608174592,0.178713391825408,0,0,0,0,0
100-104,women,Metabolic,AHS_AB,0,0,0,0,0,0,0,0,0,0,0,0,0.821286608174592,0.178713391825408,0,0,0,0,0
105-109,women,Metabolic,AHS_AB,0,0,0,0,0,0,0,0,0,0,0,0,0.821286608174592,0.178713391825408,0,0,0,0,0
70-74,men,Unspecified,PS_PB,0,0,0,0,0,0,0,0,0,4.69712955383029e-52,2.66276343751627e-44,0.0581785088458956,0.924824848514523,0.0169966426395808,0,0,0,0,0
75-79,men,Unspecified,PS_PB,0,0,0,0,0,0,0,0,0,2.12224431835813e-52,7.06925130599669e-45,0.0296097635327909,0.944533682764178,0.0258565537030309,0,0,0,0,0
65-69,men,Unspecified,PS_PB,0,0,0,0,0,0,0,0,0,2.28713362100432e-73,1.38693163244845e-44,0.0688744873070953,0.917061356156906,0.0140641565359983,0,0,0,0,0
80-84,men,Unspecified,PS_PB,0,0,0,0,0,0,0,0,0,4.81914620689157e-53,3.1208414517995e-45,0.01639302514581,0.940696842285038,0.0429101325691523,0,0,0,0,0
85-89,men,Unspecified,PS_PB,0,0,0,0,0,0,0,0,0,2.9595934967797e-52,2.2649893039926e-44,0.0917410708913191,0.834048138086762,0.0742107910219187,0,0,0,0,0
90-94,men,Unspecified,PS_PB,0,0,0,0,0,0,0,0,0,1.40902227430594e-52,1.82894193988765e-44,0.141805276821409,0.74082227660613,0.117372446572461,0,0,0,0,0
95-99,men,Unspecified,PS_PB,0,0,0,0,0,0,0,0,0,5.12825555845372e-87,6.18914123401221e-52,6.04238823336266e-16,0.824932612301518,0.175067387698482,0,0,0,0,0
100-104,men,Unspecified,PS_PB,0,0,0,0,0,0,0,0,0,5.12825555845372e-87,6.18914123401221e-52,6.04238823336266e-16,0.824932612301518,0.175067387698482,0,0,0,0,0
105-109,men,Unspecified,PS_PB,0,0,0,0,0,0,0,0,0,5.12825555845372e-87,6.18914123401221e-52,6.04238823336266e-16,0.824932612301518,0.175067387698482,0,0,0,0,0
70-74,women,Unspecified,PS_PB,0,0,0,0,0,0,0,0,0,7.55863338610278e-52,2.67302680704103e-44,0.0371165920138317,0.949247072360237,0.0136363356259315,0,0,0,0,0
75-79,women,Unspecified,PS_PB,0,0,0,0,0,0,0,0,0,3.37367265228373e-52,7.0103704564575e-45,0.0186611010659008,0.960629230988045,0.0207096679460543,0,0,0,0,0
65-69,women,Unspecified,PS_PB,0,0,0,0,0,0,0,0,0,3.69746900873373e-73,1.39871117437992e-44,0.0441434374096717,0.944574197502637,0.0112823650876918,0,0,0,0,0
80-84,women,Unspecified,PS_PB,0,0,0,0,0,0,0,0,0,7.6180881795895e-53,3.07756748714598e-45,0.0102737681977116,0.955048018480478,0.0346782133218106,0,0,0,0,0
85-89,women,Unspecified,PS_PB,0,0,0,0,0,0,0,0,0,4.83233301370371e-52,2.30701773529544e-44,0.0593859025407021,0.880144797736631,0.0604692997226674,0,0,0,0,0
90-94,women,Unspecified,PS_PB,0,0,0,0,0,0,0,0,0,2.35198785003968e-52,1.90448308971895e-44,0.0938435378469094,0.809651938703954,0.0965045234491369,0,0,0,0,0
95-99,women,Unspecified,PS_PB,0,0,0,0,0,0,0,0,0,8.05097156177564e-87,6.06134512737976e-52,3.76081546379573e-16,0.85425757421813,0.145742425781869,0,0,0,0,0
100-104,women,Unspecified,PS_PB,0,0,0,0,0,0,0,0,0,8.05097156177564e-87,6.06134512737976e-52,3.76081546379573e-16,0.85425757421813,0.145742425781869,0,0,0,0,0
105-109,women,Unspecified,PS_PB,0,0,0,0,0,0,0,0,0,8.05097156177564e-87,6.06134512737976e-52,3.76081546379573e-16,0.85425757421813,0.145742425781869,0,0,0,0,0
70-74,men,Complex,PS_PB,0,0,0,0,0,0,0,0,0,9.85203771482002e-52,7.06079257371014e-44,0.0976358878928819,0.853957599973051,0.0484065121340669,0,0,0,0,0
75-79,men,Complex,PS_PB,0,0,0,0,0,0,0,0,0,4.55618782272848e-52,1.91869967331536e-44,0.0508621302709208,0.87653123055072,0.072606639178359,0,0,0,0,0
65-69,men,Complex,PS_PB,0,0,0,0,0,0,0,0,0,4.75618452077542e-73,3.6462761095012e-44,0.114598492182059,0.844840049456517,0.0405614583614242,0,0,0,0,0
80-84,men,Complex,PS_PB,0,0,0,0,0,0,0,0,0,1.04600956720075e-52,8.56376224519729e-45,0.0284693811465636,0.855451734811111,0.116078884042326,0,0,0,0,0
85-89,men,Complex,PS_PB,0,0,0,0,0,0,0,0,0,6.04419391542468e-52,5.84789844321573e-44,0.149907547006151,0.660101146265601,0.189991306728248,0,0,0,0,0
90-94,men,Complex,PS_PB,0,0,0,0,0,0,0,0,0,2.76882082643313e-52,4.54364356236183e-44,0.222957842775392,0.496647347382218,0.28039480984239,0,0,0,0,0
95-99,men,Complex,PS_PB,0,0,0,0,0,0,0,0,0,1.12852633896221e-86,1.72186768260299e-51,1.06390789960897e-15,0.614136581149333,0.385863418850666,0,0,0,0,0
100-104,men,Complex,PS_PB,0,0,0,0,0,0,0,0,0,1.12852633896221e-86,1.72186768260299e-51,1.06390789960897e-15,0.614136581149333,0.385863418850666,0,0,0,0,0
105-109,men,Complex,PS_PB,0,0,0,0,0,0,0,0,0,1.12852633896221e-86,1.72186768260299e-51,1.06390789960897e-15,0.614136581149333,0.385863418850666,0,0,0,0,0
70-74,women,Complex,PS_PB,0,0,0,0,0,0,0,0,0,1.61275863248638e-51,7.21035669012309e-44,0.0633647249896735,0.897421912329494,0.0392133626808329,0,0,0,0,0
75-79,women,Complex,PS_PB,0,0,0,0,0,0,0,0,0,7.30883319486753e-52,1.9200538962314e-44,0.0323471291144784,0.908815479490751,0.058837391394771,0,0,0,0,0
65-69,women,Complex,PS_PB,0,0,0,0,0,0,0,0,0,7.84398505066612e-73,3.75135013052048e-44,0.0749293094970187,0.892293748478353,0.0327769420246279,0,0,0,0,0
80-84,women,Complex,PS_PB,0,0,0,0,0,0,0,0,0,1.66200707516756e-52,8.48832109444219e-45,0.0179337042343699,0.886479486870926,0.095586808894704,0,0,0,0,0
85-89,women,Complex,PS_PB,0,0,0,0,0,0,0,0,0,1.01257717664083e-51,6.11152444780602e-44,0.0995653001642157,0.74119438281309,0.159240317022694,0,0,0,0,0
90-94,women,Complex,PS_PB,0,0,0,0,0,0,0,0,0,4.79540980426862e-52,4.90902354638791e-44,0.153090553200702,0.607439275783996,0.239470171015303,0,0,0,0,0
95-99,women,Complex,PS_PB,0,0,0,0,0,0,0,0,0,1.7717006023075e-86,1.68631380240332e-51,6.62182091976763e-16,0.663855412766926,0.336144587233074,0,0,0,0,0
100-104,women,Complex,PS_PB,0,0,0,0,0,0,0,0,0,1.7717006023075e-86,1.68631380240332e-51,6.62182091976763e-16,0.663855412766926,0.336144587233074,0,0,0,0,0
105-109,women,Complex,PS_PB,0,0,0,0,0,0,0,0,0,1.7717006023075e-86,1.68631380240332e-51,6.62182091976763e-16,0.663855412766926,0.336144587233074,0,0,0,0,0
70-74,men,Neuropsychiatric,PS_PB,0,0,0,0,0,0,0,0,0,9.9241497568588e-53,1.76627807772354e-44,0.0153221706235785,0.944657594272118,0.0400202351043033,0,0,0,0,0
75-79,men,Neuropsychiatric,PS_PB,0,0,0,0,0,0,0,0,0,4.37454294069377e-53,4.57484567489685e-45,0.00760797683342612,0.932262397787002,0.0601296253795716,0,0,0,0,0
65-69,men,Neuropsychiatric,PS_PB,0,0,0,0,0,0,0,0,0,4.87793751189027e-74,9.28678670991562e-45,0.0183104919009604,0.94820442020204,0.0334850878969999,0,0,0,0,0
80-84,men,Neuropsychiatric,PS_PB,0,0,0,0,0,0,0,0,0,9.82278420076112e-54,1.99710973942653e-45,0.00416505311056991,0.898863850234142,0.0969710966552878,0,0,0,0,0
85-89,men,Neuropsychiatric,PS_PB,0,0,0,0,0,0,0,0,0,6.44226564739158e-53,1.54788411529394e-44,0.0248924307748633,0.814103763162447,0.16100380606269,0,0,0,0,0
90-94,men,Neuropsychiatric,PS_PB,0,0,0,0,0,0,0,0,0,3.21204837415299e-53,1.30897050533567e-44,0.0402952216141694,0.717972233126036,0.241732545259795,0,0,0,0,0
95-99,men,Neuropsychiatric,PS_PB,0,0,0,0,0,0,0,0,0,1.03101573863978e-87,3.90653529137439e-52,1.51426261199143e-16,0.661436453365362,0.338563546634638,0,0,0,0,0
100-104,men,Neuropsychiatric,PS_PB,0,0,0,0,0,0,0,0,0,1.03101573863978e-87,3.90653529137439e-52,1.51426261199143e-16,0.661436453365362,0.338563546634638,0,0,0,0,0
105-109,men,Neuropsychiatric,PS_PB,0,0,0,0,0,0,0,0,0,1.03101573863978e-87,3.90653529137439e-52,1.51426261199143e-16,0.661436453365362,0.338563546634638,0,0,0,0,0
70-74,women,Neuropsychiatric,PS_PB,0,0,0,0,0,0,0,0,0,1.56809646930782e-52,1.74099904568275e-44,0.00959830457134608,0.958048293540445,0.0323534018882084,0,0,0,0,0
75-79,women,Neuropsychiatric,PS_PB,0,0,0,0,0,0,0,0,0,6.88969138455061e-53,4.49472907997792e-45,0.00475040930538782,0.946602383340915,0.0486472073536967,0,0,0,0,0
65-69,women,Neuropsychiatric,PS_PB,0,0,0,0,0,0,0,0,0,7.71727658220307e-74,9.16543940707155e-45,0.0114847781164313,0.961503866847054,0.0270113550365145,0,0,0,0,0
80-84,women,Neuropsychiatric,PS_PB,0,0,0,0,0,0,0,0,0,1.54480193992707e-53,1.95929630459181e-45,0.00259688974624048,0.917899085254631,0.0795040249991282,0,0,0,0,0
85-89,women,Neuropsychiatric,PS_PB,0,0,0,0,0,0,0,0,0,1.02206075607482e-52,1.53192150955975e-44,0.015656697360338,0.85037106739315,0.133972235246512,0,0,0,0,0
90-94,women,Neuropsychiatric,PS_PB,0,0,0,0,0,0,0,0,0,5.1293885014255e-53,1.30398730736203e-44,0.025511255369371,0.770007510139968,0.204481234490661,0,0,0,0,0
95-99,women,Neuropsychiatric,PS_PB,0,0,0,0,0,0,0,0,0,1.61861636903964e-87,3.82587143482571e-52,9.42485326576877e-17,0.707969616492463,0.292030383507537,0,0,0,0,0
100-104,women,Neuropsychiatric,PS_PB,0,0,0,0,0,0,0,0,0,1.61861636903964e-87,3.82587143482571e-52,9.42485326576877e-17,0.707969616492463,0.292030383507537,0,0,0,0,0
105-109,women,Neuropsychiatric,PS_PB,0,0,0,0,0,0,0,0,0,1.61861636903964e-87,3.82587143482571e-52,9.42485326576877e-17,0.707969616492463,0.292030383507537,0,0,0,0,0
70-74,men,Cardiovascular,PS_PB,0,0,0,0,0,0,0,0,0,2.97010008372193e-51,1.25110517867789e-68,0.207128186415485,0.766532130191745,0.0263396833927705,0,0,0,0,0
75-79,men,Cardiovascular,PS_PB,0,0,0,0,0,0,0,0,0,1.46963255886064e-51,3.63755440610015e-69,0.11544799531169,0.844666357693732,0.0398856469945789,0,0,0,0,0
65-69,men,Cardiovascular,PS_PB,0,0,0,0,0,0,0,0,0,1.40064350402977e-72,6.31122725182948e-69,0.237482998604817,0.740622676058624,0.0218943253365594,0,0,0,0,0
80-84,men,Cardiovascular,PS_PB,0,0,0,0,0,0,0,0,0,3.49088032693262e-52,1.67980649297175e-69,0.0668593322701006,0.867691809546448,0.0654488581834519,0,0,0,0,0
85-89,men,Cardiovascular,PS_PB,0,0,0,0,0,0,0,0,0,1.69808777673016e-51,9.65643715725979e-69,0.296367071245185,0.592382134504961,0.111250794249853,0,0,0,0,0
90-94,men,Cardiovascular,PS_PB,0,0,0,0,0,0,0,0,0,7.10302989600518e-52,6.85091208523438e-69,0.402491068462544,0.425741488267917,0.171767443269539,0,0,0,0,0
95-99,men,Cardiovascular,PS_PB,0,0,0,0,0,0,0,0,0,3.93981037089161e-86,3.5331228983301e-76,2.61367965435365e-15,0.7505742844959,0.249425715504098,0,0,0,0,0
100-104,men,Cardiovascular,PS_PB,0,0,0,0,0,0,0,0,0,3.93981037089161e-86,3.5331228983301e-76,2.61367965435365e-15,0.7505742844959,0.249425715504098,0,0,0,0,0
105-109,men,Cardiovascular,PS_PB,0,0,0,0,0,0,0,0,0,3.93981037089161e-86,3.5331228983301e-76,2.61367965435365e-15,0.7505742844959,0.249425715504098,0,0,0,0,0
70-74,women,Cardiovascular,PS_PB,0,0,0,0,0,0,0,0,0,5.1065974419584e-51,1.3418820630173e-68,0.141186933818789,0.837529983423686,0.0212830827575248,0,0,0,0,0
75-79,women,Cardiovascular,PS_PB,0,0,0,0,0,0,0,0,0,2.42465226150513e-51,3.74377880425399e-69,0.0755130231799581,0.892317458250831,0.0321695185692114,0,0,0,0,0
65-69,women,Cardiovascular,PS_PB,0,0,0,0,0,0,0,0,0,2.44223842277493e-72,6.86490059684024e-69,0.164167708741494,0.81818659045244,0.0176457008060663,0,0,0,0,0
80-84,women,Cardiovascular,PS_PB,0,0,0,0,0,0,0,0,0,5.63858363437416e-52,1.69259988866775e-69,0.0428145974901392,0.903753669653246,0.0534317328566149,0,0,0,0,0
85-89,women,Cardiovascular,PS_PB,0,0,0,0,0,0,0,0,0,3.04441308834132e-51,1.07999153045032e-68,0.210653247000644,0.697542317154385,0.0918044358449708,0,0,0,0,0
90-94,women,Cardiovascular,PS_PB,0,0,0,0,0,0,0,0,0,1.34168530253156e-51,8.07263656653574e-69,0.301410260318856,0.555150565593434,0.14343917408771,0,0,0,0,0
95-99,women,Cardiovascular,PS_PB,0,0,0,0,0,0,0,0,0,6.18520292003567e-86,3.46016942488557e-76,1.62676850309422e-15,0.788580390267638,0.21141960973236,0,0,0,0,0
100-104,women,Cardiovascular,PS_PB,0,0,0,0,0,0,0,0,0,6.18520292003567e-86,3.46016942488557e-76,1.62676850309422e-15,0.788580390267638,0.21141960973236,0,0,0,0,0
105-109,women,Cardiovascular,PS_PB,0,0,0,0,0,0,0,0,0,6.18520292003567e-86,3.46016942488557e-76,1.62676850309422e-15,0.788580390267638,0.21141960973236,0,0,0,0,0
70-74,men,Eye,PS_PB,0,0,0,0,0,0,0,0,0,3.13769927000589e-52,2.29252783368757e-44,0.100842673767693,0.87826316618632,0.0208941600459864,0,0,0,0,0
75-79,men,Eye,PS_PB,0,0,0,0,0,0,0,0,0,1.45384863317207e-52,6.24166546414154e-45,0.0526334381921208,0.915634563610501,0.0317319981973779,0,0,0,0,0
65-69,men,Eye,PS_PB,0,0,0,0,0,0,0,0,0,1.5137093595358e-73,1.18306679685168e-44,0.118280275034951,0.864420249724215,0.017299475240834,0,0,0,0,0
80-84,men,Eye,PS_PB,0,0,0,0,0,0,0,0,0,3.34081376738403e-53,2.788413163705e-45,0.0294879280238684,0.918127929297225,0.0523841426789065,0,0,0,0,0
85-89,men,Eye,PS_PB,0,0,0,0,0,0,0,0,0,1.92085847485199e-52,1.89466622583901e-44,0.154500574104959,0.755681051296281,0.0898183745987604,0,0,0,0,0
90-94,men,Eye,PS_PB,0,0,0,0,0,0,0,0,0,8.77319686238334e-53,1.46771992234022e-44,0.229105437404483,0.630351922645988,0.140542639949529,0,0,0,0,0
95-99,men,Eye,PS_PB,0,0,0,0,0,0,0,0,0,3.60857853020123e-87,5.613066002929e-52,1.1032606181802e-15,0.793011529672372,0.206988470327627,0,0,0,0,0
100-104,men,Eye,PS_PB,0,0,0,0,0,0,0,0,0,3.60857853020123e-87,5.613066002929e-52,1.1032606181802e-15,0.793011529672372,0.206988470327627,0,0,0,0,0
105-109,men,Eye,PS_PB,0,0,0,0,0,0,0,0,0,3.60857853020123e-87,5.613066002929e-52,1.1032606181802e-15,0.793011529672372,0.206988470327627,0,0,0,0,0
70-74,women,Eye,PS_PB,0,0,0,0,0,0,0,0,0,5.14356595609749e-52,2.34437780045019e-44,0.0655378384385292,0.917671118943514,0.0167910426179565,0,0,0,0,0
75-79,women,Eye,PS_PB,0,0,0,0,0,0,0,0,0,2.33397141604248e-52,6.2508174384857e-45,0.0334990773615889,0.941061175947235,0.025439746691176,0,0,0,0,0
65-69,women,Eye,PS_PB,0,0,0,0,0,0,0,0,0,2.50049427541288e-73,1.21913730563139e-44,0.0774623126645987,0.908645279710475,0.013892407624926,0,0,0,0,0
80-84,women,Eye,PS_PB,0,0,0,0,0,0,0,0,0,5.31052368003696e-53,2.76504493816416e-45,0.0185833542417959,0.938965051808253,0.0424515939499516,0,0,0,0,0
85-89,women,Eye,PS_PB,0,0,0,0,0,0,0,0,0,3.22462403132697e-52,1.98415875778447e-44,0.102827335058471,0.823679224150281,0.0734934407912484,0,0,0,0,0
90-94,women,Eye,PS_PB,0,0,0,0,0,0,0,0,0,1.52379394618798e-52,1.59027248592741e-44,0.157760593166391,0.726062914122511,0.116176492711098,0,0,0,0,0
95-99,women,Eye,PS_PB,0,0,0,0,0,0,0,0,0,5.66519409844766e-87,5.49716495069517e-52,6.86675439115218e-16,0.826516608744931,0.173483391255068,0,0,0,0,0
100-104,women,Eye,PS_PB,0,0,0,0,0,0,0,0,0,5.66519409844766e-87,5.49716495069517e-52,6.86675439115218e-16,0.826516608744931,0.173483391255068,0,0,0,0,0
105-109,women,Eye,PS_PB,0,0,0,0,0,0,0,0,0,5.66519409844766e-87,5.49716495069517e-52,6.86675439115218e-16,0.826516608744931,0.173483391255068,0,0,0,0,0
70-74,men,MSK,PS_PB,0,0,0,0,0,0,0,0,0,3.91301526995541e-52,2.03203993943694e-44,0.0741530047269446,0.912087899991629,0.0137590952814261,0,0,0,0,0
75-79,men,MSK,PS_PB,0,0,0,0,0,0,0,0,0,1.78459730872536e-52,5.44551458691327e-45,0.0380949104660131,0.940932363530999,0.0209727260029878,0,0,0,0,0
65-69,men,MSK,PS_PB,0,0,0,0,0,0,0,0,0,1.89870743258854e-73,1.05473222873831e-44,0.0874806608991737,0.901118876089568,0.0114004630112583,0,0,0,0,0
80-84,men,MSK,PS_PB,0,0,0,0,0,0,0,0,0,4.07013574768939e-53,2.41452189662571e-45,0.021182882669529,0.943931682930249,0.0348854344002221,0,0,0,0,0
85-89,men,MSK,PS_PB,0,0,0,0,0,0,0,0,0,2.43883619075422e-52,1.70976874184588e-44,0.115664886496119,0.823537715726592,0.0607973977772894,0,0,0,0,0
90-94,men,MSK,PS_PB,0,0,0,0,0,0,0,0,0,1.14264013985109e-52,1.35866437308719e-44,0.17594266813866,0.727022501407328,0.0970348304540121,0,0,0,0,0
95-99,men,MSK,PS_PB,0,0,0,0,0,0,0,0,0,4.35480867176343e-87,4.81449193720738e-52,7.85046188863548e-16,0.853438850305482,0.146561149694517,0,0,0,0,0
100-104,men,MSK,PS_PB,0,0,0,0,0,0,0,0,0,4.35480867176343e-87,4.81449193720738e-52,7.85046188863548e-16,0.853438850305482,0.146561149694517,0,0,0,0,0
105-109,men,MSK,PS_PB,0,0,0,0,0,0,0,0,0,4.35480867176343e-87,4.81449193720738e-52,7.85046188863548e-16,0.853438850305482,0.146561149694517,0,0,0,0,0
70-74,women,MSK,PS_PB,0,0,0,0,0,0,0,0,0,6.34039165123865e-52,2.05398264185809e-44,0.0476352074786878,0.941326241278191,0.0110385512431213,0,0,0,0,0
75-79,women,MSK,PS_PB,0,0,0,0,0,0,0,0,0,2.84718792432163e-52,5.41969456198959e-45,0.0240955931341743,0.959109417560848,0.0167949893049781,0,0,0,0,0
65-69,women,MSK,PS_PB,0,0,0,0,0,0,0,0,0,3.09439845185617e-73,1.07231007860431e-44,0.0565229740403507,0.934332932507861,0.00914409345178834,0,0,0,0,0
80-84,women,MSK,PS_PB,0,0,0,0,0,0,0,0,0,6.44710096961533e-53,2.385869649678e-45,0.0133025654146565,0.958533842576358,0.0281635920089859,0,0,0,0,0
85-89,women,MSK,PS_PB,0,0,0,0,0,0,0,0,0,4.02406382900182e-52,1.75986595309216e-44,0.0756621243181192,0.874923551430345,0.049414324251536,0,0,0,0,0
90-94,women,MSK,PS_PB,0,0,0,0,0,0,0,0,0,1.93682839105595e-52,1.43665947137509e-44,0.11823542171457,0.802295335652738,0.0794692426326918,0,0,0,0,0
95-99,women,MSK,PS_PB,0,0,0,0,0,0,0,0,0,6.83671871920377e-87,4.71508019303725e-52,4.88617038966542e-16,0.878623744279343,0.121376255720657,0,0,0,0,0
100-104,women,MSK,PS_PB,0,0,0,0,0,0,0,0,0,6.83671871920377e-87,4.71508019303725e-52,4.88617038966542e-16,0.878623744279343,0.121376255720657,0,0,0,0,0
105-109,women,MSK,PS_PB,0,0,0,0,0,0,0,0,0,6.83671871920377e-87,4.71508019303725e-52,4.88617038966542e-16,0.878623744279343,0.121376255720657,0,0,0,0,0
70-74,men,Metabolic,PS_PB,0,0,0,0,0,0,0,0,0,1.17014313270658e-52,5.83650232008333e-45,0.0381220738503605,0.940332846421734,0.0215450797279059,0,0,0,0,0
75-79,men,Metabolic,PS_PB,0,0,0,0,0,0,0,0,0,5.22577072072168e-53,1.53158823124798e-45,0.0191777385654589,0.948142050065347,0.0326802113691942,0,0,0,0,0
65-69,men,Metabolic,PS_PB,0,0,0,0,0,0,0,0,0,5.72274576374848e-74,3.05338519882661e-45,0.0453292753874152,0.936779572183523,0.0178911524290619,0,0,0,0,0
80-84,men,Metabolic,PS_PB,0,0,0,0,0,0,0,0,0,1.1803419545607e-53,6.72547674838836e-46,0.0105609826690889,0.935564373937095,0.053874643393816,0,0,0,0,0
85-89,men,Metabolic,PS_PB,0,0,0,0,0,0,0,0,0,7.47565134173544e-53,5.03380928264751e-45,0.0609520423337203,0.846632207635671,0.0924157500306088,0,0,0,0,0
90-94,men,Metabolic,PS_PB,0,0,0,0,0,0,0,0,0,3.63461175331118e-53,4.15100938299967e-45,0.0962143927507491,0.759348264419418,0.144437342829833,0,0,0,0,0
95-99,men,Metabolic,PS_PB,0,0,0,0,0,0,0,0,0,1.24781545285638e-87,1.32502698047733e-52,3.86720156955813e-16,0.78725145765087,0.21274854234913,0,0,0,0,0
100-104,men,Metabolic,PS_PB,0,0,0,0,0,0,0,0,0,1.24781545285638e-87,1.32502698047733e-52,3.86720156955813e-16,0.78725145765087,0.21274854234913,0,0,0,0,0
105-109,men,Metabolic,PS_PB,0,0,0,0,0,0,0,0,0,1.24781545285638e-87,1.32502698047733e-52,3.86720156955813e-16,0.78725145765087,0.21274854234913,0,0,0,0,0
70-74,women,Metabolic,PS_PB,0,0,0,0,0,0,0,0,0,1.86689510648262e-52,5.8088956940372e-45,0.0241130536407178,0.95853814223182,0.0173488041274622,0,0,0,0,0
75-79,women,Metabolic,PS_PB,0,0,0,0,0,0,0,0,0,8.27060835686653e-53,1.51212993776947e-45,0.0120331481412954,0.961684449765446,0.0262824020932585,0,0,0,0,0
65-69,women,Metabolic,PS_PB,0,0,0,0,0,0,0,0,0,9.1584502657712e-74,3.04830993442496e-45,0.0287601455941102,0.956856506972734,0.0143833474331556,0,0,0,0,0
80-84,women,Metabolic,PS_PB,0,0,0,0,0,0,0,0,0,1.86129430647618e-53,6.6159203329204e-46,0.00660246791570257,0.949621510814639,0.0437760212696579,0,0,0,0,0
85-89,women,Metabolic,PS_PB,0,0,0,0,0,0,0,0,0,1.2044203746635e-52,5.05924602966445e-45,0.0389324812058533,0.885263866205694,0.0758036525884523,0,0,0,0,0
90-94,women,Metabolic,PS_PB,0,0,0,0,0,0,0,0,0,5.94608823255452e-53,4.23630308825312e-45,0.0624033824871287,0.817882032206749,0.119714585306122,0,0,0,0,0
95-99,women,Metabolic,PS_PB,0,0,0,0,0,0,0,0,0,1.95897544706601e-87,1.29766724139794e-52,2.40696739479706e-16,0.821286608174592,0.178713391825408,0,0,0,0,0
100-104,women,Metabolic,PS_PB,0,0,0,0,0,0,0,0,0,1.95897544706601e-87,1.29766724139794e-52,2.40696739479706e-16,0.821286608174592,0.178713391825408,0,0,0,0,0
105-109,women,Metabolic,PS_PB,0,0,0,0,0,0,0,0,0,1.95897544706601e-87,1.29766724139794e-52,2.40696739479706e-16,0.821286608174592,0.178713391825408,0,0,0,0,0
70-74,men,Unspecified,AB,0,0,0,0,0.935409354120029,0,0,0,0,0.00360179243344511,0.0101965543212397,0,0,0.0441602911600374,0.00394825016863442,0.00074901668802892,0.00129021643962343,0,0.000644524668961879
75-79,men,Unspecified,AB,0,0,0,0,0.928716174211125,0,0,0,0,0.00556253943912604,0.00925307013681079,0,0,0.0474427084573034,0.00667699661258321,0.000680356762868483,0.00118373867266262,0,0.00048441570752062
65-69,men,Unspecified,AB,0,0,0,0,0.941362334736087,0,0,0,0,3.52516262058535e-24,0.0106752334575546,0,0,0.0436114342626849,0.00282080822711651,0.000542266774126221,0.000987922483582446,0,5.88481371620356e-11
80-84,men,Unspecified,AB,0,0,0,0,0.887101382147756,0,0,0,0,0.0057855086332785,0.0187101754052324,0,0,0.074832856249903,0.0091820876179969,0.00106837286390345,0.00226862691768547,0,0.00105099016424407
85-89,men,Unspecified,AB,0,0,0,0,0.842067033720337,0,0,0,0,0.00512581895955585,0.019589893002215,0,0,0.114302049244458,0.0131924941864368,0.00137004065914943,0.00307089941776491,0,0.00128177081008297
90-94,men,Unspecified,AB,0,0,0,0,0.817475080941663,0,0,0,0,0.00130926672677209,0.00848681823789743,0,0,0.150622053725679,0.0166047121230848,0.00115879410809558,0.00308946432149091,0,0.00125380981531772
95-99,men,Unspecified,AB,0,0,0,0,0.789629447157874,0,0,0,0,2.62003206076835e-30,0.0157907242361828,0,0,0.178069864396114,0.0129770521814017,0.000388234084611551,0.00314467794381591,0,5.50712538351173e-17
100-104,men,Unspecified,AB,0,0,0,0,0.789629447157874,0,0,0,0,2.62003206076835e-30,0.0157907242361828,0,0,0.178069864396114,0.0129770521814017,0.000388234084611551,0.00314467794381591,0,5.50712538351173e-17
105-109,men,Unspecified,AB,0,0,0,0,0.789629447157874,0,0,0,0,2.62003206076835e-30,0.0157907242361828,0,0,0.178069864396114,0.0129770521814017,0.000388234084611551,0.00314467794381591,0,5.50712538351173e-17
70-74,women,Unspecified,AB,0,0,0,0,0.933205046410662,0,0,0,0,0.00555794673336573,0.00981542531113612,0,0,0.0472694779166844,0.00129862344156029,0.000654446477725238,0.0018650668674071,0,0.000333966841459033
75-79,women,Unspecified,AB,0,0,0,0,0.92694993626244,0,0,0,0,0.00858635168679372,0.00891007603543146,0,0,0.0507993578707649,0.00219684594088649,0.000594646979923003,0.0017116995739666,0,0.00025108564979349
65-69,women,Unspecified,AB,0,0,0,0,0.940134931589152,0,0,0,0,5.44672231681472e-24,0.0102894804515153,0,0,0.0467422513758908,0.000928993160547293,0.000474412381946593,0.00142993101041633,0,3.05321160220783e-11
80-84,women,Unspecified,AB,0,0,0,0,0.885175160059219,0,0,0,0,0.00892821223884446,0.0180119530073719,0,0,0.0801066296894942,0.00302028043186337,0.000933539611037929,0.00327960981356552,0,0.000544615148603392
85-89,women,Unspecified,AB,0,0,0,0,0.840229579573802,0,0,0,0,0.00791036806159003,0.018859296077276,0,0,0.122360325436153,0.00433953520756446,0.00119716448915511,0.00443951121132946,0,0.000664219943129657
90-94,women,Unspecified,AB,0,0,0,0,0.81670862562878,0,0,0,0,0.00202348301591119,0.00818231736036927,0,0,0.161477930922458,0.00546997900899978,0.00101406233647036,0.00447291611503574,0,0.000650685611975174
95-99,women,Unspecified,AB,0,0,0,0,0.785578824128959,0,0,0,0,4.03283388399463e-30,0.0151623236785206,0,0,0.190128549202771,0.00425757841354267,0.000338364140563976,0.00453436043564353,0,2.84640568363785e-17
100-104,women,Unspecified,AB,0,0,0,0,0.785578824128959,0,0,0,0,4.03283388399463e-30,0.0151623236785206,0,0,0.190128549202771,0.00425757841354267,0.000338364140563976,0.00453436043564353,0,2.84640568363785e-17
105-109,women,Unspecified,AB,0,0,0,0,0.785578824128959,0,0,0,0,4.03283388399463e-30,0.0151623236785206,0,0,0.190128549202771,0.00425757841354267,0.000338364140563976,0.00453436043564353,0,2.84640568363785e-17
70-74,men,Complex,AB,0,0,0,0,0.866062227255252,0,0,0,0,0.00334350480650962,0.0119664146942036,0,0,0.101384920031268,0.0128973226673015,0.000968385854164684,0.00280121019104476,0,0.000576014500255633
75-79,men,Complex,AB,0,0,0,0,0.850924939071221,0,0,0,0,0.00511009577797013,0.0107465517025443,0,0,0.107791266759408,0.0215848345949277,0.000870495069319824,0.00254338220914615,0,0.000428434815463278
65-69,men,Complex,AB,0,0,0,0,0.874823124313708,0,0,0,0,3.28453080903673e-24,0.012574736879335,0,0,0.100496912064895,0.00924867199226179,0.00070368914395901,0.00215286555305239,0,5.2788279149047e-11
80-84,men,Complex,AB,0,0,0,0,0.776576482513824,0,0,0,0,0.00507640567042972,0.0207548679691405,0,0,0.16239223564053,0.0283509645745115,0.00130560347002137,0.0046556219945852,0,0.000887818166958344
85-89,men,Complex,AB,0,0,0,0,0.694643540866933,0,0,0,0,0.00423793588807704,0.0204762547760423,0,0,0.233723994561427,0.0383821822141292,0.00157760490454009,0.0059382238817336,0,0.00102026290711743
90-94,men,Complex,AB,0,0,0,0,0.642819321948672,0,0,0,0,0.0010322513005004,0.00845920500723717,0,0,0.293700061118955,0.0460680988921887,0.00127243984039833,0.00569692297678011,0,0.000951698915268281
95-99,men,Complex,AB,0,0,0,0,0.598800410492845,0,0,0,0,2.01276998567543e-30,0.0153361706564889,0,0,0.344716569827044,0.0350812633655799,0.000415388888891271,0.00565019676915093,0,4.07308156976012e-17
100-104,men,Complex,AB,0,0,0,0,0.598800410492845,0,0,0,0,2.01276998567543e-30,0.0153361706564889,0,0,0.344716569827044,0.0350812633655799,0.000415388888891271,0.00565019676915093,0,4.07308156976012e-17
105-109,men,Complex,AB,0,0,0,0,0.598800410492845,0,0,0,0,2.01276998567543e-30,0.0153361706564889,0,0,0.344716569827044,0.0350812633655799,0.000415388888891271,0.00565019676915093,0,4.07308156976012e-17
70-74,women,Complex,AB,0,0,0,0,0.865180385044869,0,0,0,0,0.00516635797577389,0.0115347073119733,0,0,0.10866985429284,0.00424780904216083,0.00084726237718132,0.0040547527566081,0,0.000298871198593319
75-79,women,Complex,AB,0,0,0,0,0.853811113477964,0,0,0,0,0.00792986809973777,0.0104031783145813,0,0,0.116030904532739,0.00713951195419822,0.00076487449755969,0.00369729998837873,0,0.000223249134840927
65-69,women,Complex,AB,0,0,0,0,0.873426191336147,0,0,0,0,5.07349358152796e-24,0.0121169319369297,0,0,0.107681146651274,0.0030450612262703,0.000615462460004065,0.0031152063619943,0,2.73803746168536e-11
80-84,women,Complex,AB,0,0,0,0,0.779408841326507,0,0,0,0,0.00787976934407557,0.0200972736531024,0,0,0.1748540209702,0.00938010933275883,0.00114750720772428,0.00676972508579425,0,0.000462753079837764
85-89,women,Complex,AB,0,0,0,0,0.698220326164175,0,0,0,0,0.006588356646196,0.0198578958949574,0,0,0.252045644609971,0.0127184813604803,0.00138869831336853,0.00864799485279068,0,0.000532602158060592
90-94,women,Complex,AB,0,0,0,0,0.64748015487574,0,0,0,0,0.00160844553822537,0.00822262450850128,0,0,0.317452050876496,0.0153004459386559,0.00112265191647994,0.00831567306086731,0,0.000497953285034776
95-99,women,Complex,AB,0,0,0,0,0.603246286889969,0,0,0,0,3.10415274423982e-30,0.0147545461373479,0,0,0.361941388718803,0.0115320638214914,0.000362736078048337,0.00816297835434125,0,2.10930872456945e-17
100-104,women,Complex,AB,0,0,0,0,0.603246286889969,0,0,0,0,3.10415274423982e-30,0.0147545461373479,0,0,0.361941388718803,0.0115320638214914,0.000362736078048337,0.00816297835434125,0,2.10930872456945e-17
105-109,women,Complex,AB,0,0,0,0,0.603246286889969,0,0,0,0,3.10415274423982e-30,0.0147545461373479,0,0,0.361941388718803,0.0115320638214914,0.000362736078048337,0.00816297835434125,0,2.10930872456945e-17
70-74,men,Neuropsychiatric,AB,0,0,0,0,0.844947806109372,0,0,0,0,0.0027695373668878,0.0246154459545681,0,0,0.112828595656303,0.00983042786188428,0.00137244408253408,0.00299148104102702,0,0.000644261927423825
75-79,men,Neuropsychiatric,AB,0,0,0,0,0.832353494026542,0,0,0,0,0.00424472124335772,0.0221680579956772,0,0,0.120294079410725,0.016498195204288,0.0012371643450966,0.0027237487481057,0,0.000480539026207994
65-69,men,Neuropsychiatric,AB,0,0,0,0,0.852192613829956,0,0,0,0,2.71617465315974e-24,0.0258238886540413,0,0,0.111654855089834,0.00703770903731627,0.000995648739645126,0.00229528459026284,0,5.89448179762943e-11
80-84,men,Neuropsychiatric,AB,0,0,0,0,0.746968297898061,0,0,0,0,0.00413930139536543,0.0420270673678645,0,0,0.177900239422757,0.021271893344014,0.0018214739731335,0.0048942226264821,0,0.0009775039723233
85-89,men,Neuropsychiatric,AB,0,0,0,0,0.663271203564402,0,0,0,0,0.00342914663527604,0.0411453329189979,0,0,0.254082946368076,0.0285778080732882,0.00218409169262279,0.0061947462485171,0,0.00111472449881958
90-94,men,Neuropsychiatric,AB,0,0,0,0,0.617066693227331,0,0,0,0,0.00084134106635171,0.0171220034761656,0,0,0.321611247244372,0.0345505143852103,0.00177445443730996,0.0059863523668591,0,0.00104739379640085
95-99,men,Neuropsychiatric,AB,0,0,0,0,0.572568958438996,0,0,0,0,1.614394862927e-30,0.0305471666192072,0,0,0.364579542839693,0.0258915721897308,0.00057004801783704,0.00584271189453534,0,4.41125842672197e-17
100-104,men,Neuropsychiatric,AB,0,0,0,0,0.572568958438996,0,0,0,0,1.614394862927e-30,0.0305471666192072,0,0,0.364579542839693,0.0258915721897308,0.00057004801783704,0.00584271189453534,0,4.41125842672197e-17
105-109,men,Neuropsychiatric,AB,0,0,0,0,0.572568958438996,0,0,0,0,1.614394862927e-30,0.0305471666192072,0,0,0.364579542839693,0.0258915721897308,0.00057004801783704,0.00584271189453534,0,4.41125842672197e-17
70-74,women,Neuropsychiatric,AB,0,0,0,0,0.842278187016587,0,0,0,0,0.00427069997792924,0.0236787912334326,0,0,0.120688029063918,0.00323107568374037,0.0011983217297575,0.00432129808673793,0,0.00033359720789757
75-79,women,Neuropsychiatric,AB,0,0,0,0,0.832276008875677,0,0,0,0,0.00656481675838433,0.0213875515366297,0,0,0.129053820238204,0.00543867049866991,0.00108339735411603,0.00394617748141239,0,0.000249557256906763
65-69,women,Neuropsychiatric,AB,0,0,0,0,0.849243021093979,0,0,0,0,4.1879990520336e-24,0.0248387942272529,0,0,0.119420716748282,0.0023129330765263,0.000869244542806141,0.00331529028063574,0,3.05184603194587e-11
80-84,women,Neuropsychiatric,AB,0,0,0,0,0.74620410348243,0,0,0,0,0.00639638559576915,0.0405132104031459,0,0,0.190694118249277,0.00700642714072914,0.00159374009508712,0.00708479754014347,0,0.000507217493418959
85-89,women,Neuropsychiatric,AB,0,0,0,0,0.662066078494947,0,0,0,0,0.00529502361370976,0.0396334986997196,0,0,0.272151379581756,0.00940575444573905,0.0019095878976097,0.00896069103044329,0,0.000577986236075239
90-94,women,Neuropsychiatric,AB,0,0,0,0,0.61571006534324,0,0,0,0,0.00129876505855421,0.016488193514785,0,0,0.344383959806786,0.0113683098641123,0.00155099466088851,0.00865679078759794,0,0.000542920964035633
95-99,women,Neuropsychiatric,AB,0,0,0,0,0.566400842830138,0,0,0,0,2.47115145392713e-30,0.0291689312622411,0,0,0.387110606964898,0.00844755242764848,0.000494069424604613,0.00837799709046984,0,2.26735855285086e-17
100-104,women,Neuropsychiatric,AB,0,0,0,0,0.566400842830138,0,0,0,0,2.47115145392713e-30,0.0291689312622411,0,0,0.387110606964898,0.00844755242764848,0.000494069424604613,0.00837799709046984,0,2.26735855285086e-17
105-109,women,Neuropsychiatric,AB,0,0,0,0,0.566400842830138,0,0,0,0,2.47115145392713e-30,0.0291689312622411,0,0,0.387110606964898,0.00844755242764848,0.000494069424604613,0.00837799709046984,0,2.26735855285086e-17
70-74,men,Cardiovascular,AB,0,0,0,0,0.925398109219039,0,0,0,0,0.00150074262194692,3.156920638536e-28,0,0,0.0635342531897732,0.00648511601728774,0.000889114364098958,0.00219266458785456,0,2.13228218335139e-29
75-79,men,Cardiovascular,AB,0,0,0,0,0.915900333040283,0,0,0,0,0.00231054028885606,2.85593940131191e-28,0,0,0.0680453391033153,0.0109331964128884,0.000805110973027981,0.00200548018162893,0,1.59763018595966e-29
65-69,men,Cardiovascular,AB,0,0,0,0,0.930381213797384,0,0,0,0,1.46709196175798e-24,3.3012487835663e-28,0,0,0.062671056580162,0.00462782890798611,0.000642939004485795,0.00167696170998187,0,1.94459201944309e-36
80-84,men,Cardiovascular,AB,0,0,0,0,0.870592696724475,0,0,0,0,0.00239448207246678,5.75400976210789e-28,0,0,0.106942622875799,0.0149808697546375,0.00125971264734275,0.00382961592527897,0,3.45371338399854e-29
85-89,men,Cardiovascular,AB,0,0,0,0,0.810009787647353,0,0,0,0,0.00207983126273992,5.90635564951057e-28,0,0,0.160142764441558,0.0211016930834683,0.0015837144964914,0.00508220906838924,0,4.12945572464254e-29
90-94,men,Cardiovascular,AB,0,0,0,0,0.763076405919357,0,0,0,0,0.000514628969778037,2.47875550458315e-28,0,0,0.204429294423359,0.0257290055997965,0.00129763029026086,0.00495303479744888,0,3.91304968712188e-29
95-99,men,Cardiovascular,AB,0,0,0,0,0.73370215305091,0,0,0,0,1.0261140226328e-30,4.59529882050186e-28,0,0,0.240806336479421,0.0200350587207353,0.000433172896594073,0.0050232788523394,0,1.71250394007594e-42
100-104,men,Cardiovascular,AB,0,0,0,0,0.73370215305091,0,0,0,0,1.0261140226328e-30,4.59529882050186e-28,0,0,0.240806336479421,0.0200350587207353,0.000433172896594073,0.0050232788523394,0,1.71250394007594e-42
105-109,men,Cardiovascular,AB,0,0,0,0,0.73370215305091,0,0,0,0,1.0261140226328e-30,4.59529882050186e-28,0,0,0.240806336479421,0.0200350587207353,0.000433172896594073,0.0050232788523394,0,1.71250394007594e-42
70-74,women,Cardiovascular,AB,0,0,0,0,0.923561609243716,0,0,0,0,0.00231688389340802,3.04033685784928e-28,0,0,0.0680391941955513,0.00213402095700377,0.000777217591781538,0.0031710741185394,0,1.1053780528297e-29
75-79,women,Cardiovascular,AB,0,0,0,0,0.916174133076457,0,0,0,0,0.00357503554010344,2.75661295352192e-28,0,0,0.0730328719486813,0.00360576023300096,0.000705357852526858,0.00290684134923086,0,8.30063240159932e-30
65-69,women,Cardiovascular,AB,0,0,0,0,0.928379962220848,0,0,0,0,2.26477864109077e-24,3.17911811555505e-28,0,0,0.0671102131540265,0.001522749951162,0.000561985536306849,0.00242508913765686,0,1.00801043489961e-36
80-84,women,Cardiovascular,AB,0,0,0,0,0.870041695991045,0,0,0,0,0.00370141376277169,5.54864099955805e-28,0,0,0.114672704605593,0.00493600908648176,0.00110259108635357,0.0055455854677547,0,1.79271166775406e-29
85-89,women,Cardiovascular,AB,0,0,0,0,0.809391164219534,0,0,0,0,0.00321463831355809,5.69486712647383e-28,0,0,0.171697714554815,0.00695191083607155,0.00138601473873735,0.0073585573372841,0,2.14321102386185e-29
90-94,women,Cardiovascular,AB,0,0,0,0,0.763043376608554,0,0,0,0,0.000796088272522035,2.39199724089644e-28,0,0,0.219362963400065,0.00848345722187631,0.0011365928315995,0.00717752166538325,0,2.03259318200086e-29
95-99,women,Cardiovascular,AB,0,0,0,0,0.729045550027345,0,0,0,0,1.57737186372986e-30,4.40668707302234e-28,0,0,0.256779031477746,0.00656465585393415,0.000377039355518527,0.00723372328545697,0,8.8397127459835e-43
100-104,women,Cardiovascular,AB,0,0,0,0,0.729045550027345,0,0,0,0,1.57737186372986e-30,4.40668707302234e-28,0,0,0.256779031477746,0.00656465585393415,0.000377039355518527,0.00723372328545697,0,8.8397127459835e-43
105-109,women,Cardiovascular,AB,0,0,0,0,0.729045550027345,0,0,0,0,1.57737186372986e-30,4.40668707302234e-28,0,0,0.256779031477746,0.00656465585393415,0.000377039355518527,0.00723372328545697,0,8.8397127459835e-43
70-74,men,Eye,AB,0,0,0,0,0.929891895098926,0,0,0,0,0.00280993718900821,0.0102526143628837,0,0,0.0485957734611792,0.0056038168114487,0.000824972072766281,0.00156507939470492,0,0.000455911609083536
75-79,men,Eye,AB,0,0,0,0,0.922225220707853,0,0,0,0,0.00433507887927692,0.00929422130567129,0,0,0.0521533266282053,0.0094668695608297,0.000748566571950713,0.00143441761161487,0,0.000342298734598363
65-69,men,Eye,AB,0,0,0,0,0.935502206810832,0,0,0,0,2.74899587716424e-24,0.0107294032472414,0,0,0.0479715710564468,0.00400193315387216,0.000597004699037169,0.00119788099096116,0,4.16093400481689e-11
80-84,men,Eye,AB,0,0,0,0,0.877258669182768,0,0,0,0,0.0044901959132914,0.0187156475297003,0,0,0.0819227846536721,0.012964820650154,0.00117062128160775,0.0027376800848186,0,0.000739580703987944
85-89,men,Eye,AB,0,0,0,0,0.827623083176873,0,0,0,0,0.00395378286469988,0.0194753320039206,0,0,0.12436329161688,0.0185130425639057,0.00149194505760844,0.00368307884033172,0,0.000896443875780647
90-94,men,Eye,AB,0,0,0,0,0.798734459262591,0,0,0,0,0.00100387612941377,0.00838687464419833,0,0,0.162903044649214,0.0231624600636695,0.0012543770429704,0.00368324876858181,0,0.000871659439361471
95-99,men,Eye,AB,0,0,0,0,0.770002129937509,0,0,0,0,2.00482917488285e-30,0.0155731358280334,0,0,0.192198430050474,0.0180654238464116,0.000419405625540911,0.00374147471203147,0,3.82084049585334e-17
100-104,men,Eye,AB,0,0,0,0,0.770002129937509,0,0,0,0,2.00482917488285e-30,0.0155731358280334,0,0,0.192198430050474,0.0180654238464116,0.000419405625540911,0.00374147471203147,0,3.82084049585334e-17
105-109,men,Eye,AB,0,0,0,0,0.770002129937509,0,0,0,0,2.00482917488285e-30,0.0155731358280334,0,0,0.192198430050474,0.0180654238464116,0.000419405625540911,0.00374147471203147,0,3.82084049585334e-17
70-74,women,Eye,AB,0,0,0,0,0.928638996300626,0,0,0,0,0.00434063710418363,0.00987987557622635,0,0,0.0520725138057501,0.00184511599096799,0.000721577620404005,0.00226479749968387,0,0.000236486102158253
75-79,women,Eye,AB,0,0,0,0,0.922331978703253,0,0,0,0,0.00670569476427665,0.00896849917921428,0,0,0.0559605495563028,0.00312130384032047,0.000655638047194558,0.00207854065035,0,0.000177795259088557
65-69,women,Eye,AB,0,0,0,0,0.934643519797429,0,0,0,0,4.24911216097066e-24,0.0103456947640406,0,0,0.0514352940352269,0.00131848991814462,0.000522503011559098,0.0017344984520033,0,2.15964834087682e-11
80-84,women,Eye,AB,0,0,0,0,0.877428551937845,0,0,0,0,0.00694630464604118,0.0180614819019135,0,0,0.0879116478658986,0.0042750177871475,0.00102539664764355,0.00396741261302098,0,0.000384186600490323
85-89,women,Eye,AB,0,0,0,0,0.828306289166094,0,0,0,0,0.00612052007903286,0.0188070365575723,0,0,0.133542929518962,0.00610852264810488,0.00130772156089534,0.00534100106423891,0,0.000465979405100033
90-94,women,Eye,AB,0,0,0,0,0.800559962120708,0,0,0,0,0.00155653784954292,0.00811221956177216,0,0,0.175211229867256,0.00765503390041341,0.00110127199969447,0.00534991334165961,0,0.000453831358953504
95-99,women,Eye,AB,0,0,0,0,0.76765882793014,0,0,0,0,3.09236944808969e-30,0.0149847692045351,0,0,0.205644460215384,0.00593943360946271,0.000366298544988933,0.005406210495489,0,1.97897821825973e-17
100-104,women,Eye,AB,0,0,0,0,0.76765882793014,0,0,0,0,3.09236944808969e-30,0.0149847692045351,0,0,0.205644460215384,0.00593943360946271,0.000366298544988933,0.005406210495489,0,1.97897821825973e-17
105-109,women,Eye,AB,0,0,0,0,0.76765882793014,0,0,0,0,3.09236944808969e-30,0.0149847692045351,0,0,0.205644460215384,0.00593943360946271,0.000366298544988933,0.005406210495489,0,1.97897821825973e-17
70-74,men,MSK,AB,0,0,0,0,0.922542692871175,0,0,0,0,0.00524109540070328,0.0135918155329995,0,0,0.0515955665032686,0.00408962180502175,0.000766816713779197,0.00144889062346393,0,0.000723500549589074
75-79,men,MSK,AB,0,0,0,0,0.914770850317982,0,0,0,0,0.00808328375202876,0.0123174618559548,0,0,0.055355562613346,0.00690670614187207,0.000695581655891448,0.00132751734560444,0,0.000543036317320849
65-69,men,MSK,AB,0,0,0,0,0.930090398004162,0,0,0,0,5.13981053414996e-24,0.014258242146324,0,0,0.0510558365994662,0.00292763288570945,0.000556259756951132,0.00111163054119656,0,6.61906446498418e-11
80-84,men,MSK,AB,0,0,0,0,0.866279913252547,0,0,0,0,0.00833125934459488,0.0246812765182556,0,0,0.0865243814427797,0.00941208069598453,0.00108240215788348,0.00252116828716993,0,0.00116751830078527
85-89,men,MSK,AB,0,0,0,0,0.816244579417025,0,0,0,0,0.00732645861983324,0.0256497745776948,0,0,0.131178278749438,0.0134224826384517,0.00137772007560147,0.00338739683172812,0,0.00141330909022763
90-94,men,MSK,AB,0,0,0,0,0.791413065247961,0,0,0,0,0.0018704061760832,0.0111064009725833,0,0,0.172772029666258,0.016885512590508,0.00116469113019369,0.00340612536148978,0,0.00138176885492361
95-99,men,MSK,AB,0,0,0,0,0.759624471823228,0,0,0,0,3.71821661800567e-30,0.020528195824149,0,0,0.202906324163285,0.0131092919136621,0.000387630941340931,0.00344408533433506,0,6.02905135954484e-17
100-104,men,MSK,AB,0,0,0,0,0.759624471823228,0,0,0,0,3.71821661800567e-30,0.020528195824149,0,0,0.202906324163285,0.0131092919136621,0.000387630941340931,0.00344408533433506,0,6.02905135954484e-17
105-109,men,MSK,AB,0,0,0,0,0.759624471823228,0,0,0,0,3.71821661800567e-30,0.020528195824149,0,0,0.202906324163285,0.0131092919136621,0.000387630941340931,0.00344408533433506,0,6.02905135954484e-17
70-74,women,MSK,AB,0,0,0,0,0.9192243189933,0,0,0,0,0.00807673007306991,0.0130662499630308,0,0,0.0551542607180884,0.00134332014676277,0.000669101519492688,0.00209163183199018,0,0.000374386754265585
75-79,women,MSK,AB,0,0,0,0,0.911473637343547,0,0,0,0,0.0124541099540236,0.0118387563887941,0,0,0.0591615193944672,0.00226818631875695,0.000606820066029473,0.00191602518164777,0,0.000280945352733679
65-69,women,MSK,AB,0,0,0,0,0.928503773519745,0,0,0,0,7.93843790300921e-24,0.0137376964029957,0,0,0.054699898106618,0.000963801139273986,0.000486466037426007,0.00160836475961329,0,3.43283285803114e-11
80-84,women,MSK,AB,0,0,0,0,0.862753150149628,0,0,0,0,0.0128302979918905,0.0237112087330263,0,0,0.0924310254539107,0.0030895455893039,0.000943847175957393,0.00363717386599167,0,0.000603751040291772
85-89,women,MSK,AB,0,0,0,0,0.812747787144352,0,0,0,0,0.0112810424229053,0.0246376153538849,0,0,0.140110356474656,0.00440525303339307,0.00120116608160328,0.00488604368108597,0,0.000730735808119813
90-94,women,MSK,AB,0,0,0,0,0.789315464590995,0,0,0,0,0.0028856800859135,0.0106892095209604,0,0,0.184900833284615,0.00555276610189429,0.0010174427103548,0.0049227640391567,0,0.000715839666109836
95-99,women,MSK,AB,0,0,0,0,0.754447072970666,0,0,0,0,5.71365027667638e-30,0.0196783977887131,0,0,0.216285661299784,0.00429379274441199,0.000337275150419844,0.00495780004600517,0,3.11097166971376e-17
100-104,women,MSK,AB,0,0,0,0,0.754447072970666,0,0,0,0,5.71365027667638e-30,0.0196783977887131,0,0,0.216285661299784,0.00429379274441199,0.000337275150419844,0.00495780004600517,0,3.11097166971376e-17
105-109,women,MSK,AB,0,0,0,0,0.754447072970666,0,0,0,0,5.71365027667638e-30,0.0196783977887131,0,0,0.216285661299784,0.00429379274441199,0.000337275150419844,0.00495780004600517,0,3.11097166971376e-17
70-74,men,Metabolic,AB,0,0,0,0,0.91462885573812,0,0,0,0,0.00198788168227089,0.00495152431256668,0,0,0.0690861339402098,0.00587694976374899,0.00110647368891757,0.00209321377639345,0,0.000268967097772876
75-79,men,Metabolic,AB,0,0,0,0,0.905422198696843,0,0,0,0,0.00306120297869424,0.00448041772045328,0,0,0.0740074789313623,0.00991004542717808,0.00100215172197553,0.00191493493789457,0,0.000201569585598596
65-69,men,Metabolic,AB,0,0,0,0,0.920034954497853,0,0,0,0,1.94439703874614e-24,0.00518079972655142,0,0,0.0681856956930921,0.00419618687989345,0.000800564884529853,0.00160179829353732,0,2.45429225177278e-11
80-84,men,Metabolic,AB,0,0,0,0,0.853554859902395,0,0,0,0,0.00314436289799413,0.00894710644577626,0,0,0.115284401877097,0.0134588519277676,0.00155414563400407,0.00362437695693583,0,0.000431894358030332
85-89,men,Metabolic,AB,0,0,0,0,0.790268612737056,0,0,0,0,0.00271749030625569,0.00913798482463807,0,0,0.171769427714715,0.0188628415754337,0.00194408810656291,0.00478574434845391,0,0.000513810386885242
90-94,men,Metabolic,AB,0,0,0,0,0.745821733361829,0,0,0,0,0.000674151229986867,0.00384492373013803,0,0,0.219839069288124,0.0230587635590904,0.00159703055559267,0.00467618352003178,0,0.000488144755206776
95-99,men,Metabolic,AB,0,0,0,0,0.712634269180294,0,0,0,0,1.33511566930265e-30,0.00707991371070788,0,0,0.257211171138531,0.0178346176670814,0.000529521618208409,0.00471050668517716,0,2.12190049211754e-17
100-104,men,Metabolic,AB,0,0,0,0,0.712634269180294,0,0,0,0,1.33511566930265e-30,0.00707991371070788,0,0,0.257211171138531,0.0178346176670814,0.000529521618208409,0.00471050668517716,0,2.12190049211754e-17
105-109,men,Metabolic,AB,0,0,0,0,0.712634269180294,0,0,0,0,1.33511566930265e-30,0.00707991371070788,0,0,0.257211171138531,0.0178346176670814,0.000529521618208409,0.00471050668517716,0,2.12190049211754e-17
70-74,women,Metabolic,AB,0,0,0,0,0.912172684042626,0,0,0,0,0.00306674767218908,0.00476525795358438,0,0,0.0739318512973875,0.00193251274806077,0.000966530460714849,0.0030250825729211,0,0.000139333252516499
75-79,women,Metabolic,AB,0,0,0,0,0.904598767065162,0,0,0,0,0.00473063754041358,0.00431922710101404,0,0,0.0793334489805051,0.00326426996117561,0.000876895750770818,0.00277215625729233,0,0.000104597343666358
65-69,women,Metabolic,AB,0,0,0,0,0.917634542123808,0,0,0,0,3.0002915753002e-24,0.00498695331124151,0,0,0.0729835469716389,0.00138011796686999,0.000699458560942472,0.00231538105278258,0,1.27166551334671e-11
80-84,women,Metabolic,AB,0,0,0,0,0.851834464342142,0,0,0,0,0.00485378408342702,0.00861569628164078,0,0,0.123444435871262,0.00442831679202725,0.00135839615836384,0.0052410377457173,0,0.000223868725419809
85-89,women,Metabolic,AB,0,0,0,0,0.788128732234347,0,0,0,0,0.00419201419464654,0.00879356868422538,0,0,0.183803504794537,0.00620218526480796,0.00169807796453405,0.00691576731897737,0,0.000266149543925367
90-94,women,Metabolic,AB,0,0,0,0,0.743948634565752,0,0,0,0,0.00104028819687701,0.00370121280254952,0,0,0.235317591751432,0.007584295271101,0.00139539289455,0.00675964710430734,0,0.000252937413431194
95-99,women,Metabolic,AB,0,0,0,0,0.706506250416914,0,0,0,0,2.0478047056267e-30,0.00677419345450947,0,0,0.273660835878591,0.00583064129075583,0.000459875508340742,0.00676820345088904,0,1.09285555230218e-17
100-104,women,Metabolic,AB,0,0,0,0,0.706506250416914,0,0,0,0,2.0478047056267e-30,0.00677419345450947,0,0,0.273660835878591,0.00583064129075583,0.000459875508340742,0.00676820345088904,0,1.09285555230218e-17
105-109,women,Metabolic,AB,0,0,0,0,0.706506250416914,0,0,0,0,2.0478047056267e-30,0.00677419345450947,0,0,0.273660835878591,0.00583064129075583,0.000459875508340742,0.00676820345088904,0,1.09285555230218e-17
70-74,men,Unspecified,PB,0,0.0321454996256121,0,0,0.928253770801582,0,0,0,0,0.0070035137398345,0.015600573193391,0,0,0.0166046506051896,0.000391992034391186,0,0,0,0
75-79,men,Unspecified,PB,0,0.0287835515261693,0,0,0.920190091603685,0,0,0,0,0.0109012652673542,0.0142685378997602,0,0,0.0251884248361443,0.000668128866886669,0,0,0,0
65-69,men,Unspecified,PB,0,0.0283208220538434,0,0,0.94119693663449,0,0,0,0,6.89024166256485e-24,0.0164180847756678,0,0,0.0137826398540312,0.000281516681967082,0,0,0,0
80-84,men,Unspecified,PB,0,0.0359908287045555,0,0,0.880167585522887,0,0,0,0,0.0115474260392617,0.0293840271641434,0,0,0.0419743814578096,0.000935751111342639,0,0,0,0
85-89,men,Unspecified,PB,0,0.0414130758109809,0,0,0.84164761976438,0,0,0,0,0.010663003192448,0.0320655102102725,0,0,0.0728095318662851,0.00140125915563363,0,0,0,0
90-94,men,Unspecified,PB,0,0.0406872482148795,0,0,0.82435075866771,0,0,0,0,0.00288333011850065,0.0147062164264489,0,0,0.115505323852013,0.00186712272044764,0,0,0,0
95-99,men,Unspecified,PB,0,0.0171343388911283,0,0,0.779053245528672,0,0,0,0,6.061463246436e-30,0.0287450278817184,0,0,0.173534458145095,0.00153292955338671,0,0,0,0
100-104,men,Unspecified,PB,0,0.0171343388911283,0,0,0.779053245528672,0,0,0,0,6.061463246436e-30,0.0287450278817184,0,0,0.173534458145095,0.00153292955338671,0,0,0,0
105-109,men,Unspecified,PB,0,0.0171343388911283,0,0,0.779053245528672,0,0,0,0,6.061463246436e-30,0.0287450278817184,0,0,0.173534458145095,0.00153292955338671,0,0,0,0
70-74,women,Unspecified,PB,0,0.0135769085791491,0,0,0.946437545202475,0,0,0,0,0.0110266972568783,0.0153225133355657,0,0,0.0135047860099913,0.000131549615940272,0,0,0,0
75-79,women,Unspecified,PB,0,0.012102408768073,0,0,0.936150092528511,0,0,0,0,0.0170864995070963,0.0139513312502651,0,0,0.0204864550391133,0.000223212906940994,0,0,0,0
65-69,women,Unspecified,PB,0,0.0119826144485073,0,0,0.960581136331677,0,0,0,0,1.08674821936227e-23,0.0161538841321242,0,0,0.0111877236138696,9.46414738222147e-05,0,0,0,0
80-84,women,Unspecified,PB,0,0.0152097318650719,0,0,0.903043911590637,0,0,0,0,0.0181912965260958,0.0288768466963849,0,0,0.0343640020995905,0.000314211222220063,0,0,0,0
85-89,women,Unspecified,PB,0,0.0175795033796896,0,0,0.873424916346662,0,0,0,0,0.0168731981424271,0.0316530824085543,0,0,0.0599966719837818,0.000472627738885655,0,0,0,0
90-94,women,Unspecified,PB,0,0.0173385546528911,0,0,0.867003068705102,0,0,0,0,0.00458033976167228,0.0145735134311978,0,0,0.0958723167895738,0.000632206659563134,0,0,0,0
95-99,women,Unspecified,PB,0,0.00720307990839112,0,0,0.818953456857873,0,0,0,0,9.49898297047205e-30,0.0281010374518661,0,0,0.145230384817758,0.00051204096411164,0,0,0,0
100-104,women,Unspecified,PB,0,0.00720307990839112,0,0,0.818953456857873,0,0,0,0,9.49898297047205e-30,0.0281010374518661,0,0,0.145230384817758,0.00051204096411164,0,0,0,0
105-109,women,Unspecified,PB,0,0.00720307990839112,0,0,0.818953456857873,0,0,0,0,9.49898297047205e-30,0.0281010374518661,0,0,0.145230384817758,0.00051204096411164,0,0,0,0
70-74,men,Complex,PB,0,0.0479629576525611,0,0,0.877521812615925,0,0,0,0,0.00684168320345028,0.0192670343939972,0,0,0.0470589901790854,0.00134752195498147,0,0,0,0
75-79,men,Complex,PB,0,0.0430098014177654,0,0,0.856070731612679,0,0,0,0,0.0106650075094065,0.0176478202817901,0,0,0.0703064893507615,0.00230014982759749,0,0,0,0
65-69,men,Complex,PB,0,0.0423525900348161,0,0,0.896763076215068,0,0,0,0,6.74636405253655e-24,0.020322875388692,0,0,0.0395915044778049,0.000969953883619294,0,0,0,0
80-84,men,Complex,PB,0,0.0532206418735761,0,0,0.783554991159172,0,0,0,0,0.0111798158649895,0.0359656670599372,0,0,0.112890861048735,0.00318802299359099,0,0,0,0
85-89,men,Complex,PB,0,0.060813042539524,0,0,0.699968870509208,0,0,0,0,0.0102517966665465,0.0389749835564737,0,0,0.185250518672139,0.00474078805610852,0,0,0,0
90-94,men,Complex,PB,0,0.0598758827190787,0,0,0.639037589500839,0,0,0,0,0.00277810834504055,0.0179136095926524,0,0,0.274064290990311,0.00633051885207856,0,0,0,0
95-99,men,Complex,PB,0,0.0254279182337395,0,0,0.553398905862867,0,0,0,0,5.88955022766213e-30,0.0353097570527278,0,0,0.380622125312964,0.00524129353770165,0,0,0,0
100-104,men,Complex,PB,0,0.0254279182337395,0,0,0.553398905862867,0,0,0,0,5.88955022766213e-30,0.0353097570527278,0,0,0.380622125312964,0.00524129353770165,0,0,0,0
105-109,men,Complex,PB,0,0.0254279182337395,0,0,0.553398905862867,0,0,0,0,5.88955022766213e-30,0.0353097570527278,0,0,0.380622125312964,0.00524129353770165,0,0,0,0
70-74,women,Complex,PB,0,0.0204873381977941,0,0,0.910266908020743,0,0,0,0,0.0108940984037082,0.019138292696922,0,0,0.0387560143909609,0.00045734828987202,0,0,0,0
75-79,women,Complex,PB,0,0.0182777635042135,0,0,0.888549200319033,0,0,0,0,0.0168952854797249,0.0174403593022576,0,0,0.0580607091598938,0.000776682234877175,0,0,0,0
65-69,women,Complex,PB,0,0.018096480511041,0,0,0.92893324300587,0,0,0,0,1.07456495028787e-23,0.020193334458461,0,0,0.032447638134979,0.000329303889648961,0,0,0,0
80-84,women,Complex,PB,0,0.0227915210820365,0,0,0.827957131833223,0,0,0,0,0.0178474677379923,0.035817070452044,0,0,0.094502017387,0.00108479150770402,0,0,0,0
85-89,women,Complex,PB,0,0.0262165041742925,0,0,0.758995489667383,0,0,0,0,0.0164750516445019,0.0390726374911282,0,0,0.157616413524171,0.00162390349852349,0,0,0,0
90-94,women,Complex,PB,0,0.0259180663825888,0,0,0.712097028011968,0,0,0,0,0.004482792125568,0.0180319424645725,0,0,0.237292854311194,0.0021773167041085,0,0,0,0
95-99,women,Complex,PB,0,0.0107710148856992,0,0,0.618302819330422,0,0,0,0,9.299866243463e-30,0.0347815785508048,0,0,0.334380516755229,0.00176407047784522,0,0,0,0
100-104,women,Complex,PB,0,0.0107710148856992,0,0,0.618302819330422,0,0,0,0,9.299866243463e-30,0.0347815785508048,0,0,0.334380516755229,0.00176407047784522,0,0,0,0
105-109,women,Complex,PB,0,0.0107710148856992,0,0,0.618302819330422,0,0,0,0,9.299866243463e-30,0.0347815785508048,0,0,0.334380516755229,0.00176407047784522,0,0,0,0
70-74,men,Neuropsychiatric,PB,0,0.0397256935339627,0,0,0.874402110138891,0,0,0,0,0.00573620530136892,0.040115755921474,0,0,0.0389806377784255,0.00103959732587777,0,0,0,0
75-79,men,Neuropsychiatric,PB,0,0.0356908891765241,0,0,0.858406520155503,0,0,0,0,0.008958747370949,0.0368142179174525,0,0,0.0583517151501967,0.00177791022937491,0,0,0,0
65-69,men,Neuropsychiatric,PB,0,0.0349576223206565,0,0,0.889389421974432,0,0,0,0,5.63673838819386e-24,0.0421678678079117,0,0,0.0327393662157334,0.000745721681266473,0,0,0,0
80-84,men,Neuropsychiatric,PB,0,0.0432734787846324,0,0,0.777040587235796,0,0,0,0,0.0092017948451273,0.073513042479157,0,0,0.0945565982717246,0.00241449838356326,0,0,0,0
85-89,men,Neuropsychiatric,PB,0,0.0493201053453864,0,0,0.701799888163921,0,0,0,0,0.00841634328736115,0.0794598571406422,0,0,0.157422498865026,0.00358130719766352,0,0,0,0
90-94,men,Neuropsychiatric,PB,0,0.0497338946293407,0,0,0.668793689994391,0,0,0,0,0.00233585518170545,0.0374040149347675,0,0,0.236834716247237,0.00489782901255826,0,0,0,0
95-99,men,Neuropsychiatric,PB,0,0.0205368723449832,0,0,0.56921053475717,0,0,0,0,4.81506130930545e-30,0.0716890462632086,0,0,0.334620555936863,0.00394299069777516,0,0,0,0
100-104,men,Neuropsychiatric,PB,0,0.0205368723449832,0,0,0.56921053475717,0,0,0,0,4.81506130930545e-30,0.0716890462632086,0,0,0.334620555936863,0.00394299069777516,0,0,0,0
105-109,men,Neuropsychiatric,PB,0,0.0205368723449832,0,0,0.56921053475717,0,0,0,0,4.81506130930545e-30,0.0716890462632086,0,0,0.334620555936863,0.00394299069777516,0,0,0,0
70-74,women,Neuropsychiatric,PB,0,0.0168973163251223,0,0,0.901974081247744,0,0,0,0,0.00909535564653969,0.0396798448923857,0,0,0.0320020494033473,0.000351352484861117,0,0,0,0
75-79,women,Neuropsychiatric,PB,0,0.015115457198605,0,0,0.88583703847045,0,0,0,0,0.0141435999096572,0.0362566970675912,0,0,0.0480489261235498,0.00059828123014688,0,0,0,0
65-69,women,Neuropsychiatric,PB,0,0.0148733701214906,0,0,0.916393970218378,0,0,0,0,8.94013611064237e-24,0.0417213046236173,0,0,0.0267592532642987,0.000252101772215834,0,0,0,0
80-84,women,Neuropsychiatric,PB,0,0.0184485210377886,0,0,0.814542868573967,0,0,0,0,0.0146238271415385,0.0728807582475782,0,0,0.0786861286038031,0.00081789639532506,0,0,0,0
85-89,women,Neuropsychiatric,PB,0,0.021138308301952,0,0,0.752246762924796,0,0,0,0,0.0134467839164698,0.0791959096102704,0,0,0.132752629570278,0.00121960567623435,0,0,0,0
90-94,women,Neuropsychiatric,PB,0,0.0213797658451565,0,0,0.733003889939625,0,0,0,0,0.00374321817580329,0.0373918915487542,0,0,0.202808273851376,0.00167296063928509,0,0,0,0
95-99,women,Neuropsychiatric,PB,0,0.00867486082117778,0,0,0.628875771810992,0,0,0,0,7.5819128120938e-30,0.0704189838602936,0,0,0.290707000378443,0.00132338312909389,0,0,0,0
100-104,women,Neuropsychiatric,PB,0,0.00867486082117778,0,0,0.628875771810992,0,0,0,0,7.5819128120938e-30,0.0704189838602936,0,0,0.290707000378443,0.00132338312909389,0,0,0,0
105-109,women,Neuropsychiatric,PB,0,0.00867486082117778,0,0,0.628875771810992,0,0,0,0,7.5819128120938e-30,0.0704189838602936,0,0,0.290707000378443,0.00132338312909389,0,0,0,0
70-74,men,Cardiovascular,PB,0,0.0370366244676692,0,0,0.933629796207995,0,0,0,0,0.00299389593156581,4.95545985367568e-28,0,0,0.0256791063008509,0.000660577091919585,0,0,0,0
75-79,men,Cardiovascular,PB,0,0.0332068642409899,0,0,0.922241218464088,0,0,0,0,0.00466627030034305,4.53832035805186e-28,0,0,0.038758245068441,0.00112740192613789,0,0,0,0
65-69,men,Cardiovascular,PB,0,0.0325322426324171,0,0,0.945573432031023,0,0,0,0,2.93664939204395e-24,5.19951493668789e-28,0,0,0.0214213403760888,0.000472984960470624,0,0,0,0
80-84,men,Cardiovascular,PB,0,0.042189979921,0,0,0.887338751946368,0,0,0,0,0.00502240994917962,9.49644326090921e-28,0,0,0.0638444573727836,0.00160440081066824,0,0,0,0
85-89,men,Cardiovascular,PB,0,0.0485796454855804,0,0,0.835528620942352,0,0,0,0,0.00464093932221401,1.03702015501984e-27,0,0,0.108846595505049,0.00240419874480475,0,0,0,0
90-94,men,Cardiovascular,PB,0,0.0465166031500631,0,0,0.780492877309267,0,0,0,0,0.00122307627113151,4.6353530392413e-28,0,0,0.168645265784559,0.00312217748497956,0,0,0,0
95-99,men,Cardiovascular,PB,0,0.0199285274789226,0,0,0.730645757016979,0,0,0,0,2.61574154942857e-30,9.21727999994988e-28,0,0,0.246817970610659,0.00260774489343911,0,0,0,0
100-104,men,Cardiovascular,PB,0,0.0199285274789226,0,0,0.730645757016979,0,0,0,0,2.61574154942857e-30,9.21727999994988e-28,0,0,0.246817970610659,0.00260774489343911,0,0,0,0
105-109,men,Cardiovascular,PB,0,0.0199285274789226,0,0,0.730645757016979,0,0,0,0,2.61574154942857e-30,9.21727999994988e-28,0,0,0.246817970610659,0.00260774489343911,0,0,0,0
70-74,women,Cardiovascular,PB,0,0.0157250324320571,0,0,0.95825333331705,0,0,0,0,0.00473855149336808,4.89274805547438e-28,0,0,0.0210602313970527,0.000222851360472048,0,0,0,0
75-79,women,Cardiovascular,PB,0,0.0140529073833007,0,0,0.946416232604079,0,0,0,0,0.00736134144340887,4.4662415321827e-28,0,0,0.0317904229908329,0.000379095578378488,0,0,0,0
65-69,women,Cardiovascular,PB,0,0.013795167823267,0,0,0.968559131370667,0,0,0,0,4.64209300144895e-24,5.12725072056544e-28,0,0,0.0174863361732829,0.000159364632783463,0,0,0,0
80-84,women,Cardiovascular,PB,0,0.0179614901116401,0,0,0.920636123051842,0,0,0,0,0.00797065397990279,9.40162147460689e-28,0,0,0.0528890107065332,0.000542722150081681,0,0,0,0
85-89,women,Cardiovascular,PB,0,0.0207833902920122,0,0,0.880010725817315,0,0,0,0,0.00740144804570171,1.03171082783087e-27,0,0,0.0909871686863727,0.000817267158598147,0,0,0,0
90-94,women,Cardiovascular,PB,0,0.0199227299598772,0,0,0.834685361681151,0,0,0,0,0.0019527342712614,4.61670804408919e-28,0,0,0.142376671314994,0.00106250277271585,0,0,0,0
95-99,women,Cardiovascular,PB,0,0.00838781388969238,0,0,0.780192576377947,0,0,0,0,4.10409267763879e-30,9.02163174466947e-28,0,0,0.210547501655412,0.000872108076947745,0,0,0,0
100-104,women,Cardiovascular,PB,0,0.00838781388969238,0,0,0.780192576377947,0,0,0,0,4.10409267763879e-30,9.02163174466947e-28,0,0,0.210547501655412,0.000872108076947745,0,0,0,0
105-109,women,Cardiovascular,PB,0,0.00838781388969238,0,0,0.780192576377947,0,0,0,0,4.10409267763879e-30,9.02163174466947e-28,0,0,0.210547501655412,0.000872108076947745,0,0,0,0
70-74,men,Eye,PB,0,0.0337871940909677,0,0,0.924059246146994,0,0,0,0,0.00549201617109601,0.0157673835449561,0,0,0.0203349249732381,0.00055923507274832,0,0,0,0
75-79,men,Eye,PB,0,0.0302841920867667,0,0,0.914990883410764,0,0,0,0,0.00855721406810922,0.0144357122369822,0,0,0.0307778473040215,0.000954150893356489,0,0,0,0
65-69,men,Eye,PB,0,0.0297250894917464,0,0,0.936405266198446,0,0,0,0,5.39554905940443e-24,0.0165701690689733,0,0,0.0168984177216795,0.000401057519154471,0,0,0,0
80-84,men,Eye,PB,0,0.0378421906638948,0,0,0.8710065783077,0,0,0,0,0.00905844158744005,0.0297086467620584,0,0,0.0510486854390517,0.00133545723985483,0,0,0,0
85-89,men,Eye,PB,0,0.043503945220698,0,0,0.825930190297478,0,0,0,0,0.00835708022293692,0.0323904096601268,0,0,0.0878203775998266,0.00199799699893377,0,0,0,0
90-94,men,Eye,PB,0,0.0426580597965077,0,0,0.799717679047548,0,0,0,0,0.00225538675028401,0.0148262344561317,0,0,0.13788558303948,0.0026570569100491,0,0,0,0
95-99,men,Eye,PB,0,0.0179731633876765,0,0,0.746044439727315,0,0,0,0,4.74371426999279e-30,0.0289939265573813,0,0,0.204805918429533,0.00218255189809483,0,0,0,0
100-104,men,Eye,PB,0,0.0179731633876765,0,0,0.746044439727315,0,0,0,0,4.74371426999279e-30,0.0289939265573813,0,0,0.204805918429533,0.00218255189809483,0,0,0,0
105-109,men,Eye,PB,0,0.0179731633876765,0,0,0.746044439727315,0,0,0,0,4.74371426999279e-30,0.0289939265573813,0,0,0.204805918429533,0.00218255189809483,0,0,0,0
70-74,women,Eye,PB,0,0.0143007652015571,0,0,0.944723389021383,0,0,0,0,0.00866538193558255,0.0155194212235211,0,0,0.0166029667046834,0.000188075913273078,0,0,0,0
75-79,women,Eye,PB,0,0.0127668319430871,0,0,0.934193833560141,0,0,0,0,0.0134477088679205,0.0141518789376751,0,0,0.0251201400170348,0.00031960667414127,0,0,0,0
65-69,women,Eye,PB,0,0.012589450655493,0,0,0.957198174280255,0,0,0,0,8.51859571356844e-24,0.0163199674393263,0,0,0.0137574423942289,0.000134965230697081,0,0,0,0
80-84,women,Eye,PB,0,0.0160407665354639,0,0,0.897909288288358,0,0,0,0,0.0143136729245024,0.029284678301724,0,0,0.0420018032573433,0.000449790692608336,0,0,0,0
85-89,women,Eye,PB,0,0.0185266420788601,0,0,0.862635994638903,0,0,0,0,0.0132669591417129,0.0320769633492758,0,0,0.0728173663331863,0.000676074458062088,0,0,0,0
90-94,women,Eye,PB,0,0.0182187546943804,0,0,0.847288920376893,0,0,0,0,0.00359076817153023,0.0147250640460981,0,0,0.115274817614029,0.000901675097068952,0,0,0,0
95-99,women,Eye,PB,0,0.0075629189043697,0,0,0.790582294539308,0,0,0,0,7.44101527174819e-30,0.028371395301254,0,0,0.172753663054811,0.000729728200256881,0,0,0,0
100-104,women,Eye,PB,0,0.0075629189043697,0,0,0.790582294539308,0,0,0,0,7.44101527174819e-30,0.028371395301254,0,0,0.172753663054811,0.000729728200256881,0,0,0,0
105-109,women,Eye,PB,0,0.0075629189043697,0,0,0.790582294539308,0,0,0,0,7.44101527174819e-30,0.028371395301254,0,0,0.172753663054811,0.000729728200256881,0,0,0,0
70-74,men,MSK,PB,0,0.0369367988979447,0,0,0.918363054036544,0,0,0,0,0.0101761682415795,0.0207648835425058,0,0,0.0133536608419539,0.000405434439472241,0,0,0,0
75-79,men,MSK,PB,0,0.0330428369866026,0,0,0.911185457888805,0,0,0,0,0.0158248307938308,0.0189741483277736,0,0,0.020282331213672,0.000690394789315711,0,0,0,0
65-69,men,MSK,PB,0,0.0326740930128705,0,0,0.933983755270238,0,0,0,0,1.00522055102023e-23,0.0219416887056329,0,0,0.0111081109627654,0.000292352048492877,0,0,0,0
80-84,men,MSK,PB,0,0.0410028901156214,0,0,0.868698273184605,0,0,0,0,0.0166355449013651,0.0387778573981864,0,0,0.033925840906546,0.000959593493676195,0,0,0,0
85-89,men,MSK,PB,0,0.0470940947504647,0,0,0.834535806631386,0,0,0,0,0.0153333738276066,0.042239327013253,0,0,0.0593630589679247,0.00143433880936469,0,0,0,0
90-94,men,MSK,PB,0,0.0467583275685868,0,0,0.832439503038159,0,0,0,0,0.00419009855490648,0.019577240384336,0,0,0.0951034055148066,0.00193142493920552,0,0,0,0
95-99,men,MSK,PB,0,0.0196947709883833,0,0,0.795470754890147,0,0,0,0,8.81029149989142e-30,0.038273324426953,0,0,0.144975124433088,0.0015860252614289,0,0,0,0
100-104,men,MSK,PB,0,0.0196947709883833,0,0,0.795470754890147,0,0,0,0,8.81029149989142e-30,0.038273324426953,0,0,0.144975124433088,0.0015860252614289,0,0,0,0
105-109,men,MSK,PB,0,0.0196947709883833,0,0,0.795470754890147,0,0,0,0,8.81029149989142e-30,0.038273324426953,0,0,0.144975124433088,0.0015860252614289,0,0,0,0
70-74,women,MSK,PB,0,0.0156224719926592,0,0,0.936871142204674,0,0,0,0,0.0160444018521586,0.0204234327073872,0,0,0.0109022992807488,0.000136251962372568,0,0,0,0
75-79,women,MSK,PB,0,0.0138926526088887,0,0,0.925958352149532,0,0,0,0,0.0248025124263568,0.0185514935102449,0,0,0.0165643480553495,0.000230641249628667,0,0,0,0
65-69,women,MSK,PB,0,0.0138673927842319,0,0,0.955332921580898,0,0,0,0,1.59038176369474e-23,0.0216555921830822,0,0,0.00904550431905412,9.85891327342193e-05,0,0,0,0
80-84,women,MSK,PB,0,0.0173369825318961,0,0,0.890150028395548,0,0,0,0,0.0262207328464088,0.0381286642171615,0,0,0.0278412046784923,0.000322387330493521,0,0,0,0
85-89,women,MSK,PB,0,0.0200161930123325,0,0,0.864526855749061,0,0,0,0,0.0242941385183078,0.0417484884687634,0,0,0.0489299306413768,0.000484393610159182,0,0,0,0
90-94,women,MSK,PB,0,0.0199938555936984,0,0,0.874390970493941,0,0,0,0,0.0066789866067788,0.0194669446728907,0,0,0.0788130262840062,0.000656216348685685,0,0,0,0
95-99,women,MSK,PB,0,0.00829617821675217,0,0,0.832836131055445,0,0,0,0,1.38345860221187e-29,0.037491435007146,0,0,0.12084540933204,0.000530846388617568,0,0,0,0
100-104,women,MSK,PB,0,0.00829617821675217,0,0,0.832836131055445,0,0,0,0,1.38345860221187e-29,0.037491435007146,0,0,0.12084540933204,0.000530846388617568,0,0,0,0
105-109,women,MSK,PB,0,0.00829617821675217,0,0,0.832836131055445,0,0,0,0,1.38345860221187e-29,0.037491435007146,0,0,0.12084540933204,0.000530846388617568,0,0,0,0
70-74,men,Metabolic,PB,0,0.0433411053836242,0,0,0.923438448776228,0,0,0,0,0.00394448793003139,0.00773087818221042,0,0,0.0209496543325867,0.000595425395319151,0,0,0,0
75-79,men,Metabolic,PB,0,0.0388952408325634,0,0,0.915184390248373,0,0,0,0,0.00615352311755726,0.00708663443231257,0,0,0.0316630669274958,0.00101714444169845,0,0,0,0
65-69,men,Metabolic,PB,0,0.0381316869301164,0,0,0.935852389648601,0,0,0,0,3.87533687609938e-24,0.008124770992221,0,0,0.0174641261451338,0.000427026283928115,0,0,0,0
80-84,men,Metabolic,PB,0,0.0488935638320089,0,0,0.876007124236212,0,0,0,0,0.00655299565315858,0.014671672884804,0,0,0.0524424867979928,0.00143215659582324,0,0,0,0
85-89,men,Metabolic,PB,0,0.0561400392163802,0,0,0.829429473781724,0,0,0,0,0.00603822937651221,0.0159765075947748,0,0,0.09027569965739,0.00214005037321877,0,0,0,0
90-94,men,Metabolic,PB,0,0.0543734404047732,0,0,0.792356280014918,0,0,0,0,0.00160959904835525,0.00722333770212156,0,0,0.141626272785518,0.00281107004431422,0,0,0,0
95-99,men,Metabolic,PB,0,0.0232438819917981,0,0,0.749675387038694,0,0,0,0,3.43489629000593e-30,0.0143321886203786,0,0,0.210405749902523,0.00234279244660641,0,0,0,0
100-104,men,Metabolic,PB,0,0.0232438819917981,0,0,0.749675387038694,0,0,0,0,3.43489629000593e-30,0.0143321886203786,0,0,0.210405749902523,0.00234279244660641,0,0,0,0
105-109,men,Metabolic,PB,0,0.0232438819917981,0,0,0.749675387038694,0,0,0,0,3.43489629000593e-30,0.0143321886203786,0,0,0.210405749902523,0.00234279244660641,0,0,0,0
70-74,women,Metabolic,PB,0,0.01847293612327,0,0,0.950248480736032,0,0,0,0,0.00626722561210988,0.00766255340112562,0,0,0.0171471556589894,0.000201648468472786,0,0,0,0
75-79,women,Metabolic,PB,0,0.0165103813562479,0,0,0.940474686505244,0,0,0,0,0.00973718068242285,0.0069953493628267,0,0,0.0259393382890553,0.000343063804203175,0,0,0,0
65-69,women,Metabolic,PB,0,0.0162344812077922,0,0,0.961338167618698,0,0,0,0,6.15050264410856e-24,0.00804400374035459,0,0,0.014238890419531,0.000144457013624551,0,0,0,0
80-84,women,Metabolic,PB,0,0.0208981989557747,0,0,0.910301735618787,0,0,0,0,0.0104410890042848,0.0145829551514959,0,0,0.0432896372448838,0.000486384024774051,0,0,0,0
85-89,women,Metabolic,PB,0,0.0241293108481847,0,0,0.874424039967954,0,0,0,0,0.00967454537524624,0.0159684512201623,0,0,0.0750728032943276,0.000730849294124684,0,0,0,0
90-94,women,Metabolic,PB,0,0.0234060820018115,0,0,0.847065591148672,0,0,0,0,0.00258290461412429,0.00723083692926991,0,0,0.118753094346098,0.000961490960024309,0,0,0,0
95-99,women,Metabolic,PB,0,0.00980787804409399,0,0,0.797415416916061,0,0,0,0,5.40292297934759e-30,0.0140633132144374,0,0,0.177927917779442,0.000785474045965908,0,0,0,0
100-104,women,Metabolic,PB,0,0.00980787804409399,0,0,0.797415416916061,0,0,0,0,5.40292297934759e-30,0.0140633132144374,0,0,0.177927917779442,0.000785474045965908,0,0,0,0
105-109,women,Metabolic,PB,0,0.00980787804409399,0,0,0.797415416916061,0,0,0,0,5.40292297934759e-30,0.0140633132144374,0,0,0.177927917779442,0.000785474045965908,0,0,0,0
70-74,men,Unspecified,AHS,0,0,0,0,0,0.923404500380853,0,0.00126828970012018,0,0,0,0.00161959617488158,0,0.0613244210449616,0,0.00927187106828356,0.00311132163089998,0,0
75-79,men,Unspecified,AHS,0,0,0,0,0,0.905688448014195,0,3.26556148701451e-98,0,0,0,0.00332255482750937,0,0.0776913168356723,0,0.0099314823602534,0.00336619796237046,0,0
65-69,men,Unspecified,AHS,0,0,0,0,0,0.924741381755688,0,5.42899600246835e-22,0,0,0,0.00394554873288625,0,0.0620019429013693,0,0.0068721445437286,0.00243898206632794,0,0
80-84,men,Unspecified,AHS,0,0,0,0,0,0.904191066699715,0,0.00165980058005392,0,0,0,0.00518401531858747,0,0.0754000378798126,0,0.00959569537005361,0.00396938415177779,0,0
85-89,men,Unspecified,AHS,0,0,0,0,0,0.843354661476181,0,0.00191637208026159,0,0,0,0.00472585522639896,0,0.130041790431445,0,0.0138943022168002,0.00606701856891323,0,0
90-94,men,Unspecified,AHS,0,0,0,0,0,0.700611859379744,0,0.00835000037560621,0,0,0,0.00590568698915793,0,0.258225923956474,0,0.0177089134282448,0.00919761587077315,0,0
95-99,men,Unspecified,AHS,0,0,0,0,0,0.820588894454208,0,0.00434371725175336,0,0,0,5.95556786030963e-10,0,0.168483824419881,0,0.00255381328814065,0.00402974999046005,0,0
100-104,men,Unspecified,AHS,0,0,0,0,0,0.820588894454208,0,0.00434371725175336,0,0,0,5.95556786030963e-10,0,0.168483824419881,0,0.00255381328814065,0.00402974999046005,0,0
105-109,men,Unspecified,AHS,0,0,0,0,0,0.820588894454208,0,0.00434371725175336,0,0,0,5.95556786030963e-10,0,0.168483824419881,0,0.00255381328814065,0.00402974999046005,0,0
70-74,women,Unspecified,AHS,0,0,0,0,0,0.922109136997267,0,0.000237232122559315,0,0,0,0.000971091452181416,0,0.0643346969565224,0,0.0079398619229879,0.00440798054848223,0,0
75-79,women,Unspecified,AHS,0,0,0,0,0,0.90334735753487,0,6.10072662002656e-99,0,0,0,0.00198973030637971,0,0.0814053513609026,0,0.00849431400705991,0.00476324679078777,0,0
65-69,women,Unspecified,AHS,0,0,0,0,0,0.923264388694403,0,1.01527712305045e-22,0,0,0,0.00236521622963614,0,0.0650320060820745,0,0.00588366451241594,0.00345472448147026,0,0
80-84,women,Unspecified,AHS,0,0,0,0,0,0.903551057554238,0,0.000310747751549329,0,0,0,0.00311111968674477,0,0.0791736051202613,0,0.00822468118225324,0.00562878870495335,0,0
85-89,women,Unspecified,AHS,0,0,0,0,0,0.840219798124548,0,0.000357714645891228,0,0,0,0.00282771515817372,0,0.136143402678313,0,0.0118736478641835,0.00857772152889128,0,0
90-94,women,Unspecified,AHS,0,0,0,0,0,0.696696281460994,0,0.0015572557090302,0,0,0,0.00353054882240107,0,0.270103399666432,0,0.0151201426536957,0.0129923716874479,0,0
95-99,women,Unspecified,AHS,0,0,0,0,0,0.853447363035345,0,0.000810210826696954,0,0,0,3.56088568730297e-10,0,0.137868451772482,0,0.00218080168489936,0.00569317232448799,0,0
100-104,women,Unspecified,AHS,0,0,0,0,0,0.853447363035345,0,0.000810210826696954,0,0,0,3.56088568730297e-10,0,0.137868451772482,0,0.00218080168489936,0.00569317232448799,0,0
105-109,women,Unspecified,AHS,0,0,0,0,0,0.853447363035345,0,0.000810210826696954,0,0,0,3.56088568730297e-10,0,0.137868451772482,0,0.00218080168489936,0.00569317232448799,0,0
70-74,men,Complex,AHS,0,0,0,0,0,0.901358618046747,0,0.000516365476078126,0,0,0,0.000734359963023323,0,0.0859489355818458,0,0.00731795842472855,0.00412376250757763,0,0
75-79,men,Complex,AHS,0,0,0,0,0,0.878126643671838,0,1.32062690202078e-98,0,0,0,0.0014964353097253,0,0.108159101423242,0,0.00778610348499031,0.00443171611020488,0,0
65-69,men,Complex,AHS,0,0,0,0,0,0.902651334659005,0,2.21043967786967e-22,0,0,0,0.00178908129121538,0,0.0869025975985467,0,0.00542419448719821,0.00323279196403485,0,0
80-84,men,Complex,AHS,0,0,0,0,0,0.878935422429231,0,0.00067313419871921,0,0,0,0.00234139958082405,0,0.105265394176422,0,0.00754407534750938,0.00524057426729453,0,0
85-89,men,Complex,AHS,0,0,0,0,0,0.801211756255173,0,0.000759582276513731,0,0,0,0.00208611822610669,0,0.17743783978039,0,0.0106761717167023,0.00782853174511472,0,0
90-94,men,Complex,AHS,0,0,0,0,0,0.634124312571843,0,0.00315562964001706,0,0,0,0.00248561277938423,0,0.335944615893612,0,0.0129740410617068,0.0113157880534365,0,0
95-99,men,Complex,AHS,0,0,0,0,0,0.612420232076746,0,0.00171634881051054,0,0,0,2.62078080821536e-10,0,0.378723594566946,0,0.00195621673416883,0.00518360754955095,0,0
100-104,men,Complex,AHS,0,0,0,0,0,0.612420232076746,0,0.00171634881051054,0,0,0,2.62078080821536e-10,0,0.378723594566946,0,0.00195621673416883,0.00518360754955095,0,0
105-109,men,Complex,AHS,0,0,0,0,0,0.612420232076746,0,0.00171634881051054,0,0,0,2.62078080821536e-10,0,0.378723594566946,0,0.00195621673416883,0.00518360754955095,0,0
70-74,women,Complex,AHS,0,0,0,0,0,0.897494728734718,0,9.62956477547132e-05,0,0,0,0.000438992208546275,0,0.0898973184609051,0,0.00624784052768461,0.00582482442039152,0,0
75-79,women,Complex,AHS,0,0,0,0,0,0.873235458505538,0,2.45959841229718e-99,0,0,0,0.000893388527734965,0,0.112980608229586,0,0.00663887929891603,0.00625166543822468,0,0
65-69,women,Complex,AHS,0,0,0,0,0,0.8988326613692,0,4.12242440979504e-23,0,0,0,0.00106955338735242,0,0.0908999334388187,0,0.00463126704177506,0.00456658476285433,0,0
80-84,women,Complex,AHS,0,0,0,0,0,0.874599421585184,0,0.000125462022148159,0,0,0,0.00139889308600657,0,0.110040618392989,0,0.00643735088134507,0.00739825403232716,0,0
85-89,women,Complex,AHS,0,0,0,0,0,0.793846627390366,0,0.000140970586998418,0,0,0,0.0012410548119592,0,0.184695664355384,0,0.0090710962043135,0.011004586650979,0,0
90-94,women,Complex,AHS,0,0,0,0,0,0.623843672926465,0,0.000581748446893584,0,0,0,0.00146886214642768,0,0.347355088044185,0,0.0109500224873778,0.0158006059486512,0,0
95-99,women,Complex,AHS,0,0,0,0,0,0.663536959720543,0,0.000318452890511069,0,0,0,1.55872213063512e-10,0,0.327198211248874,0,0.00166167906594447,0.00728469691825597,0,0
100-104,women,Complex,AHS,0,0,0,0,0,0.663536959720543,0,0.000318452890511069,0,0,0,1.55872213063512e-10,0,0.327198211248874,0,0.00166167906594447,0.00728469691825597,0,0
105-109,women,Complex,AHS,0,0,0,0,0,0.663536959720543,0,0.000318452890511069,0,0,0,1.55872213063512e-10,0,0.327198211248874,0,0.00166167906594447,0.00728469691825597,0,0
70-74,men,Neuropsychiatric,AHS,0,0,0,0,0,0.902905157066319,0,0.000960052629939322,0,0,0,0.00081800828049388,0,0.0825631365107881,0,0.00895232872408381,0.00380131678837604,0,0
75-79,men,Neuropsychiatric,AHS,0,0,0,0,0,0.880677824744856,0,2.45839820368208e-98,0,0,0,0.00166894068577913,0,0.104026262984028,0,0.0095367522590394,0.00409021932629789,0,0
65-69,men,Neuropsychiatric,AHS,0,0,0,0,0,0.904841061186375,0,4.11283815675351e-22,0,0,0,0.00199436154455382,0,0.0835417459093961,0,0.00664058659833286,0.00298224476134258,0,0
80-84,men,Neuropsychiatric,AHS,0,0,0,0,0,0.880904558115765,0,0.00125212849565788,0,0,0,0.00260935786237839,0,0.101167426250722,0,0.00923339681595563,0.00483313245952123,0,0
85-89,men,Neuropsychiatric,AHS,0,0,0,0,0,0.804972281864495,0,0.00141636957492854,0,0,0,0.00233051310129604,0,0.170944780383463,0,0.0130986203893312,0.00723743468648628,0,0
90-94,men,Neuropsychiatric,AHS,0,0,0,0,0,0.639884824826579,0,0.00590755936119857,0,0,0,0.00278783075985575,0,0.324935820095443,0,0.0159810597404644,0.0105029052164586,0,0
95-99,men,Neuropsychiatric,AHS,0,0,0,0,0,0.658232419027619,0,0.00320403404463117,0,0,0,2.93111685841459e-10,0,0.331363126781789,0,0.00240279532128065,0.00479762453156883,0,0
100-104,men,Neuropsychiatric,AHS,0,0,0,0,0,0.658232419027619,0,0.00320403404463117,0,0,0,2.93111685841459e-10,0,0.331363126781789,0,0.00240279532128065,0.00479762453156883,0,0
105-109,men,Neuropsychiatric,AHS,0,0,0,0,0,0.658232419027619,0,0.00320403404463117,0,0,0,2.93111685841459e-10,0,0.331363126781789,0,0.00240279532128065,0.00479762453156883,0,0
70-74,women,Neuropsychiatric,AHS,0,0,0,0,0,0.899866049949371,0,0.000179211939794202,0,0,0,0.000489472119050529,0,0.0864400194408282,0,0.00765065215817165,0.00537459439278428,0,0
75-79,women,Neuropsychiatric,AHS,0,0,0,0,0,0.876355292493105,0,4.58172397839026e-99,0,0,0,0.000997047741536536,0,0.108736778724674,0,0.00813706396612301,0.00577381707456211,0,0
65-69,women,Neuropsychiatric,AHS,0,0,0,0,0,0.901487876066913,0,7.67447561088204e-23,0,0,0,0.00119291456620706,0,0.0874313956840824,0,0.00567288620447164,0.00421492747832531,0,0
80-84,women,Neuropsychiatric,AHS,0,0,0,0,0,0.877595526093859,0,0.000233670732909688,0,0,0,0.00156094437209562,0,0.105889499780314,0,0.00788873666091787,0.00683162235990388,0,0
85-89,women,Neuropsychiatric,AHS,0,0,0,0,0,0.798787326021978,0,0.000263286552514148,0,0,0,0.00138867941371601,0,0.17822339286828,0,0.0111472613120151,0.0101900538314969,0,0
90-94,women,Neuropsychiatric,AHS,0,0,0,0,0,0.631708226185435,0,0.00109331707736485,0,0,0,0.001653875459101,0,0.337281406861824,0,0.0135404827901093,0.0147226916261661,0,0
95-99,women,Neuropsychiatric,AHS,0,0,0,0,0,0.707374022801933,0,0.000595593515874,0,0,0,1.74656330796979e-10,0,0.283230641141647,0,0.00204484386873936,0.00675489849715065,0,0
100-104,women,Neuropsychiatric,AHS,0,0,0,0,0,0.707374022801933,0,0.000595593515874,0,0,0,1.74656330796979e-10,0,0.283230641141647,0,0.00204484386873936,0.00675489849715065,0,0
105-109,women,Neuropsychiatric,AHS,0,0,0,0,0,0.707374022801933,0,0.000595593515874,0,0,0,1.74656330796979e-10,0,0.283230641141647,0,0.00204484386873936,0.00675489849715065,0,0
70-74,men,Cardiovascular,AHS,0,0,0,0,0,0.903967276194855,0,0.00305736341778174,0,0,0,0.000336756148786129,0,0.0781974593007452,0,0.00975476252584203,0.00468638241198975,0,0
75-79,men,Cardiovascular,AHS,0,0,0,0,0,0.884901532932313,0,7.85980165835615e-98,0,0,0,0.000689772808479144,0,0.098913778127198,0,0.0104325029204742,0.00506241321153573,0,0
65-69,men,Cardiovascular,AHS,0,0,0,0,0,0.90881879795452,0,1.31442821240143e-21,0,0,0,0.000823957771987092,0,0.079405984684892,0,0.00726156708407896,0.00368969250452228,0,0
80-84,men,Cardiovascular,AHS,0,0,0,0,0,0.882960118054741,0,0.00399230110255837,0,0,0,0.00107550849578177,0,0.0959333316697749,0,0.0100731325072053,0.00596560816993857,0,0
85-89,men,Cardiovascular,AHS,0,0,0,0,0,0.808763782288392,0,0.00452628638144708,0,0,0,0.000962770554576164,0,0.16247095025493,0,0.0143225271035059,0.00895368341714874,0,0
90-94,men,Cardiovascular,AHS,0,0,0,0,0,0.641865153800633,0,0.018816136962853,0,0,0,0.00114787497554463,0,0.307804097798801,0,0.0174163283378524,0.0129504081243153,0,0
95-99,men,Cardiovascular,AHS,0,0,0,0,0,0.740378865125613,0,0.0101954192497167,0,0,0,1.20572124030336e-10,0,0.240899643198808,0,0.00261609434501666,0.00590997796027383,0,0
100-104,men,Cardiovascular,AHS,0,0,0,0,0,0.740378865125613,0,0.0101954192497167,0,0,0,1.20572124030336e-10,0,0.240899643198808,0,0.00261609434501666,0.00590997796027383,0,0
105-109,men,Cardiovascular,AHS,0,0,0,0,0,0.740378865125613,0,0.0101954192497167,0,0,0,1.20572124030336e-10,0,0.240899643198808,0,0.00261609434501666,0.00590997796027383,0,0
70-74,women,Cardiovascular,AHS,0,0,0,0,0,0.902235840330526,0,0.000571651394883711,0,0,0,0.000201835751882868,0,0.0820037322947869,0,0.008350095470634,0.00663684475728635,0,0
75-79,women,Cardiovascular,AHS,0,0,0,0,0,0.880202025552361,0,1.46416838433073e-98,0,0,0,0.000411892484823795,0,0.103345840687837,0,0.00889730524018112,0.00714293603479703,0,0
65-69,women,Cardiovascular,AHS,0,0,0,0,0,0.905035022521044,0,2.45142962622335e-22,0,0,0,0.000492590319573859,0,0.0830601225789071,0,0.00620016788412313,0.00521209669635162,0,0
80-84,women,Cardiovascular,AHS,0,0,0,0,0,0.88095994724643,0,0.000746304767805497,0,0,0,0.000644473601438102,0,0.10058175949694,0,0.00862080876853878,0.00844670611884788,0,0
85-89,women,Cardiovascular,AHS,0,0,0,0,0,0.803995418914317,0,0.000843127799423698,0,0,0,0.000574873831218733,0,0.169739873702622,0,0.0122141027804239,0.012632602971994,0,0
90-94,women,Cardiovascular,AHS,0,0,0,0,0,0.639519291576103,0,0.00352048973299428,0,0,0,0.000688439157487698,0,0.323000940957266,0,0.0149183144521606,0.0183525241239886,0,0
95-99,women,Cardiovascular,AHS,0,0,0,0,0,0.786673167980123,0,0.0019072222152166,0,0,0,7.23005296813487e-11,0,0.200805349605677,0,0.00224047522848332,0.00837378489819992,0,0
100-104,women,Cardiovascular,AHS,0,0,0,0,0,0.786673167980123,0,0.0019072222152166,0,0,0,7.23005296813487e-11,0,0.200805349605677,0,0.00224047522848332,0.00837378489819992,0,0
105-109,women,Cardiovascular,AHS,0,0,0,0,0,0.786673167980123,0,0.0019072222152166,0,0,0,7.23005296813487e-11,0,0.200805349605677,0,0.00224047522848332,0.00837378489819992,0,0
70-74,men,Eye,AHS,0,0,0,0,0,0.909490982489853,0,0.000409663048959208,0,0,0,0.00348558915878244,0,0.0717444915236816,0,0.0108568458446976,0.00401242793402613,0,0
75-79,men,Eye,AHS,0,0,0,0,0,0.886708520181531,0,1.04811233181322e-98,0,0,0,0.00710531355404006,0,0.0903169422304668,0,0.0115555867170295,0.0043136373169331,0,0
65-69,men,Eye,AHS,0,0,0,0,0,0.90809386550508,0,1.74760665664099e-22,0,0,0,0.0084623835723438,0,0.0722896704573531,0,0.00801944686234751,0.00313463360287587,0,0
80-84,men,Eye,AHS,0,0,0,0,0,0.884578616706244,0,0.000532257152540771,0,0,0,0.0110762563040133,0,0.0875757642588301,0,0.0111550110931688,0.00508209448520317,0,0
85-89,men,Eye,AHS,0,0,0,0,0,0.81629160265892,0,0.000608031175895597,0,0,0,0.00999050754576459,0,0.149443052807846,0,0.0159812488388854,0.00768555697268854,0,0
90-94,men,Eye,AHS,0,0,0,0,0,0.663431392000077,0,0.00259278837733533,0,0,0,0.0122183377880276,0,0.29042044997893,0,0.0199342752732882,0.0114027565823428,0,0
95-99,men,Eye,AHS,0,0,0,0,0,0.791619126935907,0,0.00139240146446512,0,0,0,1.27200034044411e-09,0,0.198863320010081,0,0.00296770020133954,0.00515745011620717,0,0
100-104,men,Eye,AHS,0,0,0,0,0,0.791619126935907,0,0.00139240146446512,0,0,0,1.27200034044411e-09,0,0.198863320010081,0,0.00296770020133954,0.00515745011620717,0,0
105-109,men,Eye,AHS,0,0,0,0,0,0.791619126935907,0,0.00139240146446512,0,0,0,1.27200034044411e-09,0,0.198863320010081,0,0.00296770020133954,0.00515745011620717,0,0
70-74,women,Eye,AHS,0,0,0,0,0,0.907642831361225,0,7.65793995111304e-05,0,0,0,0.00208862138164162,0,0.075219509881192,0,0.00929136180985814,0.00568109616657237,0,0
75-79,women,Eye,AHS,0,0,0,0,0,0.885022238357109,0,1.95980426080128e-99,0,0,0,0.0042587924406583,0,0.0947176394779266,0,0.00989207509905514,0.00610925462525075,0,0
65-69,women,Eye,AHS,0,0,0,0,0,0.907673140962137,0,3.27264720518735e-23,0,0,0,0.00507979944943411,0,0.0759256500461466,0,0.0068752809737806,0.00444612856850141,0,0
80-84,women,Eye,AHS,0,0,0,0,0,0.884440758585276,0,9.9723149683621e-05,0,0,0,0.00665220826231382,0,0.0920269842782038,0,0.00956830530355759,0.0072120204209648,0,0
85-89,women,Eye,AHS,0,0,0,0,0,0.812967824732505,0,0.000113473959566536,0,0,0,0.00597662867057945,0,0.156423812332223,0,0.0136543682917705,0.010863892013355,0,0
90-94,women,Eye,AHS,0,0,0,0,0,0.656885039776878,0,0.000481333609217713,0,0,0,0.00727092397362727,0,0.302386977434062,0,0.0169422117122119,0.0160335134940029,0,0
95-99,women,Eye,AHS,0,0,0,0,0,0.826257958064079,0,0.000258649923438987,0,0,0,7.57414247534914e-10,0,0.163703146859861,0,0.00252382039775604,0.00725642399745074,0,0
100-104,women,Eye,AHS,0,0,0,0,0,0.826257958064079,0,0.000258649923438987,0,0,0,7.57414247534914e-10,0,0.163703146859861,0,0.00252382039775604,0.00725642399745074,0,0
105-109,women,Eye,AHS,0,0,0,0,0,0.826257958064079,0,0.000258649923438987,0,0,0,7.57414247534914e-10,0,0.163703146859861,0,0.00252382039775604,0.00725642399745074,0,0
70-74,men,MSK,AHS,0,0,0,0,0,0.969952433895438,0,0.00168598205750101,0,0,0,0.00115892303235109,0,0.0230287952242999,0,0.00305087746057188,0.00112298832983848,0,0
75-79,men,MSK,AHS,0,0,0,0,0,0.963500204648938,0,4.39697437860942e-98,0,0,0,0.00240813924002616,0,0.0295509760801143,0,0.00331003848089663,0.00123064155002486,0,0
65-69,men,MSK,AHS,0,0,0,0,0,0.970765920434366,0,7.21350006116409e-22,0,0,0,0.00282193690056817,0,0.0232720743112807,0,0.00226017309674302,0.000879895257042152,0,0
80-84,men,MSK,AHS,0,0,0,0,0,0.959129639525231,0,0.00223216786237276,0,0,0,0.00375275821217422,0,0.0302417686529257,0,0.00319426018975005,0.00144940555754639,0,0
85-89,men,MSK,AHS,0,0,0,0,0,0.932943570361412,0,0.00268923783073319,0,0,0,0.00356979403056513,0,0.0536595147803356,0,0.00482624112210273,0.00231164187485107,0,0
90-94,men,MSK,AHS,0,0,0,0,0,0.858363750691907,0,0.0129456541440599,0,0,0,0.00492857419569358,0,0.113094275690784,0,0.00679598353017054,0.00387176174738503,0,0
95-99,men,MSK,AHS,0,0,0,0,0,0.847414403907258,0,0.00602444595360135,0,0,0,4.44623190961336e-10,0,0.144166913322462,0,0.00087673350734813,0.00151750286470695,0,0
100-104,men,MSK,AHS,0,0,0,0,0,0.847414403907258,0,0.00602444595360135,0,0,0,4.44623190961336e-10,0,0.144166913322462,0,0.00087673350734813,0.00151750286470695,0,0
105-109,men,MSK,AHS,0,0,0,0,0,0.847414403907258,0,0.00602444595360135,0,0,0,4.44623190961336e-10,0,0.144166913322462,0,0.00087673350734813,0.00151750286470695,0,0
70-74,women,MSK,AHS,0,0,0,0,0,0.970566819019432,0,0.00031600660661687,0,0,0,0.00069629963552039,0,0.0242086853395363,0,0.00261793292616564,0.00159425647272899,0,0
75-79,women,MSK,AHS,0,0,0,0,0,0.962949076425507,0,8.23058378639056e-99,0,0,0,0.00144496277757585,0,0.0310245370384298,0,0.0028366142817219,0.0017448094767652,0,0
65-69,women,MSK,AHS,0,0,0,0,0,0.970675214221857,0,1.35094763531735e-22,0,0,0,0.0016940964567802,0,0.0244446793263881,0,0.00193787033178954,0.00124813966318502,0,0
80-84,women,MSK,AHS,0,0,0,0,0,0.962368913678255,0,0.000418901673599569,0,0,0,0.00225753342027077,0,0.0301500335320018,0,0.00274439153012406,0.00206022616574844,0,0
85-89,women,MSK,AHS,0,0,0,0,0,0.935716949215351,0,0.000504198182182515,0,0,0,0.00214542621217761,0,0.0542081308788361,0,0.00414258679357086,0.00328270871788203,0,0
90-94,women,MSK,AHS,0,0,0,0,0,0.863481321153332,0,0.00244278562498303,0,0,0,0.00298113068108853,0,0.119690244093295,0,0.00587089360794776,0.00553362483935386,0,0
95-99,women,MSK,AHS,0,0,0,0,0,0.87749287912545,0,0.0011308648863559,0,0,0,2.67537138592652e-10,0,0.118465250502204,0,0.000753445335763324,0.00215755988268942,0,0
100-104,women,MSK,AHS,0,0,0,0,0,0.87749287912545,0,0.0011308648863559,0,0,0,2.67537138592652e-10,0,0.118465250502204,0,0.000753445335763324,0.00215755988268942,0,0
105-109,women,MSK,AHS,0,0,0,0,0,0.87749287912545,0,0.0011308648863559,0,0,0,2.67537138592652e-10,0,0.118465250502204,0,0.000753445335763324,0.00215755988268942,0,0
70-74,men,Metabolic,AHS,0,0,0,0,0,0.946576838057509,0,0.000724506200942338,0,0,0,0.00105870131729718,0,0.0431996070384107,0,0.00616743184097052,0.00227291554487041,0,0
75-79,men,Metabolic,AHS,0,0,0,0,0,0.933660395147184,0,1.87599580560218e-98,0,0,0,0.00218418401055065,0,0.0550388281165075,0,0.00664356833621189,0.00247302438954589,0,0
65-69,men,Metabolic,AHS,0,0,0,0,0,0.94741861285689,0,3.09967023077719e-22,0,0,0,0.00257778357454937,0,0.0436539922970949,0,0.00456879413297644,0.0017808171384898,0,0
80-84,men,Metabolic,AHS,0,0,0,0,0,0.932825216407037,0,0.000954410520276921,0,0,0,0.00341105444746296,0,0.0534654920470055,0,0.00642494022306609,0.00291888635515174,0,0
85-89,men,Metabolic,AHS,0,0,0,0,0,0.88759078026472,0,0.00112416140930628,0,0,0,0.00317228589687409,0,0.0940707217326359,0,0.00949071456370698,0.00455133613275632,0,0
90-94,men,Metabolic,AHS,0,0,0,0,0,0.774421927533371,0,0.0051474086277453,0,0,0,0.00416596527654386,0,0.196301984160296,0,0.0127118101882111,0.00725090421383239,0,0
95-99,men,Metabolic,AHS,0,0,0,0,0,0.784716338996782,0,0.00253511825634548,0,0,0,3.97743345485713e-10,0,0.208005318821286,0,0.00173555807633146,0.00300766545151251,0,0
100-104,men,Metabolic,AHS,0,0,0,0,0,0.784716338996782,0,0.00253511825634548,0,0,0,3.97743345485713e-10,0,0.208005318821286,0,0.00173555807633146,0.00300766545151251,0,0
105-109,men,Metabolic,AHS,0,0,0,0,0,0.784716338996782,0,0.00253511825634548,0,0,0,3.97743345485713e-10,0,0.208005318821286,0,0.00173555807633146,0.00300766545151251,0,0
70-74,women,Metabolic,AHS,0,0,0,0,0,0.945403556172049,0,0.000135528940955429,0,0,0,0.00063483629909669,0,0.0453238201833658,0,0.00528183504122544,0.0032204233633078,0,0
75-79,women,Metabolic,AHS,0,0,0,0,0,0.931803732830581,0,3.50662626715807e-99,0,0,0,0.0013087153672619,0,0.0577010306736276,0,0.00568524993943517,0.0035012711890942,0,0
65-69,women,Metabolic,AHS,0,0,0,0,0,0.946219104764677,0,5.79822094198836e-23,0,0,0,0.00154569598846355,0,0.0457994232565975,0,0.00391265354825587,0.00252312244200586,0,0
80-84,women,Metabolic,AHS,0,0,0,0,0,0.932009442858214,0,0.000178625273520681,0,0,0,0.00204641966547803,0,0.0561226320885005,0,0.00550512668448632,0.00413775342980058,0,0
85-89,women,Metabolic,AHS,0,0,0,0,0,0.884814888597511,0,0.000209924882767139,0,0,0,0.00189891675782026,0,0.098525012027991,0,0.008113807425588,0.00643745030832303,0,0
90-94,women,Metabolic,AHS,0,0,0,0,0,0.770224125723322,0,0.000959554597337526,0,0,0,0.00248940209136553,0,0.205240236996518,0,0.0108487320012004,0.0102379485902563,0,0
95-99,women,Metabolic,AHS,0,0,0,0,0,0.820813494826449,0,0.000473113110203079,0,0,0,2.37940320476819e-10,0,0.172979104811385,0,0.00148284735855782,0.00425143965546442,0,0
100-104,women,Metabolic,AHS,0,0,0,0,0,0.820813494826449,0,0.000473113110203079,0,0,0,2.37940320476819e-10,0,0.172979104811385,0,0.00148284735855782,0.00425143965546442,0,0
105-109,women,Metabolic,AHS,0,0,0,0,0,0.820813494826449,0,0.000473113110203079,0,0,0,2.37940320476819e-10,0,0.172979104811385,0,0.00148284735855782,0.00425143965546442,0,0
70-74,men,Unspecified,PHS,0,0,0.0222082287963292,0,0,0.959950092010013,0,0,0,0,0,0.000845036554076827,0,0.0169966426395808,0,0,0,0,0
75-79,men,Unspecified,PHS,0,0,0.0228427168613585,0,0,0.949536830327217,0,0,0,0,0,0.00176389910839363,0,0.0258565537030309,0,0,0,0,0
65-69,men,Unspecified,PHS,0,0,0.0201479407993103,0,0,0.963730033327226,0,0,0,0,0,0.00205786933746584,0,0.0140641565359983,0,0,0,0,0
80-84,men,Unspecified,PHS,0,0,0.0171320929921758,0,0,0.937184979488102,0,0,0,0,0,0.00277279495057004,0,0.0429101325691523,0,0,0,0,0
85-89,men,Unspecified,PHS,0,0,0.0208940710715529,0,0,0.902199411879039,0,0,0,0,0,0.00269572602748912,0,0.0742107910219187,0,0,0,0,0
90-94,men,Unspecified,PHS,0,0,0.0262175192196518,0,0,0.852394100829549,0,0,0,0,0,0.00401593337833828,0,0.117372446572461,0,0,0,0,0
95-99,men,Unspecified,PHS,0,0,0.00706268697585299,0,0,0.817869924985418,0,0,0,0,0,3.4024730812847e-10,0,0.175067387698482,0,0,0,0,0
100-104,men,Unspecified,PHS,0,0,0.00706268697585299,0,0,0.817869924985418,0,0,0,0,0,3.4024730812847e-10,0,0.175067387698482,0,0,0,0,0
105-109,men,Unspecified,PHS,0,0,0.00706268697585299,0,0,0.817869924985418,0,0,0,0,0,3.4024730812847e-10,0,0.175067387698482,0,0,0,0,0
70-74,women,Unspecified,PHS,0,0,0.0191987038366061,0,0,0.966655769352976,0,0,0,0,0,0.000509191184486341,0,0.0136363356259315,0,0,0,0,0
75-79,women,Unspecified,PHS,0,0,0.0197569392551073,0,0,0.958470001645638,0,0,0,0,0,0.0010633911532003,0,0.0207096679460543,0,0,0,0,0
65-69,women,Unspecified,PHS,0,0,0.0174214681231041,0,0,0.970055888118915,0,0,0,0,0,0.00124027867028925,0,0.0112823650876918,0,0,0,0,0
80-84,women,Unspecified,PHS,0,0,0.0148113438370486,0,0,0.948839547724736,0,0,0,0,0,0.00167089511640464,0,0.0346782133218106,0,0,0,0,0
85-89,women,Unspecified,PHS,0,0,0.018072602961947,0,0,0.919832845027264,0,0,0,0,0,0.00162525228812213,0,0.0604692997226674,0,0,0,0,0
90-94,women,Unspecified,PHS,0,0,0.0227054541062551,0,0,0.878365799870888,0,0,0,0,0,0.00242422257372037,0,0.0965045234491369,0,0,0,0,0
95-99,women,Unspecified,PHS,0,0,0.0060885956762783,0,0,0.848168978337401,0,0,0,0,0,2.04451013990171e-10,0,0.145742425781869,0,0,0,0,0
100-104,women,Unspecified,PHS,0,0,0.0060885956762783,0,0,0.848168978337401,0,0,0,0,0,2.04451013990171e-10,0,0.145742425781869,0,0,0,0,0
105-109,women,Unspecified,PHS,0,0,0.0060885956762783,0,0,0.848168978337401,0,0,0,0,0,2.04451013990171e-10,0,0.145742425781869,0,0,0,0,0
70-74,men,Complex,PHS,0,0,0.0150831535732297,0,0,0.936114676783027,0,0,0,0,0,0.00039565750967674,0,0.0484065121340669,0,0,0,0,0
75-79,men,Complex,PHS,0,0,0.015524168583041,0,0,0.911042773755486,0,0,0,0,0,0.000826418483114126,0,0.072606639178359,0,0,0,0,0
65-69,men,Complex,PHS,0,0,0.0136834522768054,0,0,0.944791596504612,0,0,0,0,0,0.000963492857157842,0,0.0405614583614242,0,0,0,0,0
80-84,men,Complex,PHS,0,0,0.0116260737689978,0,0,0.870997844718125,0,0,0,0,0,0.00129719747055188,0,0.116078884042326,0,0,0,0,0
85-89,men,Complex,PHS,0,0,0.0141909326200717,0,0,0.794555557356601,0,0,0,0,0,0.00126220329508011,0,0.189991306728248,0,0,0,0,0
90-94,men,Complex,PHS,0,0,0.0178293034912798,0,0,0.699893126637806,0,0,0,0,0,0.00188276002852421,0,0.28039480984239,0,0,0,0,0
95-99,men,Complex,PHS,0,0,0.00476500803022169,0,0,0.609371572960859,0,0,0,0,0,1.582537696687e-10,0,0.385863418850666,0,0,0,0,0
100-104,men,Complex,PHS,0,0,0.00476500803022169,0,0,0.609371572960859,0,0,0,0,0,1.582537696687e-10,0,0.385863418850666,0,0,0,0,0
105-109,men,Complex,PHS,0,0,0.00476500803022169,0,0,0.609371572960859,0,0,0,0,0,1.582537696687e-10,0,0.385863418850666,0,0,0,0,0
70-74,women,Complex,PHS,0,0,0.0130219002445968,0,0,0.947526642763554,0,0,0,0,0,0.000238094311016459,0,0.0392133626808329,0,0,0,0,0
75-79,women,Complex,PHS,0,0,0.0134058329039852,0,0,0.927259344677706,0,0,0,0,0,0.000497431023537914,0,0.058837391394771,0,0,0,0,0
65-69,women,Complex,PHS,0,0,0.0118139024006957,0,0,0.954829335042154,0,0,0,0,0,0.000579820532522768,0,0.0327769420246279,0,0,0,0,0
80-84,women,Complex,PHS,0,0,0.0100357289458864,0,0,0.893596968577515,0,0,0,0,0,0.000780493581894644,0,0.095586808894704,0,0,0,0,0
85-89,women,Complex,PHS,0,0,0.0122534081487183,0,0,0.827746608870134,0,0,0,0,0,0.000759665958453838,0,0.159240317022694,0,0,0,0,0
90-94,women,Complex,PHS,0,0,0.0154041887960733,0,0,0.743991813125213,0,0,0,0,0,0.00113382706341042,0,0.239470171015303,0,0,0,0,0
95-99,women,Complex,PHS,0,0,0.00410613537155442,0,0,0.659749277300318,0,0,0,0,0,9.50541504019004e-11,0,0.336144587233074,0,0,0,0,0
100-104,women,Complex,PHS,0,0,0.00410613537155442,0,0,0.659749277300318,0,0,0,0,0,9.50541504019004e-11,0,0.336144587233074,0,0,0,0,0
105-109,women,Complex,PHS,0,0,0.00410613537155442,0,0,0.659749277300318,0,0,0,0,0,9.50541504019004e-11,0,0.336144587233074,0,0,0,0,0
70-74,men,Neuropsychiatric,PHS,0,0,0.0241591134935188,0,0,0.935385159416301,0,0,0,0,0,0.000435491985877021,0,0.0400202351043033,0,0,0,0,0
75-79,men,Neuropsychiatric,PHS,0,0,0.0248571699970293,0,0,0.914103887714293,0,0,0,0,0,0.000909316909106623,0,0.0601296253795716,0,0,0,0,0
65-69,men,Neuropsychiatric,PHS,0,0,0.0219365296906755,0,0,0.943516949243333,0,0,0,0,0,0.00106143316899207,0,0.0334850878969999,0,0,0,0,0
80-84,men,Neuropsychiatric,PHS,0,0,0.0186639089243713,0,0,0.882933968373959,0,0,0,0,0,0.00143102604638202,0,0.0969710966552878,0,0,0,0,0
85-89,men,Neuropsychiatric,PHS,0,0,0.0227432345793264,0,0,0.814862870649842,0,0,0,0,0,0.00139008870814175,0,0.16100380606269,0,0,0,0,0
90-94,men,Neuropsychiatric,PHS,0,0,0.0285071396979583,0,0,0.727691669179193,0,0,0,0,0,0.002068645863054,0,0.241732545259795,0,0,0,0,0
95-99,men,Neuropsychiatric,PHS,0,0,0.0076871866879963,0,0,0.653749266501925,0,0,0,0,0,1.75440464461135e-10,0,0.338563546634638,0,0,0,0,0
100-104,men,Neuropsychiatric,PHS,0,0,0.0076871866879963,0,0,0.653749266501925,0,0,0,0,0,1.75440464461135e-10,0,0.338563546634638,0,0,0,0,0
105-109,men,Neuropsychiatric,PHS,0,0,0.0076871866879963,0,0,0.653749266501925,0,0,0,0,0,1.75440464461135e-10,0,0.338563546634638,0,0,0,0,0
70-74,women,Neuropsychiatric,PHS,0,0,0.0208872948278755,0,0,0.946496864048072,0,0,0,0,0,0.000262439235843992,0,0.0323534018882084,0,0,0,0,0
75-79,women,Neuropsychiatric,PHS,0,0,0.0214972248703404,0,0,0.929307425399571,0,0,0,0,0,0.000548142376391879,0,0.0486472073536967,0,0,0,0,0
65-69,women,Neuropsychiatric,PHS,0,0,0.0189644637473729,0,0,0.953384574976651,0,0,0,0,0,0.000639606239461645,0,0.0270113550365145,0,0,0,0,0
80-84,women,Neuropsychiatric,PHS,0,0,0.0161294272236139,0,0,0.90350453982646,0,0,0,0,0,0.000862007950798076,0,0.0795040249991282,0,0,0,0,0
85-89,women,Neuropsychiatric,PHS,0,0,0.0196653334716417,0,0,0.845524633908739,0,0,0,0,0,0.000837797373106771,0,0.133972235246512,0,0,0,0,0
90-94,women,Neuropsychiatric,PHS,0,0,0.0246729768179152,0,0,0.769597826436864,0,0,0,0,0,0.00124796225456005,0,0.204481234490661,0,0,0,0,0
95-99,women,Neuropsychiatric,PHS,0,0,0.00662729450135283,0,0,0.701342321885685,0,0,0,0,0,1.05425581333558e-10,0,0.292030383507537,0,0,0,0,0
100-104,women,Neuropsychiatric,PHS,0,0,0.00662729450135283,0,0,0.701342321885685,0,0,0,0,0,1.05425581333558e-10,0,0.292030383507537,0,0,0,0,0
105-109,women,Neuropsychiatric,PHS,0,0,0.00662729450135283,0,0,0.701342321885685,0,0,0,0,0,1.05425581333558e-10,0,0.292030383507537,0,0,0,0,0
70-74,men,Cardiovascular,PHS,0,0,0.0230975579210199,0,0,0.950383367351274,0,0,0,0,0,0.00017939133493563,0,0.0263396833927705,0,0,0,0,0
75-79,men,Cardiovascular,PHS,0,0,0.0237736962226387,0,0,0.935965945718295,0,0,0,0,0,0.000374711064487291,0,0.0398856469945789,0,0,0,0,0
65-69,men,Cardiovascular,PHS,0,0,0.0209788985278044,0,0,0.95668941152773,0,0,0,0,0,0.000437364607905907,0,0.0218943253365594,0,0,0,0,0
80-84,men,Cardiovascular,PHS,0,0,0.0178508586382983,0,0,0.916110570769521,0,0,0,0,0,0.000589712408728927,0,0.0654488581834519,0,0,0,0,0
85-89,men,Cardiovascular,PHS,0,0,0.0217581743993414,0,0,0.866418038818818,0,0,0,0,0,0.000572992531987666,0,0.111250794249853,0,0,0,0,0
90-94,men,Cardiovascular,PHS,0,0,0.0272992616295765,0,0,0.800079763452168,0,0,0,0,0,0.000853531648717418,0,0.171767443269539,0,0,0,0,0
95-99,men,Cardiovascular,PHS,0,0,0.00734196703917572,0,0,0.743232317384531,0,0,0,0,0,7.21956438920514e-11,0,0.249425715504098,0,0,0,0,0
100-104,men,Cardiovascular,PHS,0,0,0.00734196703917572,0,0,0.743232317384531,0,0,0,0,0,7.21956438920514e-11,0,0.249425715504098,0,0,0,0,0
105-109,men,Cardiovascular,PHS,0,0,0.00734196703917572,0,0,0.743232317384531,0,0,0,0,0,7.21956438920514e-11,0,0.249425715504098,0,0,0,0,0
70-74,women,Cardiovascular,PHS,0,0,0.019964020364218,0,0,0.958644820496844,0,0,0,0,0,0.000108076381412997,0,0.0212830827575248,0,0,0,0,0
75-79,women,Cardiovascular,PHS,0,0,0.0205519577347903,0,0,0.947052735933138,0,0,0,0,0,0.000225787762860875,0,0.0321695185692114,0,0,0,0,0
65-69,women,Cardiovascular,PHS,0,0,0.0181289164254281,0,0,0.963961943691985,0,0,0,0,0,0.000263439076520297,0,0.0176457008060663,0,0,0,0,0
80-84,women,Cardiovascular,PHS,0,0,0.0154191392643979,0,0,0.930794078562628,0,0,0,0,0,0.000355049316359011,0,0.0534317328566149,0,0,0,0,0
85-89,women,Cardiovascular,PHS,0,0,0.0188040307875442,0,0,0.88904636987386,0,0,0,0,0,0.000345163493625126,0,0.0918044358449708,0,0,0,0,0
90-94,women,Cardiovascular,PHS,0,0,0.0236108133676433,0,0,0.83243546315051,0,0,0,0,0,0.000514549394136971,0,0.14343917408771,0,0,0,0,0
95-99,women,Cardiovascular,PHS,0,0,0.006329393285213,0,0,0.782250996939045,0,0,0,0,0,4.33818471568489e-11,0,0.21141960973236,0,0,0,0,0
100-104,women,Cardiovascular,PHS,0,0,0.006329393285213,0,0,0.782250996939045,0,0,0,0,0,4.33818471568489e-11,0,0.21141960973236,0,0,0,0,0
105-109,women,Cardiovascular,PHS,0,0,0.006329393285213,0,0,0.782250996939045,0,0,0,0,0,4.33818471568489e-11,0,0.21141960973236,0,0,0,0,0
70-74,men,Eye,PHS,0,0,0.0268853266617351,0,0,0.95038612594291,0,0,0,0,0,0.00183438734936852,0,0.0208941600459864,0,0,0,0,0
75-79,men,Eye,PHS,0,0,0.0276144490444792,0,0,0.936829916923718,0,0,0,0,0,0.00382363583442514,0,0.0317319981973779,0,0,0,0,0
65-69,men,Eye,PHS,0,0,0.0243645454193219,0,0,0.953873670762119,0,0,0,0,0,0.00446230857772523,0,0.017299475240834,0,0,0,0,0
80-84,men,Eye,PHS,0,0,0.0207122331633134,0,0,0.920892600819353,0,0,0,0,0,0.00601102333842743,0,0.0523841426789065,0,0,0,0,0
85-89,men,Eye,PHS,0,0,0.0252347907571043,0,0,0.879108801604871,0,0,0,0,0,0.00583803303926464,0,0.0898183745987604,0,0,0,0,0
90-94,men,Eye,PHS,0,0,0.0315498099908212,0,0,0.819241806983359,0,0,0,0,0,0.00866574307629085,0,0.140542639949529,0,0,0,0,0
95-99,men,Eye,PHS,0,0,0.00858873398788757,0,0,0.784422794942546,0,0,0,0,0,7.41938739323037e-10,0,0.206988470327627,0,0,0,0,0
100-104,men,Eye,PHS,0,0,0.00858873398788757,0,0,0.784422794942546,0,0,0,0,0,7.41938739323037e-10,0,0.206988470327627,0,0,0,0,0
105-109,men,Eye,PHS,0,0,0.00858873398788757,0,0,0.784422794942546,0,0,0,0,0,7.41938739323037e-10,0,0.206988470327627,0,0,0,0,0
70-74,women,Eye,PHS,0,0,0.0232688709692829,0,0,0.958833466617235,0,0,0,0,0,0.00110661979552591,0,0.0167910426179565,0,0,0,0,0
75-79,women,Eye,PHS,0,0,0.0239234263869176,0,0,0.948327896130584,0,0,0,0,0,0.00230893079132218,0,0.025439746691176,0,0,0,0,0
65-69,women,Eye,PHS,0,0,0.0211036663336935,0,0,0.962309870206168,0,0,0,0,0,0.00269405583521266,0,0.013892407624926,0,0,0,0,0
80-84,women,Eye,PHS,0,0,0.0179421386959485,0,0,0.935976798352397,0,0,0,0,0,0.00362946900170233,0,0.0424515939499516,0,0,0,0,0
85-89,women,Eye,PHS,0,0,0.0218720428301766,0,0,0.901107531623825,0,0,0,0,0,0.00352698475474973,0,0.0734934407912484,0,0,0,0,0
90-94,women,Eye,PHS,0,0,0.0274016055168602,0,0,0.851175851296737,0,0,0,0,0,0.00524605047530421,0,0.116176492711098,0,0,0,0,0
95-99,women,Eye,PHS,0,0,0.00740574269446944,0,0,0.819110865604545,0,0,0,0,0,4.45917902969634e-10,0,0.173483391255068,0,0,0,0,0
100-104,women,Eye,PHS,0,0,0.00740574269446944,0,0,0.819110865604545,0,0,0,0,0,4.45917902969634e-10,0,0.173483391255068,0,0,0,0,0
105-109,women,Eye,PHS,0,0,0.00740574269446944,0,0,0.819110865604545,0,0,0,0,0,4.45917902969634e-10,0,0.173483391255068,0,0,0,0,0
70-74,men,MSK,PHS,0,0,0.0112788377812943,0,0,0.974378671028662,0,0,0,0,0,0.000583395908617299,0,0.0137590952814261,0,0,0,0,0
75-79,men,MSK,PHS,0,0,0.0116113368025609,0,0,0.96619710010205,0,0,0,0,0,0.00121883709240122,0,0.0209727260029878,0,0,0,0,0
65-69,men,MSK,PHS,0,0,0.0102251762298978,0,0,0.976954664664032,0,0,0,0,0,0.00141969609481173,0,0.0114004630112583,0,0,0,0,0
80-84,men,MSK,PHS,0,0,0.00868362612099487,0,0,0.954520444486492,0,0,0,0,0,0.00191049499229056,0,0.0348854344002221,0,0,0,0,0
85-89,men,MSK,PHS,0,0,0.0106202060146636,0,0,0.926719781270681,0,0,0,0,0,0.00186261493736588,0,0.0607973977772894,0,0,0,0,0
90-94,men,MSK,PHS,0,0,0.0134015812765538,0,0,0.886773047287622,0,0,0,0,0,0.00279054098181238,0,0.0970348304540121,0,0,0,0,0
95-99,men,MSK,PHS,0,0,0.00355882515002622,0,0,0.849880024922396,0,0,0,0,0,2.33060592654304e-10,0,0.146561149694517,0,0,0,0,0
100-104,men,MSK,PHS,0,0,0.00355882515002622,0,0,0.849880024922396,0,0,0,0,0,2.33060592654304e-10,0,0.146561149694517,0,0,0,0,0
105-109,men,MSK,PHS,0,0,0.00355882515002622,0,0,0.849880024922396,0,0,0,0,0,2.33060592654304e-10,0,0.146561149694517,0,0,0,0,0
70-74,women,MSK,PHS,0,0,0.00973313017502363,0,0,0.978877405988032,0,0,0,0,0,0.000350912593823379,0,0.0110385512431213,0,0,0,0,0
75-79,women,MSK,PHS,0,0,0.0100233550975209,0,0,0.972448284229141,0,0,0,0,0,0.000733371368359812,0,0.0167949893049781,0,0,0,0,0
65-69,women,MSK,PHS,0,0,0.00882571378413546,0,0,0.981176067005354,0,0,0,0,0,0.00085412575872213,0,0.00914409345178834,0,0,0,0,0
80-84,women,MSK,PHS,0,0,0.00749496336406939,0,0,0.963192069760983,0,0,0,0,0,0.00114937486596196,0,0.0281635920089859,0,0,0,0,0
85-89,women,MSK,PHS,0,0,0.00916881456415675,0,0,0.940296002854376,0,0,0,0,0,0.00112085832993067,0,0.049414324251536,0,0,0,0,0
90-94,women,MSK,PHS,0,0,0.0115791265306292,0,0,0.907271064908648,0,0,0,0,0,0.00168056592803077,0,0.0794692426326918,0,0,0,0,0
95-99,women,MSK,PHS,0,0,0.00306657491703108,0,0,0.875557169222333,0,0,0,0,0,1.39979090952254e-10,0,0.121376255720657,0,0,0,0,0
100-104,women,MSK,PHS,0,0,0.00306657491703108,0,0,0.875557169222333,0,0,0,0,0,1.39979090952254e-10,0,0.121376255720657,0,0,0,0,0
105-109,women,MSK,PHS,0,0,0.00306657491703108,0,0,0.875557169222333,0,0,0,0,0,1.39979090952254e-10,0,0.121376255720657,0,0,0,0,0
70-74,men,Metabolic,PHS,0,0,0.0145629193008557,0,0,0.963348146899972,0,0,0,0,0,0.000543854071266319,0,0.0215450797279059,0,0,0,0,0
75-79,men,Metabolic,PHS,0,0,0.0149897536066705,0,0,0.95119399705556,0,0,0,0,0,0.00113603796857521,0,0.0326802113691942,0,0,0,0,0
65-69,men,Metabolic,PHS,0,0,0.0132077620510824,0,0,0.967577083235142,0,0,0,0,0,0.00132400228471332,0,0.0178911524290619,0,0,0,0,0
80-84,men,Metabolic,PHS,0,0,0.0112216504540014,0,0,0.933121177840705,0,0,0,0,0,0.00178252831147788,0,0.053874643393816,0,0,0,0,0
85-89,men,Metabolic,PHS,0,0,0.0137103943684978,0,0,0.892137754551507,0,0,0,0,0,0.00173610104938627,0,0.0924157500306088,0,0,0,0,0
90-94,men,Metabolic,PHS,0,0,0.0172671422644373,0,0,0.835699616211449,0,0,0,0,0,0.00259589869428152,0,0.144437342829833,0,0,0,0,0
95-99,men,Metabolic,PHS,0,0,0.0046043876155711,0,0,0.782647069817594,0,0,0,0,0,2.17705291485573e-10,0,0.21274854234913,0,0,0,0,0
100-104,men,Metabolic,PHS,0,0,0.0046043876155711,0,0,0.782647069817594,0,0,0,0,0,2.17705291485573e-10,0,0.21274854234913,0,0,0,0,0
105-109,men,Metabolic,PHS,0,0,0.0046043876155711,0,0,0.782647069817594,0,0,0,0,0,2.17705291485573e-10,0,0.21274854234913,0,0,0,0,0
70-74,women,Metabolic,PHS,0,0,0.0125730815773113,0,0,0.969750831580589,0,0,0,0,0,0.000327282714637454,0,0.0173488041274622,0,0,0,0,0
75-79,women,Metabolic,PHS,0,0,0.0129457233702689,0,0,0.960088006872133,0,0,0,0,0,0.000683867664339921,0,0.0262824020932585,0,0,0,0,0
65-69,women,Metabolic,PHS,0,0,0.0114046574398463,0,0,0.973415122080159,0,0,0,0,0,0.000796873046838822,0,0.0143833474331556,0,0,0,0,0
80-84,women,Metabolic,PHS,0,0,0.00968860208152566,0,0,0.94546265211449,0,0,0,0,0,0.00107272453432624,0,0.0437760212696579,0,0,0,0,0
85-89,women,Metabolic,PHS,0,0,0.0118411938520297,0,0,0.91131002927821,0,0,0,0,0,0.00104512428130771,0,0.0758036525884523,0,0,0,0,0
90-94,women,Metabolic,PHS,0,0,0.0149252046947633,0,0,0.863796216429338,0,0,0,0,0,0.0015639935697766,0,0.119714585306122,0,0,0,0,0
95-99,women,Metabolic,PHS,0,0,0.00396799451238477,0,0,0.817318613531436,0,0,0,0,0,1.30772240667058e-10,0,0.178713391825408,0,0,0,0,0
100-104,women,Metabolic,PHS,0,0,0.00396799451238477,0,0,0.817318613531436,0,0,0,0,0,1.30772240667058e-10,0,0.178713391825408,0,0,0,0,0
105-109,women,Metabolic,PHS,0,0,0.00396799451238477,0,0,0.817318613531436,0,0,0,0,0,1.30772240667058e-10,0,0.178713391825408,0,0,0,0,0
70-74,men,Unspecified,AIS,0,0,0,0,0,0,0.938191984879899,0,0.000389150672799478,0,0,0.00289179586245267,0,0.047769164778523,0.000792722432048095,0.00230074188281502,0.00766443949146302,0,0
75-79,men,Unspecified,AIS,0,0,0,0,0,0,0.918757605170105,0,0.00127572100833763,0,0,0.00602116005125947,0,0.0614233924983337,0.00160452410626684,0.00250127657527806,0.00841632059041886,0,0
65-69,men,Unspecified,AIS,0,0,0,0,0,0,0.930074634382117,0,0.000317494232424689,0,0,0.00770602779574151,0,0.0528301397660462,0.0006342430501074,0.00186532740094469,0.00657213337261875,0,0
80-84,men,Unspecified,AIS,0,0,0,0,0,0,0.88171082247249,0,0.00173757076862327,0,0,0.0132391425236169,0,0.0840075747173113,0.00191323502637827,0.00340572563675562,0.0139859288548246,0,0
85-89,men,Unspecified,AIS,0,0,0,0,0,0,0.861942947062895,0,0.00127468125190435,0,0,0.00885792589573041,0,0.106337849045382,0.00227804097594957,0.00361932844154399,0.0156892273265952,0,0
90-94,men,Unspecified,AIS,0,0,0,0,0,0,0.793146162178619,0,0.000727230316819557,0,0,0.00894973912552825,0,0.170723416390147,0.00349330611500167,0.00372967930925943,0.0192304665646254,0,0
95-99,men,Unspecified,AIS,0,0,0,0,0,0,0.824932610505577,0,1.87273267562563e-10,0,0,1.60866869249383e-09,0,0.156996693934735,0.00209456899232775,0.000958676760426391,0.0150174480109924,0,0
100-104,men,Unspecified,AIS,0,0,0,0,0,0,0.824932610505577,0,1.87273267562563e-10,0,0,1.60866869249383e-09,0,0.156996693934735,0.00209456899232775,0.000958676760426391,0.0150174480109924,0,0
105-109,men,Unspecified,AIS,0,0,0,0,0,0,0.824932610505577,0,1.87273267562563e-10,0,0,1.60866869249383e-09,0,0.156996693934735,0.00209456899232775,0.000958676760426391,0.0150174480109924,0,0
70-74,women,Unspecified,AIS,0,0,0,0,0,0,0.94491682951138,0,0.000116957923189957,0,0,0.00146776288855791,0,0.0424223118713554,0.000216320426394571,0.00166781680800705,0.00919200057111552,0,0
75-79,women,Unspecified,AIS,0,0,0,0,0,0,0.929344486686221,0,0.000385174565093173,0,0,0.00307014207326103,0,0.0547987327121981,0.000439858166793951,0.00182151266309195,0.010140093133341,0,0
65-69,women,Unspecified,AIS,0,0,0,0,0,0,0.939476090764072,0,9.57273189971276e-05,0,0,0.00392380155631125,0,0.0470670129703843,0.000173628211935194,0.00135651222174857,0.00790722695655132,0,0
80-84,women,Unspecified,AIS,0,0,0,0,0,0,0.897253883751643,0,0.000528056328029637,0,0,0.00679475834130494,0,0.0754381481234638,0.000527923011656179,0.00249641046012879,0.0169608199837741,0,0
85-89,women,Unspecified,AIS,0,0,0,0,0,0,0.877284174883227,0,0.000387330535194407,0,0,0.00454557249750783,0,0.0954778940456113,0.000628501313297728,0.0026526302554087,0.0190238964697533,0,0
90-94,women,Unspecified,AIS,0,0,0,0,0,0,0.813460001117807,0,0.00022267855984139,0,0,0.00462799853738077,0,0.154466513284677,0.000971197582465864,0.00275452364751781,0.0234970872703102,0,0
95-99,women,Unspecified,AIS,0,0,0,0,0,0,0.841617991417687,0,5.6854552387927e-11,0,0,8.24769276433796e-10,0,0.138909695813047,0.000577362598291727,0.000701988894545398,0.0181929603948046,0,0
100-104,women,Unspecified,AIS,0,0,0,0,0,0,0.841617991417687,0,5.6854552387927e-11,0,0,8.24769276433796e-10,0,0.138909695813047,0.000577362598291727,0.000701988894545398,0.0181929603948046,0,0
105-109,women,Unspecified,AIS,0,0,0,0,0,0,0.841617991417687,0,5.6854552387927e-11,0,0,8.24769276433796e-10,0,0.138909695813047,0.000577362598291727,0.000701988894545398,0.0181929603948046,0,0
70-74,men,Complex,AIS,0,0,0,0,0,0,0.876861062343453,0,0.00129184772530364,0,0,0.00195272592773436,0,0.0997071047463066,0.00235425267902627,0.00270434356441781,0.0151286630137583,0,0
75-79,men,Complex,AIS,0,0,0,0,0,0,0.842276167316847,0,0.00415327152458696,0,0,0.00398744687629714,0,0.125734174541742,0.00467325252844141,0.00288334599289617,0.0162923412191891,0,0
65-69,men,Complex,AIS,0,0,0,0,0,0,0.866781841536846,0,0.0010511411408227,0,0,0.00518962392068702,0,0.109974468598178,0.0018785350271407,0.00218665712972495,0.012937732646601,0,0
80-84,men,Complex,AIS,0,0,0,0,0,0,0.783784349277586,0,0.00548574453547953,0,0,0.00850223405687001,0,0.166761749526921,0.00540380646746967,0.0038071778274844,0.0262549383081891,0,0
85-89,men,Complex,AIS,0,0,0,0,0,0,0.746108177358235,0,0.00391872380465986,0,0,0.00553930426750972,0,0.205549226418329,0.00626531592250296,0.00393977553554936,0.0286794766932142,0,0
90-94,men,Complex,AIS,0,0,0,0,0,0,0.639675870749807,0,0.00208344087681777,0,0,0.00521554507447511,0,0.307529807666691,0.00895332265438725,0.00378339010004052,0.0327586228777815,0,0
95-99,men,Complex,AIS,0,0,0,0,0,0,0.61413657964213,0,5.48610282014978e-10,0,0,9.58594396530228e-10,0,0.353221282505655,0.00548935365027107,0.000994399233638466,0.0261583834611016,0,0
100-104,men,Complex,AIS,0,0,0,0,0,0,0.61413657964213,0,5.48610282014978e-10,0,0,9.58594396530228e-10,0,0.353221282505655,0.00548935365027107,0.000994399233638466,0.0261583834611016,0,0
105-109,men,Complex,AIS,0,0,0,0,0,0,0.61413657964213,0,5.48610282014978e-10,0,0,9.58594396530228e-10,0,0.353221282505655,0.00548935365027107,0.000994399233638466,0.0261583834611016,0,0
70-74,women,Complex,AIS,0,0,0,0,0,0,0.88863531766661,0,0.000390687457041716,0,0,0.00099732302289283,0,0.0891002805263275,0.000646451186850785,0.00197264344377894,0.0182572966964986,0,0
75-79,women,Complex,AIS,0,0,0,0,0,0,0.860173355997391,0,0.00126626421997996,0,0,0.00205307743319535,0,0.113271895493344,0.00129365294272739,0.00212030997253916,0.0198214439408234,0,0
65-69,women,Complex,AIS,0,0,0,0,0,0,0.880700935132107,0,0.000318776486108262,0,0,0.00265789328389283,0,0.0985489358359653,0.000517260198586491,0.0015994641880812,0.0156567348752586,0,0
80-84,women,Complex,AIS,0,0,0,0,0,0,0.806036213133803,0,0.00168504951192602,0,0,0.0044104870564022,0,0.151359035638553,0.00150709765492562,0.00282064762943585,0.0321814693749549,0,0
85-89,women,Complex,AIS,0,0,0,0,0,0,0.769077607573588,0,0.00120612104805982,0,0,0.00287924002388255,0,0.18693770651664,0.00175086933418659,0.00292473354260001,0.0352237219610436,0,0
90-94,women,Complex,AIS,0,0,0,0,0,0,0.667436844633512,0,0.000649021567806414,0,0,0.00274381015980359,0,0.283074003576198,0.00253236734292879,0.00284267792553628,0.0407212747942154,0,0
95-99,women,Complex,AIS,0,0,0,0,0,0,0.663855412098144,0,1.69275341336232e-10,0,0,4.99506391479843e-10,0,0.301659079725844,0.00153785534534201,0.000740046692129559,0.0322076054697583,0,0
100-104,women,Complex,AIS,0,0,0,0,0,0,0.663855412098144,0,1.69275341336232e-10,0,0,4.99506391479843e-10,0,0.301659079725844,0.00153785534534201,0.000740046692129559,0.0322076054697583,0,0
105-109,women,Complex,AIS,0,0,0,0,0,0,0.663855412098144,0,1.69275341336232e-10,0,0,4.99506391479843e-10,0,0.301659079725844,0.00153785534534201,0.000740046692129559,0.0322076054697583,0,0
70-74,men,Neuropsychiatric,AIS,0,0,0,0,0,0,0.894697759034133,0,0.000443904532916369,0,0,0.00195347752939882,0,0.0860181711391976,0.00139105470021923,0.00297116223197431,0.0125244708321606,0,0
75-79,men,Neuropsychiatric,AIS,0,0,0,0,0,0,0.865686372771365,0,0.00143794461922081,0,0,0.00401916298314998,0,0.109292664639761,0.0027821719316496,0.00319179390938162,0.0135898891454724,0,0
65-69,men,Neuropsychiatric,AIS,0,0,0,0,0,0,0.885242074767828,0,0.000361527382449396,0,0,0.00519642808562376,0,0.094963754937166,0.00111099560131217,0.00240462356897218,0.0107205956566487,0,0
80-84,men,Neuropsychiatric,AIS,0,0,0,0,0,0,0.813413855540772,0,0.00191808721179267,0,0,0.00865475342567535,0,0.146391229212558,0.00324896802446052,0.00425620149360646,0.0221169050911354,0,0
85-89,men,Neuropsychiatric,AIS,0,0,0,0,0,0,0.778937427539586,0,0.00137817393778168,0,0,0.00567157227835317,0,0.181493496929966,0.00378891822609873,0.00443013645585394,0.0243002746323606,0,0
90-94,men,Neuropsychiatric,AIS,0,0,0,0,0,0,0.679500285448207,0,0.000745428982064154,0,0,0.00543267429517944,0,0.276247371236621,0.00550835863917548,0.00432805192983112,0.0282378294689217,0,0
95-99,men,Neuropsychiatric,AIS,0,0,0,0,0,0,0.661436452180131,0,1.94715923233922e-10,0,0,9.90515517256548e-10,0,0.311716788513435,0.003350206801805,0.00112845579942934,0.0223680955199687,0,0
100-104,men,Neuropsychiatric,AIS,0,0,0,0,0,0,0.661436452180131,0,1.94715923233922e-10,0,0,9.90515517256548e-10,0,0.311716788513435,0.003350206801805,0.00112845579942934,0.0223680955199687,0,0
105-109,men,Neuropsychiatric,AIS,0,0,0,0,0,0,0.661436452180131,0,1.94715923233922e-10,0,0,9.90515517256548e-10,0,0.311716788513435,0.003350206801805,0.00112845579942934,0.0223680955199687,0,0
70-74,women,Neuropsychiatric,AIS,0,0,0,0,0,0,0.904570112058038,0,0.000133920385482144,0,0,0.000995272350523578,0,0.0766800059143391,0.000381035850560669,0.0021619819424382,0.0150776714986181,0,0
75-79,women,Neuropsychiatric,AIS,0,0,0,0,0,0,0.879972975270481,0,0.000436255072367239,0,0,0.00205925607427482,0,0.0979770064876369,0.000766384679928026,0.0023356176940169,0.0164525047212951,0,0
65-69,women,Neuropsychiatric,AIS,0,0,0,0,0,0,0.897341956139203,0,0.000109373891937848,0,0,0.00265493442723035,0,0.0848916881898948,0.000305175264114094,0.0017546405205885,0.0129422315670312,0,0
80-84,women,Neuropsychiatric,AIS,0,0,0,0,0,0,0.83188055062437,0,0.00058569917639526,0,0,0.00446310774244246,0,0.132085803712292,0.000900774785337701,0.00313470754171483,0.0269493564174484,0,0
85-89,women,Neuropsychiatric,AIS,0,0,0,0,0,0,0.798536757411057,0,0.000421747788013897,0,0,0.00293108666762189,0,0.164113637412282,0.00105275795812146,0.00326989998697055,0.0296741127759334,0,0
90-94,women,Neuropsychiatric,AIS,0,0,0,0,0,0,0.70460838678788,0,0.000230735919111299,0,0,0.00283987359808256,0,0.252663151818125,0.00154808806362272,0.00323124569420253,0.0348785181189762,0,0
95-99,women,Neuropsychiatric,AIS,0,0,0,0,0,0,0.7079696159189,0,5.98031810267275e-11,0,0,5.13760261281916e-10,0,0.262846377685329,0.000934241066024833,0.000835941633611223,0.0274138231225719,0,0
100-104,women,Neuropsychiatric,AIS,0,0,0,0,0,0,0.7079696159189,0,5.98031810267275e-11,0,0,5.13760261281916e-10,0,0.262846377685329,0.000934241066024833,0.000835941633611223,0.0274138231225719,0,0
105-109,women,Neuropsychiatric,AIS,0,0,0,0,0,0,0.7079696159189,0,5.98031810267275e-11,0,0,5.13760261281916e-10,0,0.262846377685329,0.000934241066024833,0.000835941633611223,0.0274138231225719,0,0
70-74,men,Cardiovascular,AIS,0,0,0,0,0,0,0.914378126726426,0,0.00138647314053407,0,0,0.000660930651879216,0,0.0669555070962857,0.00126851874598919,0.00266070475399687,0.0126897388848887,0,0
75-79,men,Cardiovascular,AIS,0,0,0,0,0,0,0.889346837535955,0,0.00451428490148116,0,0,0.0013668095829047,0,0.085509041255876,0.00255012559382254,0.00287296334461415,0.0138399377853467,0,0
65-69,men,Cardiovascular,AIS,0,0,0,0,0,0,0.90873498211635,0,0.00113453144637259,0,0,0.0017664683288628,0,0.0742689763249353,0.0010179313300996,0.00216356964493258,0.0109135408084474,0,0
80-84,men,Cardiovascular,AIS,0,0,0,0,0,0,0.84534884338267,0,0.00609331212460366,0,0,0.00297827891814698,0,0.115897575481386,0.00301343142631237,0.00387664197571241,0.0227919166911685,0,0
85-89,men,Cardiovascular,AIS,0,0,0,0,0,0,0.815959350702764,0,0.00441245855214034,0,0,0.00196700593346156,0,0.144814447852369,0.00354178862725614,0.00406670011905858,0.0252382482129507,0,0
90-94,men,Cardiovascular,AIS,0,0,0,0,0,0,0.730054691712612,0,0.00244834405052359,0,0,0.0019328824100801,0,0.22611977497339,0.00528225279803292,0.00407574565624265,0.030086308399118,0,0
95-99,men,Cardiovascular,AIS,0,0,0,0,0,0,0.750574283512699,0,6.33898269128886e-10,0,0,3.49305138217235e-10,0,0.22156596878197,0.00318434793545088,0.00105329758762152,0.023622101199056,0,0
100-104,men,Cardiovascular,AIS,0,0,0,0,0,0,0.750574283512699,0,6.33898269128886e-10,0,0,3.49305138217235e-10,0,0.22156596878197,0.00318434793545088,0.00105329758762152,0.023622101199056,0,0
105-109,men,Cardiovascular,AIS,0,0,0,0,0,0,0.750574283512699,0,6.33898269128886e-10,0,0,3.49305138217235e-10,0,0.22156596878197,0.00318434793545088,0.00105329758762152,0.023622101199056,0,0
70-74,women,Cardiovascular,AIS,0,0,0,0,0,0,0.922190245209643,0,0.000417250584811122,0,0,0.000335906026260414,0,0.0595396968611929,0.000346614640836314,0.00193130455372047,0.0152389821235354,0,0
75-79,women,Cardiovascular,AIS,0,0,0,0,0,0,0.901932365396804,0,0.00136654087648096,0,0,0.000698743990755127,0,0.0764857486241792,0.00070090595972844,0.00209764665108871,0.0167180485009632,0,0
65-69,women,Cardiovascular,AIS,0,0,0,0,0,0,0.917655483547016,0,0.000341877030542747,0,0,0.00089895023202632,0,0.0661295618543532,0.000278507174127917,0.00157250795193665,0.0131231122099969,0,0
80-84,women,Cardiovascular,AIS,0,0,0,0,0,0,0.861122295836709,0,0.00185324556693264,0,0,0.00152975302457452,0,0.104157061232971,0.00083215720580566,0.00284383126342084,0.0276616558695866,0,0
85-89,women,Cardiovascular,AIS,0,0,0,0,0,0,0.832650156581534,0,0.00134411896342311,0,0,0.00101190361568655,0,0.130347823630862,0.000979589742057891,0.00298791200591305,0.0306784954605233,0,0
90-94,women,Cardiovascular,AIS,0,0,0,0,0,0,0.751564279721732,0,0.000752284824598235,0,0,0.00100297866934866,0,0.205297292301389,0.00147364731345186,0.00302054642093142,0.0368889707485494,0,0
95-99,women,Cardiovascular,AIS,0,0,0,0,0,0,0.783596240048258,0,1.93482379272627e-10,0,0,1.80054191489077e-10,0,0.185974635233528,0.000882484097536832,0.000775428088284578,0.0287712121588558,0,0
100-104,women,Cardiovascular,AIS,0,0,0,0,0,0,0.783596240048258,0,1.93482379272627e-10,0,0,1.80054191489077e-10,0,0.185974635233528,0.000882484097536832,0.000775428088284578,0.0287712121588558,0,0
105-109,women,Cardiovascular,AIS,0,0,0,0,0,0,0.783596240048258,0,1.93482379272627e-10,0,0,1.80054191489077e-10,0,0.185974635233528,0.000882484097536832,0.000775428088284578,0.0287712121588558,0,0
70-74,men,Eye,AIS,0,0,0,0,0,0,0.931809831638066,0,0.00101101799014504,0,0,0.0055096219070085,0,0.0494751892496382,0.00105894562518495,0.00238500282091456,0.00875039076904301,0,0
75-79,men,Eye,AIS,0,0,0,0,0,0,0.90778089807234,0,0.00329542596747463,0,0,0.0114064129523331,0,0.063254054705586,0.00213114752074076,0.00257808640473532,0.00955397437678995,0,0
65-69,men,Eye,AIS,0,0,0,0,0,0,0.919871382854396,0,0.000820967186854943,0,0,0.0146128052701618,0,0.0544590971119348,0.000843251438387157,0.00192453108152622,0.00746796505673864,0,0
80-84,men,Eye,AIS,0,0,0,0,0,0,0.863362345326089,0,0.00444390836529185,0,0,0.0248310747733126,0,0.0856524437820193,0.00251595188357282,0.00347545886392673,0.0157188170057882,0,0
85-89,men,Eye,AIS,0,0,0,0,0,0,0.8467925671649,0,0.0032726827236859,0,0,0.0166781323255564,0,0.108840090768856,0.0030072895976857,0.0037077479369498,0.0177014894823662,0,0
90-94,men,Eye,AIS,0,0,0,0,0,0,0.777034958338042,0,0.00186192538663109,0,0,0.0168040413342705,0,0.174253740426628,0.00459873470928269,0.00381014663387718,0.0216364531712691,0,0
95-99,men,Eye,AIS,0,0,0,0,0,0,0.793011526129585,0,4.85348724114875e-10,0,0,3.05743885736993e-09,0,0.18610264559277,0.00279115650569297,0.000991357289720111,0.0171033109394441,0,0
100-104,men,Eye,AIS,0,0,0,0,0,0,0.793011526129585,0,4.85348724114875e-10,0,0,3.05743885736993e-09,0,0.18610264559277,0.00279115650569297,0.000991357289720111,0.0171033109394441,0,0
105-109,men,Eye,AIS,0,0,0,0,0,0,0.793011526129585,0,4.85348724114875e-10,0,0,3.05743885736993e-09,0,0.18610264559277,0.00279115650569297,0.000991357289720111,0.0171033109394441,0,0
70-74,women,Eye,AIS,0,0,0,0,0,0,0.94032133514798,0,0.000304514775053827,0,0,0.00280251335613481,0,0.0440323406594431,0.000289592737699516,0.00173263454254477,0.0105170687811439,0,0
75-79,women,Eye,AIS,0,0,0,0,0,0,0.922395936778143,0,0.000999986185776332,0,0,0.00584531526704263,0,0.0567160051088389,0.000587165424871078,0.00188689830825836,0.0115686929270702,0,0
65-69,women,Eye,AIS,0,0,0,0,0,0,0.932880242418508,0,0.000248632260704579,0,0,0.00747380366561892,0,0.0487345475681216,0.000231874660178481,0.00140580535899705,0.00902509406787093,0,0
80-84,women,Eye,AIS,0,0,0,0,0,0,0.885658330670695,0,0.00136277473628553,0,0,0.0128597020011977,0,0.0776128371443627,0.000700528534625755,0.00257063085911698,0.0192351960537169,0,0
85-89,women,Eye,AIS,0,0,0,0,0,0,0.86685181449484,0,0.00100091385360763,0,0,0.00861423310991569,0,0.0983595456467155,0.000835088626241675,0.00273508976206607,0.0216033145066133,0,0
90-94,women,Eye,AIS,0,0,0,0,0,0,0.801326323024414,0,0.000573657372225298,0,0,0.00874340217314863,0,0.158638004080066,0.00128645080415689,0.00283139578441953,0.0266007667615699,0,0
95-99,women,Eye,AIS,0,0,0,0,0,0,0.826516607028755,0,1.47456954438381e-10,0,0,1.56872044456958e-09,0,0.15125173516256,0.000769945662289638,0.00072645740896872,0.0207352530212494,0,0
100-104,women,Eye,AIS,0,0,0,0,0,0,0.826516607028755,0,1.47456954438381e-10,0,0,1.56872044456958e-09,0,0.15125173516256,0.000769945662289638,0.00072645740896872,0.0207352530212494,0,0
105-109,women,Eye,AIS,0,0,0,0,0,0,0.826516607028755,0,1.47456954438381e-10,0,0,1.56872044456958e-09,0,0.15125173516256,0.000769945662289638,0.00072645740896872,0.0207352530212494,0,0
70-74,men,MSK,AIS,0,0,0,0,0,0,0.954373570415074,0,0.000441701197948642,0,0,0.00392934554043796,0,0.0340635688426755,0.000501143007526835,0.00143757336285601,0.00525309763348098,0,0
75-79,men,MSK,AIS,0,0,0,0,0,0,0.938008424644731,0,0.00145306118687155,0,0,0.00821013247228439,0,0.0439535241414943,0.00101789780277155,0.00156834367889388,0.00578861607295311,0,0
65-69,men,MSK,AIS,0,0,0,0,0,0,0.945472991822627,0,0.00036005377064262,0,0,0.0104617392744948,0,0.0376395992113033,0.000400605562975198,0.00116449578263438,0.0045005145753226,0,0
80-84,men,MSK,AIS,0,0,0,0,0,0,0.906285162880843,0,0.00199188034669294,0,0,0.0181686391942658,0,0.0605021627296034,0.00122157125182516,0.00214922424136325,0.00968135935540591,0,0
85-89,men,MSK,AIS,0,0,0,0,0,0,0.894205351590588,0,0.00147510152141096,0,0,0.0122714011569087,0,0.0773107509456166,0.00146828911784419,0.00230568320125342,0.0109634224663785,0,0
90-94,men,MSK,AIS,0,0,0,0,0,0,0.841123340666033,0,0.00086025424640455,0,0,0.0126738050969428,0,0.126876050234801,0.0023015543204011,0.00242872122340692,0.0137362742120112,0,0
95-99,men,MSK,AIS,0,0,0,0,0,0,0.853438847817202,0,2.20527723972938e-10,0,0,2.26775333860913e-09,0,0.133887489583132,0.00137376299231882,0.000621456784693051,0.0106784403343734,0,0
100-104,men,MSK,AIS,0,0,0,0,0,0,0.853438847817202,0,2.20527723972938e-10,0,0,2.26775333860913e-09,0,0.133887489583132,0.00137376299231882,0.000621456784693051,0.0106784403343734,0,0
105-109,men,MSK,AIS,0,0,0,0,0,0,0.853438847817202,0,2.20527723972938e-10,0,0,2.26775333860913e-09,0,0.133887489583132,0.00137376299231882,0.000621456784693051,0.0106784403343734,0,0
70-74,women,MSK,AIS,0,0,0,0,0,0,0.960183472089201,0,0.000132617490480301,0,0,0.00199236479131161,0,0.0302201904947616,0.000136615011672424,0.00104104818392669,0.00629369193864672,0,0
75-79,women,MSK,AIS,0,0,0,0,0,0,0.947814801697871,0,0.000438313535894389,0,0,0.00418241913842902,0,0.0391768491588811,0.000278785176190739,0.00114106610141664,0.0069677651913175,0,0
65-69,women,MSK,AIS,0,0,0,0,0,0,0.954669629063342,0,0.000108535395078956,0,0,0.00532579356757075,0,0.0335261621069086,0.000109644164877211,0.000846662907320361,0.00541357279490189,0,0
80-84,women,MSK,AIS,0,0,0,0,0,0,0.922078760200954,0,0.000605401207734702,0,0,0.00932564427238434,0,0.054335761500079,0.000337103576505603,0.00157554333296882,0.0117417859093736,0,0
85-89,women,MSK,AIS,0,0,0,0,0,0,0.908586432700676,0,0.000447566553844593,0,0,0.00628790940282968,0,0.0693123187264243,0.000404493748578277,0.00168734517768405,0.0132739336899631,0,0
90-94,women,MSK,AIS,0,0,0,0,0,0,0.859635201722077,0,0.000262542149563904,0,0,0.0065321424043658,0,0.114415979793579,0.000637761004741769,0.00178779807381139,0.0167285748518618,0,0
95-99,women,MSK,AIS,0,0,0,0,0,0,0.878623743055394,0,6.66407580949835e-11,0,0,1.15730800465407e-09,0,0.107669742465257,0.000376923371062899,0.000452956246205031,0.0128766336381326,0,0
100-104,women,MSK,AIS,0,0,0,0,0,0,0.878623743055394,0,6.66407580949835e-11,0,0,1.15730800465407e-09,0,0.107669742465257,0.000376923371062899,0.000452956246205031,0.0128766336381326,0,0
105-109,women,MSK,AIS,0,0,0,0,0,0,0.878623743055394,0,6.66407580949835e-11,0,0,1.15730800465407e-09,0,0.107669742465257,0.000376923371062899,0.000452956246205031,0.0128766336381326,0,0
70-74,men,Metabolic,AIS,0,0,0,0,0,0,0.932378439696434,0,0.000820239842846819,0,0,0.00292292191008337,0,0.0520327592925641,0.000821558911212942,0.00236639774562102,0.00865768260123803,0,0
75-79,men,Metabolic,AIS,0,0,0,0,0,0,0.910809161937381,0,0.00268194079242431,0,0,0.00607016023331739,0,0.0667318879065938,0.00165857155235993,0.00256597229719391,0.00948230528072979,0,0
65-69,men,Metabolic,AIS,0,0,0,0,0,0,0.924020644575923,0,0.000668993593018328,0,0,0.00778651625532657,0,0.0575273026862551,0.000657107346346061,0.00191795298475328,0.007421482558378,0,0
80-84,men,Metabolic,AIS,0,0,0,0,0,0,0.870975314658379,0,0.00363957552933896,0,0,0.0132982531885888,0,0.090935365176731,0.00197047552552455,0.0034810852739865,0.0156999306474507,0,0
85-89,men,Metabolic,AIS,0,0,0,0,0,0,0.849926018552658,0,0.002665405419593,0,0,0.00888219341852975,0,0.114909433404241,0.00234216613443219,0.00369306067342485,0.0175817223971215,0,0
90-94,men,Metabolic,AIS,0,0,0,0,0,0,0.777399958062439,0,0.0015116522584021,0,0,0.00892106704529228,0,0.183391477046904,0.0035703521480289,0.00378310314142332,0.0214223902975106,0,0
95-99,men,Metabolic,AIS,0,0,0,0,0,0,0.787251455651547,0,3.90550631536416e-10,0,0,1.60877263817616e-09,0,0.192841144910021,0.00214778454820403,0.000975597154159563,0.0167840157367448,0,0
100-104,men,Metabolic,AIS,0,0,0,0,0,0,0.787251455651547,0,3.90550631536416e-10,0,0,1.60877263817616e-09,0,0.192841144910021,0.00214778454820403,0.000975597154159563,0.0167840157367448,0,0
105-109,men,Metabolic,AIS,0,0,0,0,0,0,0.787251455651547,0,3.90550631536416e-10,0,0,1.60877263817616e-09,0,0.192841144910021,0.00214778454820403,0.000975597154159563,0.0167840157367448,0,0
70-74,women,Metabolic,AIS,0,0,0,0,0,0,0.939695405267277,0,0.000246696361392815,0,0,0.00148462067355964,0,0.0462416755378782,0.00022434950398157,0.00171663598115725,0.0103906166747537,0,0
75-79,women,Metabolic,AIS,0,0,0,0,0,0,0.922687032790441,0,0.000811068804488379,0,0,0.00310016690233704,0,0.0596316389069416,0.000455414909053965,0.00187166905743031,0.0114430086293074,0,0
65-69,women,Metabolic,AIS,0,0,0,0,0,0,0.934028325325239,0,0.000201859318919766,0,0,0.00396776962109923,0,0.0512903518974571,0.000180022872766322,0.00139583276191975,0.00893583820259842,0,0
80-84,women,Metabolic,AIS,0,0,0,0,0,0,0.888038476833661,0,0.00110842458840873,0,0,0.00683953254640137,0,0.0818319786312461,0.000544867595353045,0.00255704671570864,0.019079673089221,0,0
85-89,women,Metabolic,AIS,0,0,0,0,0,0,0.866539133368063,0,0.000811426174288082,0,0,0.00456648852543038,0,0.103365650395893,0.000647392931992264,0.00271169452634882,0.0213582140779845,0,0
90-94,women,Metabolic,AIS,0,0,0,0,0,0,0.798672254415587,0,0.000463701867875991,0,0,0.00462147022867452,0,0.166226751833773,0.000994403218919954,0.00279900526567343,0.0262224131694963,0,0
95-99,women,Metabolic,AIS,0,0,0,0,0,0,0.821286607230114,0,1.18704585667426e-10,0,0,8.25774051089683e-10,0,0.157048941803674,0.000592714273478669,0.000715202892693891,0.0203565328555605,0,0
100-104,women,Metabolic,AIS,0,0,0,0,0,0,0.821286607230114,0,1.18704585667426e-10,0,0,8.25774051089683e-10,0,0.157048941803674,0.000592714273478669,0.000715202892693891,0.0203565328555605,0,0
105-109,women,Metabolic,AIS,0,0,0,0,0,0,0.821286607230114,0,1.18704585667426e-10,0,0,8.25774051089683e-10,0,0.157048941803674,0.000592714273478669,0.000715202892693891,0.0203565328555605,0,0
70-74,men,Unspecified,PIS,0,0,0,0.0263848463001584,0,0,0.954273393712125,0,0,0,0,0.00234511734813612,0,0.0163203273346616,0,0.000449428154425465,0.000226887150493761,0,0
75-79,men,Unspecified,PIS,0,0,0,0.027867795742437,0,0,0.941316568973124,0,0,0,0,0.00495908158140781,0,0.0251072969097028,0,0.000496224527286904,0.000253032266041188,0,0
65-69,men,Unspecified,PIS,0,0,0,0.0279115071929023,0,0,0.951758337071927,0,0,0,0,0.00626599919917186,0,0.0135037318833862,0,0.000365350968700171,0.000195073683911863,0,0
80-84,men,Unspecified,PIS,0,0,0,0.0316640164368831,0,0,0.914211832485208,0,0,0,0,0.0112140185087564,0,0.0417828184470097,0,0.000694874699148922,0.000432439422993623,0,0
85-89,men,Unspecified,PIS,0,0,0,0.0265608327309494,0,0,0.891497533714372,0,0,0,0,0.00773084253276016,0,0.0729500698792163,0,0.000760883575852076,0.00049983756685034,0,0
90-94,men,Unspecified,PIS,0,0,0,0.0302045329541436,0,0,0.844033822068661,0,0,0,0,0.00838919840473377,0,0.115872310746027,0,0.000842125871826518,0.000658009954607496,0,0
95-99,men,Unspecified,PIS,0,0,0,0.0164213970480746,0,0,0.808511213767952,0,0,0,0,1.48549141640505e-09,0,0.174347934718012,0,0.000213241223639325,0.000506211756830118,0,0
100-104,men,Unspecified,PIS,0,0,0,0.0164213970480746,0,0,0.808511213767952,0,0,0,0,1.48549141640505e-09,0,0.174347934718012,0,0.000213241223639325,0.000506211756830118,0,0
105-109,men,Unspecified,PIS,0,0,0,0.0164213970480746,0,0,0.808511213767952,0,0,0,0,1.48549141640505e-09,0,0.174347934718012,0,0.000213241223639325,0.000506211756830118,0,0
70-74,women,Unspecified,PIS,0,0,0,0.0277882737266031,0,0,0.95739352167114,0,0,0,0,0.00118186897632485,0,0.0130426665879112,0,0.000323487278165023,0.00027018175985526,0,0
75-79,women,Unspecified,PIS,0,0,0,0.029393928833074,0,0,0.947393442546107,0,0,0,0,0.00250296067476465,0,0.0200501986340639,0,0.000357703489803501,0.000301765822186878,0,0
65-69,women,Unspecified,PIS,0,0,0,0.0294580163985182,0,0,0.956095095198582,0,0,0,0,0.00316452331520831,0,0.010786054323256,0,0.000263524140218945,0.000232786624216818,0,0
80-84,women,Unspecified,PIS,0,0,0,0.0335145357305035,0,0,0.926127540085852,0,0,0,0,0.00567971086183422,0,0.0336580403672825,0,0.000502647625349434,0.000517525329178629,0,0
85-89,women,Unspecified,PIS,0,0,0,0.0280741852399716,0,0,0.907546395312363,0,0,0,0,0.00391011972499852,0,0.0593223093285867,0,0.000549634031410279,0.000597356362670443,0,0
90-94,women,Unspecified,PIS,0,0,0,0.0319534408034528,0,0,0.867295217006494,0,0,0,0,0.00424681874091649,0,0.0951085936826143,0,0.000608852995039816,0.000787076771482791,0,0
95-99,women,Unspecified,PIS,0,0,0,0.0173001558645746,0,0,0.836957417604684,0,0,0,0,7.48872382060491e-10,0,0.14498590143123,0,0.000153532743629807,0.000602991607009924,0,0
100-104,women,Unspecified,PIS,0,0,0,0.0173001558645746,0,0,0.836957417604684,0,0,0,0,7.48872382060491e-10,0,0.14498590143123,0,0.000153532743629807,0.000602991607009924,0,0
105-109,women,Unspecified,PIS,0,0,0,0.0173001558645746,0,0,0.836957417604684,0,0,0,0,7.48872382060491e-10,0,0.14498590143123,0,0.000153532743629807,0.000602991607009924,0,0
70-74,men,Complex,PIS,0,0,0,0.0363523255848283,0,0,0.913573040349153,0,0,0,0,0.00166812193195173,0,0.0473782811664425,0,0.000556472610579128,0.000471758357045275,0,0
75-79,men,Complex,PIS,0,0,0,0.0383489197158559,0,0,0.885521240671762,0,0,0,0,0.00352320043402324,0,0.071467486767175,0,0.000613669628194537,0.000525482782989439,0,0
65-69,men,Complex,PIS,0,0,0,0.0384599273945988,0,0,0.916521014306391,0,0,0,0,0.00445759993758628,0,0.0397033847006045,0,0.000452419506707356,0.000405654154112371,0,0
80-84,men,Complex,PIS,0,0,0,0.0434731640250974,0,0,0.832499142261722,0,0,0,0,0.00794880967085533,0,0.114325505859377,0,0.000857368717914224,0.000896009465034316,0,0
85-89,men,Complex,PIS,0,0,0,0.0364185266480964,0,0,0.768117574329074,0,0,0,0,0.00547259229458225,0,0.188019446008002,0,0.000937572330521573,0.00103428838972356,0,0
90-94,men,Complex,PIS,0,0,0,0.0410440239948883,0,0,0.67267565949743,0,0,0,0,0.00588550666529135,0,0.278017007983281,0,0.00102839677329776,0.0013494050858115,0,0
95-99,men,Complex,PIS,0,0,0,0.0224406744357434,0,0,0.591695905665542,0,0,0,0,1.04804886522779e-09,0,0.384557563528169,0,0.000261880316093905,0.00104397500640281,0,0
100-104,men,Complex,PIS,0,0,0,0.0224406744357434,0,0,0.591695905665542,0,0,0,0,1.04804886522779e-09,0,0.384557563528169,0,0.000261880316093905,0.00104397500640281,0,0
105-109,men,Complex,PIS,0,0,0,0.0224406744357434,0,0,0.591695905665542,0,0,0,0,1.04804886522779e-09,0,0.384557563528169,0,0.000261880316093905,0.00104397500640281,0,0
70-74,women,Complex,PIS,0,0,0,0.038267871104214,0,0,0.921678479206285,0,0,0,0,0.000840287008667892,0,0.0382515020599794,0,0.000400346307532877,0.000561514313320677,0,0
75-79,women,Complex,PIS,0,0,0,0.040417862407288,0,0,0.898967877604478,0,0,0,0,0.00177686859346264,0,0.0577691616330642,0,0.000442022897624336,0.000626206864082413,0,0
65-69,women,Complex,PIS,0,0,0,0.0405472608348768,0,0,0.924426991597015,0,0,0,0,0.00224880554348073,0,0.0319674095202837,0,0.000325975014669453,0.000483557489674738,0,0
80-84,women,Complex,PIS,0,0,0,0.0459391663291883,0,0,0.854454620300051,0,0,0,0,0.00401940447605665,0,0.0938970589872739,0,0.000619183570916018,0.00107056633651407,0,0
85-89,women,Complex,PIS,0,0,0,0.0384673006356663,0,0,0.799526331311481,0,0,0,0,0.00276605103015905,0,0.157328274755636,0,0.000676805770076258,0.00123523649698186,0,0
90-94,women,Complex,PIS,0,0,0,0.0434176650799007,0,0,0.714132974320371,0,0,0,0,0.00297918958442547,0,0.237112715202698,0,0.000743476366116936,0.00161397944648804,0,0
95-99,women,Complex,PIS,0,0,0,0.0236744881352564,0,0,0.640180924102586,0,0,0,0,5.29083208518842e-10,0,0.334710471999114,0,0.000188815429190764,0.00124529980476912,0,0
100-104,women,Complex,PIS,0,0,0,0.0236744881352564,0,0,0.640180924102586,0,0,0,0,5.29083208518842e-10,0,0.334710471999114,0,0.000188815429190764,0.00124529980476912,0,0
105-109,women,Complex,PIS,0,0,0,0.0236744881352564,0,0,0.640180924102586,0,0,0,0,5.29083208518842e-10,0,0.334710471999114,0,0.000188815429190764,0.00124529980476912,0,0
70-74,men,Neuropsychiatric,PIS,0,0,0,0.0436605925692045,0,0,0.914695517391327,0,0,0,0,0.001623654935165,0,0.0390453911364836,0,0.000594849515625975,0.000379994452193713,0,0
75-79,men,Neuropsychiatric,PIS,0,0,0,0.0460562319537661,0,0,0.890385034865441,0,0,0,0,0.00342910780122189,0,0.0590504206473213,0,0.000655957635231006,0.000423247097019282,0,0
65-69,men,Neuropsychiatric,PIS,0,0,0,0.0461780201570482,0,0,0.915999422227368,0,0,0,0,0.00433746971858423,0,0.0326749625939892,0,0.000483475046048626,0.000326650256962042,0,0
80-84,men,Neuropsychiatric,PIS,0,0,0,0.0521890688899521,0,0,0.843106462211392,0,0,0,0,0.00773337224336778,0,0.0953336283096497,0,0.000916076674708667,0.000721391670929387,0,0
85-89,men,Neuropsychiatric,PIS,0,0,0,0.0438191097637889,0,0,0.7898407527923,0,0,0,0,0.00533633138122113,0,0.159165155141904,0,0.0010040419368715,0.000834608983914465,0,0
90-94,men,Neuropsychiatric,PIS,0,0,0,0.0494349374228422,0,0,0.70308769725984,0,0,0,0,0.00574482005752266,0,0.239540115875376,0,0.00110242906291632,0.00109000032150254,0,0
95-99,men,Neuropsychiatric,PIS,0,0,0,0.0271285163288048,0,0,0.634307936009771,0,0,0,0,1.0267865893925e-09,0,0.337435364574435,0,0.000281772682533066,0.000846409377670217,0,0
100-104,men,Neuropsychiatric,PIS,0,0,0,0.0271285163288048,0,0,0.634307936009771,0,0,0,0,1.0267865893925e-09,0,0.337435364574435,0,0.000281772682533066,0.000846409377670217,0,0
105-109,men,Neuropsychiatric,PIS,0,0,0,0.0271285163288048,0,0,0.634307936009771,0,0,0,0,1.0267865893925e-09,0,0.337435364574435,0,0.000281772682533066,0.000846409377670217,0,0
70-74,women,Neuropsychiatric,PIS,0,0,0,0.0459348478091959,0,0,0.920894332397021,0,0,0,0,0.000817417905574799,0,0.031473659745844,0,0.000427710290440614,0.000452031851923847,0,0
75-79,women,Neuropsychiatric,PIS,0,0,0,0.0485085689934232,0,0,0.901115964158519,0,0,0,0,0.00172825949436057,0,0.0476710023129407,0,0.000472167164248369,0.000504037876507565,0,0
65-69,women,Neuropsychiatric,PIS,0,0,0,0.0486520165735049,0,0,0.922149875311484,0,0,0,0,0.00218675307849632,0,0.0262741109045836,0,0.00034812044607324,0.000389123685857639,0,0
80-84,women,Neuropsychiatric,PIS,0,0,0,0.055102237757676,0,0,0.861486620781107,0,0,0,0,0.00390711646208923,0,0.0779818179010855,0,0.000661015196371017,0.000861191901671699,0,0
85-89,women,Neuropsychiatric,PIS,0,0,0,0.0462468876287354,0,0,0.817085872560266,0,0,0,0,0.00269500456448674,0,0.132252073270436,0,0.00072420370784784,0.000995958268228348,0,0
90-94,women,Neuropsychiatric,PIS,0,0,0,0.0522362556077548,0,0,0.740377736672834,0,0,0,0,0.00290477322875054,0,0.202382836014815,0,0.000796120183301468,0.00130227829254446,0,0
95-99,women,Neuropsychiatric,PIS,0,0,0,0.0285983585296823,0,0,0.679371257444825,0,0,0,0,5.17956163485594e-10,0,0.290818511123341,0,0.000203003666219721,0.00100886871797644,0,0
100-104,women,Neuropsychiatric,PIS,0,0,0,0.0285983585296823,0,0,0.679371257444825,0,0,0,0,5.17956163485594e-10,0,0.290818511123341,0,0.000203003666219721,0.00100886871797644,0,0
105-109,women,Neuropsychiatric,PIS,0,0,0,0.0285983585296823,0,0,0.679371257444825,0,0,0,0,5.17956163485594e-10,0,0.290818511123341,0,0.000203003666219721,0.00100886871797644,0,0
70-74,men,Cardiovascular,PIS,0,0,0,0.0309166828200482,0,0,0.942196507879758,0,0,0,0,0.000547125907423074,0,0.0254256798741125,0,0.000530546558070755,0.000383456960587195,0,0
75-79,men,Cardiovascular,PIS,0,0,0,0.0327008003948372,0,0,0.926254931611306,0,0,0,0,0.00115862099927792,0,0.0388707715908567,0,0.000586622741134877,0.000428252662587304,0,0
65-69,men,Cardiovascular,PIS,0,0,0,0.032800279525677,0,0,0.943839276988677,0,0,0,0,0.0014661181490867,0,0.0211311376697435,0,0.000432543135014895,0.000330644531801086,0,0
80-84,men,Cardiovascular,PIS,0,0,0,0.0372885023493367,0,0,0.894633252017534,0,0,0,0,0.00262938744967747,0,0.0638899354059374,0,0.00082440447719826,0.000734518300316203,0,0
85-89,men,Cardiovascular,PIS,0,0,0,0.0311888781863077,0,0,0.85575286515663,0,0,0,0,0.0018074624072092,0,0.109504117294104,0,0.000900121595320281,0.000846555360429556,0,0
90-94,men,Cardiovascular,PIS,0,0,0,0.0353622340007434,0,0,0.790914757021129,0,0,0,0,0.0019555657085887,0,0.169663029205153,0,0.000993274950581601,0.001111139113804,0,0
95-99,men,Cardiovascular,PIS,0,0,0,0.0191586876025319,0,0,0.731415596548298,0,0,0,0,3.45072364226304e-10,0,0.248323238152022,0,0.000250640774716999,0.000851836577359368,0,0
100-104,men,Cardiovascular,PIS,0,0,0,0.0191586876025319,0,0,0.731415596548298,0,0,0,0,3.45072364226304e-10,0,0.248323238152022,0,0.000250640774716999,0.000851836577359368,0,0
105-109,men,Cardiovascular,PIS,0,0,0,0.0191586876025319,0,0,0.731415596548298,0,0,0,0,3.45072364226304e-10,0,0.248323238152022,0,0.000250640774716999,0.000851836577359368,0,0
70-74,women,Cardiovascular,PIS,0,0,0,0.0325259081923591,0,0,0.945915572496928,0,0,0,0,0.000275436553188028,0,0.0204454880667674,0,0.000381460851261184,0.000456133839496153,0,0
75-79,women,Cardiovascular,PIS,0,0,0,0.0344174916387936,0,0,0.932829464100248,0,0,0,0,0.000583525691747374,0,0.0312379242277726,0,0.000421958421151374,0.000509635920287432,0,0
65-69,women,Cardiovascular,PIS,0,0,0,0.0345229281506257,0,0,0.947092962346234,0,0,0,0,0.00073840869707411,0,0.0169410782544463,0,0.000311135405390446,0.000393487146229606,0,0
80-84,women,Cardiovascular,PIS,0,0,0,0.0392803240885689,0,0,0.905962526285695,0,0,0,0,0.00132541676912135,0,0.0519633529774089,0,0.000593513216182837,0.000874866663023124,0,0
85-89,women,Cardiovascular,PIS,0,0,0,0.0328627516225347,0,0,0.874421491911792,0,0,0,0,0.000911320620702626,0,0.0901477035106168,0,0.000648179486401314,0.00100855284795273,0,0
90-94,women,Cardiovascular,PIS,0,0,0,0.0372918541044002,0,0,0.81828213702255,0,0,0,0,0.000986834785339507,0,0.141398408686813,0,0.000715869231900748,0.00132489616899606,0,0
95-99,women,Cardiovascular,PIS,0,0,0,0.0201928772937518,0,0,0.768387512799851,0,0,0,0,1.74036517072198e-10,0,0.210223924967752,0,0.000180540277376181,0.00101514448723228,0,0
100-104,women,Cardiovascular,PIS,0,0,0,0.0201928772937518,0,0,0.768387512799851,0,0,0,0,1.74036517072198e-10,0,0.210223924967752,0,0.000180540277376181,0.00101514448723228,0,0
105-109,women,Cardiovascular,PIS,0,0,0,0.0201928772937518,0,0,0.768387512799851,0,0,0,0,1.74036517072198e-10,0,0.210223924967752,0,0.000180540277376181,0.00101514448723228,0,0
70-74,men,Eye,PIS,0,0,0,0.0276727087971452,0,0,0.946951368698209,0,0,0,0,0.00448176245865946,0,0.020167014627039,0,0.000467316767677971,0.00025982865126951,0,0
75-79,men,Eye,PIS,0,0,0,0.0291464835018967,0,0,0.929670644807713,0,0,0,0,0.00945087349301239,0,0.0309285010389325,0,0.000514535989856895,0.000288961168588537,0,0
65-69,men,Eye,PIS,0,0,0,0.0291547799199889,0,0,0.941619493309951,0,0,0,0,0.0119262515292262,0,0.016698640578741,0,0.000378347376144823,0.000222487285948119,0,0
80-84,men,Eye,PIS,0,0,0,0.0328970634633117,0,0,0.89348930442418,0,0,0,0,0.0212294894336023,0,0.0511778438671466,0,0.000715733943149017,0.000490564868610831,0,0
85-89,men,Eye,PIS,0,0,0,0.0276978800293872,0,0,0.867793845993751,0,0,0,0,0.0146898993781019,0,0.0884625997642201,0,0.000786641831163384,0.00056913300337686,0,0
90-94,men,Eye,PIS,0,0,0,0.0314607662879141,0,0,0.812074330952327,0,0,0,0,0.0159222628102305,0,0.138924664204515,0,0.000869617290505268,0.000748358454508237,0,0
95-99,men,Eye,PIS,0,0,0,0.0172665924284026,0,0,0.775744934397846,0,0,0,0,2.8461241028087e-09,0,0.206185001920254,0,0.000222290901063856,0.000581177506309633,0,0
100-104,men,Eye,PIS,0,0,0,0.0172665924284026,0,0,0.775744934397846,0,0,0,0,2.8461241028087e-09,0,0.206185001920254,0,0.000222290901063856,0.000581177506309633,0,0
105-109,men,Eye,PIS,0,0,0,0.0172665924284026,0,0,0.775744934397846,0,0,0,0,2.8461241028087e-09,0,0.206185001920254,0,0.000222290901063856,0.000581177506309633,0,0
70-74,women,Eye,PIS,0,0,0,0.0291772446842858,0,0,0.951770511574054,0,0,0,0,0.00226120112370399,0,0.0161445479279783,0,0.000336739373416633,0.000309755316561537,0,0
75-79,women,Eye,PIS,0,0,0,0.0308173214849797,0,0,0.93896127474013,0,0,0,0,0.00478165708371464,0,0.0247224906873413,0,0.0003718043034648,0.000345451700369929,0,0
65-69,women,Eye,PIS,0,0,0,0.0308649019931852,0,0,0.949201022427287,0,0,0,0,0.00604166795460147,0,0.0133523518333717,0,0.000273738442674165,0.00026631734888007,0,0
80-84,women,Eye,PIS,0,0,0,0.0350120252708236,0,0,0.911724595703653,0,0,0,0,0.0108117850755724,0,0.0413406658603524,0,0.000520596981025968,0.0005903311085733,0,0
85-89,women,Eye,PIS,0,0,0,0.0293880253592039,0,0,0.889660223502128,0,0,0,0,0.00745831034741967,0,0.0722402522320698,0,0.000570414877329987,0.000682773681848666,0,0
90-94,women,Eye,PIS,0,0,0,0.033420911455599,0,0,0.842308813232496,0,0,0,0,0.00809378260080687,0,0.114646275341574,0,0.00063134550152053,0.000898871868004187,0,0
95-99,women,Eye,PIS,0,0,0,0.0181906353268842,0,0,0.808325971983243,0,0,0,0,1.43480478601018e-09,0,0.172631050554109,0,0.000160048956483058,0.000692291744476124,0,0
100-104,women,Eye,PIS,0,0,0,0.0181906353268842,0,0,0.808325971983243,0,0,0,0,1.43480478601018e-09,0,0.172631050554109,0,0.000160048956483058,0.000692291744476124,0,0
105-109,women,Eye,PIS,0,0,0,0.0181906353268842,0,0,0.808325971983243,0,0,0,0,1.43480478601018e-09,0,0.172631050554109,0,0.000160048956483058,0.000692291744476124,0,0
70-74,men,MSK,PIS,0,0,0,0.0258531877126185,0,0,0.957251535666481,0,0,0,0,0.00313618133947402,0,0.0133296669598566,0,0.000276379859171362,0.000153048462398122,0,0
75-79,men,MSK,PIS,0,0,0,0.0272901558543249,0,0,0.945109130252598,0,0,0,0,0.00662798789008909,0,0.0204971640008568,0,0.00030497778714262,0.000170584214988385,0,0
65-69,men,MSK,PIS,0,0,0,0.0273120491581866,0,0,0.952919165730017,0,0,0,0,0.00836832210053775,0,0.0110446811878704,0,0.000224371579412566,0.000131410243975289,0,0
80-84,men,MSK,PIS,0,0,0,0.0309597940546414,0,0,0.919189989860305,0,0,0,0,0.0149647816848315,0,0.0341679435711285,0,0.00042640780437823,0.000291083024715393,0,0
85-89,men,MSK,PIS,0,0,0,0.0260174294711732,0,0,0.902849789570911,0,0,0,0,0.0103353831806264,0,0.0599925699853034,0,0.000467764753051276,0.00033706303893472,0,0
90-94,men,MSK,PIS,0,0,0,0.0296389536705387,0,0,0.862090822958282,0,0,0,0,0.0112353929171669,0,0.0960716931517604,0,0.000518626063216341,0.000444511239035277,0,0
95-99,men,MSK,PIS,0,0,0,0.0161470528845338,0,0,0.837291795427384,0,0,0,0,1.99356485409312e-09,0,0.146086885140493,0,0.00013159546310413,0.000342669090919756,0,0
100-104,men,MSK,PIS,0,0,0,0.0161470528845338,0,0,0.837291795427384,0,0,0,0,1.99356485409312e-09,0,0.146086885140493,0,0.00013159546310413,0.000342669090919756,0,0
105-109,men,MSK,PIS,0,0,0,0.0161470528845338,0,0,0.837291795427384,0,0,0,0,1.99356485409312e-09,0,0.146086885140493,0,0.00013159546310413,0.000342669090919756,0,0
70-74,women,MSK,PIS,0,0,0,0.0272367123605648,0,0,0.960143708601444,0,0,0,0,0.00158102779486963,0,0.010657249411683,0,0.000198992591063542,0.000182309240374785,0,0
75-79,women,MSK,PIS,0,0,0,0.0288063568815429,0,0,0.951050836269789,0,0,0,0,0.00334781754368995,0,0.0163713884952908,0,0.000220009006930454,0.000203591802756832,0,0
65-69,women,MSK,PIS,0,0,0,0.0288550556309149,0,0,0.957770233312907,0,0,0,0,0.00423061760439002,0,0.00882511259239273,0,0.000162003876417635,0.000156976982977971,0,0
80-84,women,MSK,PIS,0,0,0,0.032829523490111,0,0,0.931413512873135,0,0,0,0,0.00759337162776806,0,0.0275055778994111,0,0.000309016444818624,0.000348997664756155,0,0
85-89,women,MSK,PIS,0,0,0,0.0275306589918466,0,0,0.917821705598801,0,0,0,0,0.00523331115781651,0,0.0486727733567576,0,0.000338274799896636,0.000403276094881742,0,0
90-94,women,MSK,PIS,0,0,0,0.0313877795525754,0,0,0.883449419876138,0,0,0,0,0.00569355793859488,0,0.0785616330009794,0,0.000375354818096874,0.000532254813615567,0,0
95-99,women,MSK,PIS,0,0,0,0.0170037332711488,0,0,0.861620010003627,0,0,0,0,1.00456753412648e-09,0,0.120873544153858,0,9.47069528788849e-05,0.000408004613920163,0,0
100-104,women,MSK,PIS,0,0,0,0.0170037332711488,0,0,0.861620010003627,0,0,0,0,1.00456753412648e-09,0,0.120873544153858,0,9.47069528788849e-05,0.000408004613920163,0,0
105-109,women,MSK,PIS,0,0,0,0.0170037332711488,0,0,0.861620010003627,0,0,0,0,1.00456753412648e-09,0,0.120873544153858,0,9.47069528788849e-05,0.000408004613920163,0,0
70-74,men,Metabolic,PIS,0,0,0,0.0299634876312524,0,0,0.9461169862293,0,0,0,0,0.00237444641154169,0,0.0208252976277895,0,0.000463050472963121,0.000256731627153309,0,0
75-79,men,Metabolic,PIS,0,0,0,0.0316352471470502,0,0,0.93066539506093,0,0,0,0,0.00501914642282596,0,0.0318829409074649,0,0.000511066133731628,0.000286204327997709,0,0
65-69,men,Metabolic,PIS,0,0,0,0.0316863830894224,0,0,0.944080267675219,0,0,0,0,0.0063421968062966,0,0.0172941981310264,0,0.000376296263945487,0.000220658034089975,0,0
80-84,men,Metabolic,PIS,0,0,0,0.0359115993888264,0,0,0.898874358833168,0,0,0,0,0.0113393983841899,0,0.0526709629922034,0,0.000714999120649573,0.000488681280963099,0,0
85-89,men,Metabolic,PIS,0,0,0,0.0301436967420982,0,0,0.869618123829507,0,0,0,0,0.00782242939778626,0,0.0910670972010236,0,0.000783435592295592,0.000565217237289632,0,0
90-94,men,Metabolic,PIS,0,0,0,0.0342380492767369,0,0,0.812846140522812,0,0,0,0,0.0084784673706189,0,0.142828098438383,0,0.000866052383380249,0.000743192008069414,0,0
95-99,men,Metabolic,PIS,0,0,0,0.0186608342276058,0,0,0.768590621918214,0,0,0,0,1.50505059315061e-09,0,0.211955522559676,0,0.000219847930714808,0.000573171858739238,0,0
100-104,men,Metabolic,PIS,0,0,0,0.0186608342276058,0,0,0.768590621918214,0,0,0,0,1.50505059315061e-09,0,0.211955522559676,0,0.000219847930714808,0.000573171858739238,0,0
105-109,men,Metabolic,PIS,0,0,0,0.0186608342276058,0,0,0.768590621918214,0,0,0,0,1.50505059315061e-09,0,0.211955522559676,0,0.000219847930714808,0.000573171858739238,0,0
70-74,women,Metabolic,PIS,0,0,0,0.0315522840910059,0,0,0.949902450724157,0,0,0,0,0.00119646105737487,0,0.0167098915483929,0,0.000333239676701584,0.000305672902367691,0,0
75-79,women,Metabolic,PIS,0,0,0,0.0333629929545164,0,0,0.937821685430182,0,0,0,0,0.00253291952204349,0,0.0255727733514916,0,0.000368350111728635,0.000341278630038302,0,0
65-69,women,Metabolic,PIS,0,0,0,0.0334373743887184,0,0,0.948976720444492,0,0,0,0,0.00320255773363385,0,0.0138486861933577,0,0.000271380936406058,0.000263280303391843,0,0
80-84,women,Metabolic,PIS,0,0,0,0.038005908322894,0,0,0.912475528992415,0,0,0,0,0.00574254141503318,0,0.0426741121246676,0,0.000517144377507845,0.000584764767482415,0,0
85-89,women,Metabolic,PIS,0,0,0,0.031858783518967,0,0,0.888381419969374,0,0,0,0,0.00395614392320659,0,0.0745623298943555,0,0.000565882034032303,0.000675440660064541,0,0
90-94,women,Metabolic,PIS,0,0,0,0.0362189544323852,0,0,0.83977463528191,0,0,0,0,0.0042918249795821,0,0.118199531431766,0,0.000626124918827434,0.000888928955529339,0,0
95-99,women,Metabolic,PIS,0,0,0,0.0196594322686917,0,0,0.801627175147168,0,0,0,0,7.5873264461749e-10,0,0.177872348832019,0,0.000158289544820787,0.000682753448567835,0,0
100-104,women,Metabolic,PIS,0,0,0,0.0196594322686917,0,0,0.801627175147168,0,0,0,0,7.5873264461749e-10,0,0.177872348832019,0,0.000158289544820787,0.000682753448567835,0,0
105-109,women,Metabolic,PIS,0,0,0,0.0196594322686917,0,0,0.801627175147168,0,0,0,0,7.5873264461749e-10,0,0.177872348832019,0,0.000158289544820787,0.000682753448567835,0,0
70-74,men,Unspecified,AIS_AB,0,0,0,0,0,0,0,0,0,0,0,0,0.798969906806127,0.15497825161326,0.0460518415806134,0,0,0,0
75-79,men,Unspecified,AIS_AB,0,0,0,0,0,0,0,0,0,0,0,0,0.920347962832491,0.0542680671715439,0.0253839699959649,0,0,0,0
65-69,men,Unspecified,AIS_AB,0,0,0,0,0,0,0,0,0,0,0,0,0.895030337167306,0.0863969581030488,0.0185727047296455,0,0,0,0
80-84,men,Unspecified,AIS_AB,0,0,0,0,0,0,0,0,0,0,0,0,0.957089867430848,0.0349765636777107,0.00793356889144155,0,0,0,0
85-89,men,Unspecified,AIS_AB,0,0,0,0,0,0,0,0,0,0,0,0,0.757386750857626,0.17534951490834,0.0672637342340337,0,0,0,0
90-94,men,Unspecified,AIS_AB,0,0,0,0,0,0,0,0,0,0,0,0,0.546956287658894,0.331561970935922,0.121481741405184,0,0,0,0
95-99,men,Unspecified,AIS_AB,0,0,0,0,0,0,0,0,0,0,0,0,0.824932612301518,0.175067385038892,2.65958979670745e-09,0,0,0,0
100-104,men,Unspecified,AIS_AB,0,0,0,0,0,0,0,0,0,0,0,0,0.824932612301518,0.175067385038892,2.65958979670745e-09,0,0,0,0
105-109,men,Unspecified,AIS_AB,0,0,0,0,0,0,0,0,0,0,0,0,0.824932612301518,0.175067385038892,2.65958979670745e-09,0,0,0,0
70-74,women,Unspecified,AIS_AB,0,0,0,0,0,0,0,0,0,0,0,0,0.812660837045799,0.171664889433364,0.0156742735208375,0,0,0,0
75-79,women,Unspecified,AIS_AB,0,0,0,0,0,0,0,0,0,0,0,0,0.931582290836845,0.0598198520306855,0.00859785713246943,0,0,0,0
65-69,women,Unspecified,AIS_AB,0,0,0,0,0,0,0,0,0,0,0,0,0.899227560544053,0.0945283586128636,0.00624408084308292,0,0,0,0
80-84,women,Unspecified,AIS_AB,0,0,0,0,0,0,0,0,0,0,0,0,0.965321786678189,0.0320139732570297,0.00266424006478091,0,0,0,0
85-89,women,Unspecified,AIS_AB,0,0,0,0,0,0,0,0,0,0,0,0,0.780125545585608,0.196690405758555,0.0231840486558375,0,0,0,0
90-94,women,Unspecified,AIS_AB,0,0,0,0,0,0,0,0,0,0,0,0,0.576543543282276,0.380606339705689,0.0428501170120351,0,0,0,0
95-99,women,Unspecified,AIS_AB,0,0,0,0,0,0,0,0,0,0,0,0,0.854257574218131,0.145742424891898,8.89971641547473e-10,0,0,0,0
100-104,women,Unspecified,AIS_AB,0,0,0,0,0,0,0,0,0,0,0,0,0.854257574218131,0.145742424891898,8.89971641547473e-10,0,0,0,0
105-109,women,Unspecified,AIS_AB,0,0,0,0,0,0,0,0,0,0,0,0,0.854257574218131,0.145742424891898,8.89971641547473e-10,0,0,0,0
70-74,men,Complex,AIS_AB,0,0,0,0,0,0,0,0,0,0,0,0,0.399673129609639,0.421934940563305,0.178391929827056,0,0,0,0
75-79,men,Complex,AIS_AB,0,0,0,0,0,0,0,0,0,0,0,0,0.651679293057283,0.20913485745919,0.139185849483527,0,0,0,0
65-69,men,Complex,AIS_AB,0,0,0,0,0,0,0,0,0,0,0,0,0.593100273861808,0.311593955971512,0.0953057701666803,0,0,0,0
80-84,men,Complex,AIS_AB,0,0,0,0,0,0,0,0,0,0,0,0,0.85322198342481,0.0928834936964223,0.0538945228787676,0,0,0,0
85-89,men,Complex,AIS_AB,0,0,0,0,0,0,0,0,0,0,0,0,0.339238765906261,0.427457109134297,0.233304124959442,0,0,0,0
90-94,men,Complex,AIS_AB,0,0,0,0,0,0,0,0,0,0,0,0,0.166136059381364,0.548120699160869,0.285743241457767,0,0,0,0
95-99,men,Complex,AIS_AB,0,0,0,0,0,0,0,0,0,0,0,0,0.614136581149334,0.385863398255357,2.05953084925202e-08,0,0,0,0
100-104,men,Complex,AIS_AB,0,0,0,0,0,0,0,0,0,0,0,0,0.614136581149334,0.385863398255357,2.05953084925202e-08,0,0,0,0
105-109,men,Complex,AIS_AB,0,0,0,0,0,0,0,0,0,0,0,0,0.614136581149334,0.385863398255357,2.05953084925202e-08,0,0,0,0
70-74,women,Complex,AIS_AB,0,0,0,0,0,0,0,0,0,0,0,0,0.434966640722351,0.500067122178892,0.064966237098757,0,0,0,0
75-79,women,Complex,AIS_AB,0,0,0,0,0,0,0,0,0,0,0,0,0.703753828604488,0.245949013761891,0.0502971576336206,0,0,0,0
65-69,women,Complex,AIS_AB,0,0,0,0,0,0,0,0,0,0,0,0,0.615044389109234,0.351883718864614,0.0330718920261524,0,0,0,0
80-84,women,Complex,AIS_AB,0,0,0,0,0,0,0,0,0,0,0,0,0.877432443015832,0.104021235094329,0.0185463218898395,0,0,0,0
85-89,women,Complex,AIS_AB,0,0,0,0,0,0,0,0,0,0,0,0,0.384269926393139,0.527296973517098,0.0884331000897633,0,0,0,0
90-94,women,Complex,AIS_AB,0,0,0,0,0,0,0,0,0,0,0,0,0.193482391294222,0.695161250837248,0.111356357868531,0,0,0,0
95-99,women,Complex,AIS_AB,0,0,0,0,0,0,0,0,0,0,0,0,0.663855412766926,0.336144580341319,6.89175476199754e-09,0,0,0,0
100-104,women,Complex,AIS_AB,0,0,0,0,0,0,0,0,0,0,0,0,0.663855412766926,0.336144580341319,6.89175476199754e-09,0,0,0,0
105-109,women,Complex,AIS_AB,0,0,0,0,0,0,0,0,0,0,0,0,0.663855412766926,0.336144580341319,6.89175476199754e-09,0,0,0,0
70-74,men,Neuropsychiatric,AIS_AB,0,0,0,0,0,0,0,0,0,0,0,0,0.856823516668047,0.111026348126589,0.0321501352053644,0,0,0,0
75-79,men,Neuropsychiatric,AIS_AB,0,0,0,0,0,0,0,0,0,0,0,0,0.939870374620428,0.0431485320905317,0.0169810932890399,0,0,0,0
65-69,men,Neuropsychiatric,AIS_AB,0,0,0,0,0,0,0,0,0,0,0,0,0.927649709667039,0.0598189865833675,0.0125313037495932,0,0,0,0
80-84,men,Neuropsychiatric,AIS_AB,0,0,0,0,0,0,0,0,0,0,0,0,0.903028903344712,0.0917583170679454,0.00521277958734239,0,0,0,0
85-89,men,Neuropsychiatric,AIS_AB,0,0,0,0,0,0,0,0,0,0,0,0,0.82475871639943,0.127558123428842,0.0476831601717275,0,0,0,0
90-94,men,Neuropsychiatric,AIS_AB,0,0,0,0,0,0,0,0,0,0,0,0,0.645351556501974,0.261338141032479,0.0933103024655466,0,0,0,0
95-99,men,Neuropsychiatric,AIS_AB,0,0,0,0,0,0,0,0,0,0,0,0,0.661436453365362,0.33856354490327,1.7313684764849e-09,0,0,0,0
100-104,men,Neuropsychiatric,AIS_AB,0,0,0,0,0,0,0,0,0,0,0,0,0.661436453365362,0.33856354490327,1.7313684764849e-09,0,0,0,0
105-109,men,Neuropsychiatric,AIS_AB,0,0,0,0,0,0,0,0,0,0,0,0,0.661436453365362,0.33856354490327,1.7313684764849e-09,0,0,0,0
70-74,women,Neuropsychiatric,AIS_AB,0,0,0,0,0,0,0,0,0,0,0,0,0.866799844697868,0.122316575637016,0.0108835796651158,0,0,0,0
75-79,women,Neuropsychiatric,AIS_AB,0,0,0,0,0,0,0,0,0,0,0,0,0.951352792646303,0.0429191420977492,0.00572806525594744,0,0,0,0
65-69,women,Neuropsychiatric,AIS_AB,0,0,0,0,0,0,0,0,0,0,0,0,0.930453637705841,0.0653403698122021,0.00420599248195711,0,0,0,0
80-84,women,Neuropsychiatric,AIS_AB,0,0,0,0,0,0,0,0,0,0,0,0,0.920495975000872,0.0777556632812337,0.00174836171789447,0,0,0,0
85-89,women,Neuropsychiatric,AIS_AB,0,0,0,0,0,0,0,0,0,0,0,0,0.841911086469119,0.141800985020393,0.0162879285104885,0,0,0,0
90-94,women,Neuropsychiatric,AIS_AB,0,0,0,0,0,0,0,0,0,0,0,0,0.671419028670585,0.296095558472644,0.0324854128567706,0,0,0,0
95-99,women,Neuropsychiatric,AIS_AB,0,0,0,0,0,0,0,0,0,0,0,0,0.707969616492463,0.292030382928173,5.79363346406538e-10,0,0,0,0
100-104,women,Neuropsychiatric,AIS_AB,0,0,0,0,0,0,0,0,0,0,0,0,0.707969616492463,0.292030382928173,5.79363346406538e-10,0,0,0,0
105-109,women,Neuropsychiatric,AIS_AB,0,0,0,0,0,0,0,0,0,0,0,0,0.707969616492463,0.292030382928173,5.79363346406538e-10,0,0,0,0
70-74,men,Cardiovascular,AIS_AB,0,0,0,0,0,0,0,0,0,0,0,0,0.126723538602425,0.652066294670105,0.22121016672747,0,0,0,0
75-79,men,Cardiovascular,AIS_AB,0,0,0,0,0,0,0,0,0,0,0,0,0.294163360635504,0.46012412261806,0.245712516746436,0,0,0,0
65-69,men,Cardiovascular,AIS_AB,0,0,0,0,0,0,0,0,0,0,0,0,0.238713389113838,0.611267914098818,0.150018696787344,0,0,0,0
80-84,men,Cardiovascular,AIS_AB,0,0,0,0,0,0,0,0,0,0,0,0,0.562543653331031,0.298487848767248,0.138968497901721,0,0,0,0
85-89,men,Cardiovascular,AIS_AB,0,0,0,0,0,0,0,0,0,0,0,0,0.101716626450503,0.624702060421497,0.273581313128,0,0,0,0
90-94,men,Cardiovascular,AIS_AB,0,0,0,0,0,0,0,0,0,0,0,0,0.042004004288236,0.67545576521304,0.282540230498724,0,0,0,0
95-99,men,Cardiovascular,AIS_AB,0,0,0,0,0,0,0,0,0,0,0,0,0.750574284495902,0.249425634957776,8.05463220138304e-08,0,0,0,0
100-104,men,Cardiovascular,AIS_AB,0,0,0,0,0,0,0,0,0,0,0,0,0.750574284495902,0.249425634957776,8.05463220138304e-08,0,0,0,0
105-109,men,Cardiovascular,AIS_AB,0,0,0,0,0,0,0,0,0,0,0,0,0.750574284495902,0.249425634957776,8.05463220138304e-08,0,0,0,0
70-74,women,Cardiovascular,AIS_AB,0,0,0,0,0,0,0,0,0,0,0,0,0.13912620157939,0.779606049617583,0.0812677488030275,0,0,0,0
75-79,women,Cardiovascular,AIS_AB,0,0,0,0,0,0,0,0,0,0,0,0,0.335242192447438,0.571053644952787,0.0937041625997753,0,0,0,0
65-69,women,Cardiovascular,AIS_AB,0,0,0,0,0,0,0,0,0,0,0,0,0.250068881435617,0.697342741154842,0.0525883774095404,0,0,0,0
80-84,women,Cardiovascular,AIS_AB,0,0,0,0,0,0,0,0,0,0,0,0,0.602229021015579,0.347987719973501,0.0497832590109197,0,0,0,0
85-89,women,Cardiovascular,AIS_AB,0,0,0,0,0,0,0,0,0,0,0,0,0.116437714490596,0.77876508919088,0.104797196318523,0,0,0,0
90-94,women,Cardiovascular,AIS_AB,0,0,0,0,0,0,0,0,0,0,0,0,0.0481626766471549,0.843429225146904,0.108408098205941,0,0,0,0
95-99,women,Cardiovascular,AIS_AB,0,0,0,0,0,0,0,0,0,0,0,0,0.78858039026764,0.211419582779353,2.69530077301474e-08,0,0,0,0
100-104,women,Cardiovascular,AIS_AB,0,0,0,0,0,0,0,0,0,0,0,0,0.78858039026764,0.211419582779353,2.69530077301474e-08,0,0,0,0
105-109,women,Cardiovascular,AIS_AB,0,0,0,0,0,0,0,0,0,0,0,0,0.78858039026764,0.211419582779353,2.69530077301474e-08,0,0,0,0
70-74,men,Eye,AIS_AB,0,0,0,0,0,0,0,0,0,0,0,0,0.789692008241107,0.152038375111912,0.0582696166469806,0,0,0,0
75-79,men,Eye,AIS_AB,0,0,0,0,0,0,0,0,0,0,0,0,0.914215510369005,0.0535052041042973,0.0322792855266981,0,0,0,0
65-69,men,Eye,AIS_AB,0,0,0,0,0,0,0,0,0,0,0,0,0.890967161240078,0.0853645459462265,0.0236682928136961,0,0,0,0
80-84,men,Eye,AIS_AB,0,0,0,0,0,0,0,0,0,0,0,0,0.947615857321093,0.0422488817576021,0.0101352609213044,0,0,0,0
85-89,men,Eye,AIS_AB,0,0,0,0,0,0,0,0,0,0,0,0,0.744331133788425,0.171044136748084,0.0846247294634911,0,0,0,0
90-94,men,Eye,AIS_AB,0,0,0,0,0,0,0,0,0,0,0,0,0.530218583992593,0.3190231363442,0.150758279663207,0,0,0,0
95-99,men,Eye,AIS_AB,0,0,0,0,0,0,0,0,0,0,0,0,0.793011529672373,0.206988466922899,3.40472857555432e-09,0,0,0,0
100-104,men,Eye,AIS_AB,0,0,0,0,0,0,0,0,0,0,0,0,0.793011529672373,0.206988466922899,3.40472857555432e-09,0,0,0,0
105-109,men,Eye,AIS_AB,0,0,0,0,0,0,0,0,0,0,0,0,0.793011529672373,0.206988466922899,3.40472857555432e-09,0,0,0,0
70-74,women,Eye,AIS_AB,0,0,0,0,0,0,0,0,0,0,0,0,0.810138354074357,0.169858185973033,0.0200034599526106,0,0,0,0
75-79,women,Eye,AIS_AB,0,0,0,0,0,0,0,0,0,0,0,0,0.929756635342543,0.0592582112921633,0.0109851533652938,0,0,0,0
65-69,women,Eye,AIS_AB,0,0,0,0,0,0,0,0,0,0,0,0,0.898288162218105,0.0937266998469662,0.00798513793492845,0,0,0,0
80-84,women,Eye,AIS_AB,0,0,0,0,0,0,0,0,0,0,0,0,0.957548406050048,0.0390429171446447,0.00340867680530694,0,0,0,0
85-89,women,Eye,AIS_AB,0,0,0,0,0,0,0,0,0,0,0,0,0.776220087604272,0.194248957133037,0.0295309552626911,0,0,0,0
90-94,women,Eye,AIS_AB,0,0,0,0,0,0,0,0,0,0,0,0,0.571303425754298,0.374339688668506,0.0543568855771961,0,0,0,0
95-99,women,Eye,AIS_AB,0,0,0,0,0,0,0,0,0,0,0,0,0.826516608744932,0.173483390115753,1.13931550071567e-09,0,0,0,0
100-104,women,Eye,AIS_AB,0,0,0,0,0,0,0,0,0,0,0,0,0.826516608744932,0.173483390115753,1.13931550071567e-09,0,0,0,0
105-109,women,Eye,AIS_AB,0,0,0,0,0,0,0,0,0,0,0,0,0.826516608744932,0.173483390115753,1.13931550071567e-09,0,0,0,0
70-74,men,MSK,AIS_AB,0,0,0,0,0,0,0,0,0,0,0,0,0.856826458620642,0.113320817074315,0.0298527243050437,0,0,0,0
75-79,men,MSK,AIS_AB,0,0,0,0,0,0,0,0,0,0,0,0,0.946185028403256,0.0380403814809464,0.0157745901157979,0,0,0,0
65-69,men,MSK,AIS_AB,0,0,0,0,0,0,0,0,0,0,0,0,0.927333955701414,0.0610342133463622,0.011631830952224,0,0,0,0
80-84,men,MSK,AIS_AB,0,0,0,0,0,0,0,0,0,0,0,0,0.965114565599778,0.0300446792754477,0.00484075512477447,0,0,0,0
85-89,men,MSK,AIS_AB,0,0,0,0,0,0,0,0,0,0,0,0,0.825395812426383,0.130294360739268,0.0443098268343485,0,0,0,0
90-94,men,MSK,AIS_AB,0,0,0,0,0,0,0,0,0,0,0,0,0.64617106141582,0.267076754976631,0.0867521836075495,0,0,0,0
95-99,men,MSK,AIS_AB,0,0,0,0,0,0,0,0,0,0,0,0,0.853438850305483,0.146561148086876,1.60764139873439e-09,0,0,0,0
100-104,men,MSK,AIS_AB,0,0,0,0,0,0,0,0,0,0,0,0,0.853438850305483,0.146561148086876,1.60764139873439e-09,0,0,0,0
105-109,men,MSK,AIS_AB,0,0,0,0,0,0,0,0,0,0,0,0,0.853438850305483,0.146561148086876,1.60764139873439e-09,0,0,0,0
70-74,women,MSK,AIS_AB,0,0,0,0,0,0,0,0,0,0,0,0,0.865285939161356,0.124625893963579,0.0100881668750648,0,0,0,0
75-79,women,MSK,AIS_AB,0,0,0,0,0,0,0,0,0,0,0,0,0.952960588565483,0.0417230014943311,0.00531640994018587,0,0,0,0
65-69,women,MSK,AIS_AB,0,0,0,0,0,0,0,0,0,0,0,0,0.92947812672391,0.0666205440307736,0.00390132924531598,0,0,0,0
80-84,women,MSK,AIS_AB,0,0,0,0,0,0,0,0,0,0,0,0,0.971836407991014,0.0265404491262328,0.00162314288275305,0,0,0,0
85-89,women,MSK,AIS_AB,0,0,0,0,0,0,0,0,0,0,0,0,0.840426899247248,0.144475802121213,0.0150972986315399,0,0,0,0
90-94,women,MSK,AIS_AB,0,0,0,0,0,0,0,0,0,0,0,0,0.668879563223758,0.301070584085875,0.0300498526903671,0,0,0,0
95-99,women,MSK,AIS_AB,0,0,0,0,0,0,0,0,0,0,0,0,0.878623744279343,0.121376255182696,5.37960874968792e-10,0,0,0,0
100-104,women,MSK,AIS_AB,0,0,0,0,0,0,0,0,0,0,0,0,0.878623744279343,0.121376255182696,5.37960874968792e-10,0,0,0,0
105-109,women,MSK,AIS_AB,0,0,0,0,0,0,0,0,0,0,0,0,0.878623744279343,0.121376255182696,5.37960874968792e-10,0,0,0,0
70-74,men,Metabolic,AIS_AB,0,0,0,0,0,0,0,0,0,0,0,0,0.853526574429847,0.11418924312443,0.0322841824457232,0,0,0,0
75-79,men,Metabolic,AIS_AB,0,0,0,0,0,0,0,0,0,0,0,0,0.944493923132556,0.038411324111009,0.0170947527564348,0,0,0,0
65-69,men,Metabolic,AIS_AB,0,0,0,0,0,0,0,0,0,0,0,0,0.925758743095374,0.0616348481093428,0.0126064087952833,0,0,0,0
80-84,men,Metabolic,AIS_AB,0,0,0,0,0,0,0,0,0,0,0,0,0.946125356606184,0.0486223667597215,0.00525227663409457,0,0,0,0
85-89,men,Metabolic,AIS_AB,0,0,0,0,0,0,0,0,0,0,0,0,0.821044006447304,0.131105560663672,0.0478504328890239,0,0,0,0
90-94,men,Metabolic,AIS_AB,0,0,0,0,0,0,0,0,0,0,0,0,0.63944679841701,0.267352544906331,0.093200656676659,0,0,0,0
95-99,men,Metabolic,AIS_AB,0,0,0,0,0,0,0,0,0,0,0,0,0.78725145765087,0.212748540603827,1.74530296115266e-09,0,0,0,0
100-104,men,Metabolic,AIS_AB,0,0,0,0,0,0,0,0,0,0,0,0,0.78725145765087,0.212748540603827,1.74530296115266e-09,0,0,0,0
105-109,men,Metabolic,AIS_AB,0,0,0,0,0,0,0,0,0,0,0,0,0.78725145765087,0.212748540603827,1.74530296115266e-09,0,0,0,0
70-74,women,Metabolic,AIS_AB,0,0,0,0,0,0,0,0,0,0,0,0,0.863296537285802,0.125776631003539,0.0109268317106595,0,0,0,0
75-79,women,Metabolic,AIS_AB,0,0,0,0,0,0,0,0,0,0,0,0,0.952067998581948,0.0421657558556993,0.00576624556235285,0,0,0,0
65-69,women,Metabolic,AIS_AB,0,0,0,0,0,0,0,0,0,0,0,0,0.928452974088429,0.0673162990748557,0.00423072683671546,0,0,0,0
80-84,women,Metabolic,AIS_AB,0,0,0,0,0,0,0,0,0,0,0,0,0.956223978730342,0.0420144317967908,0.00176158947286708,0,0,0,0
85-89,women,Metabolic,AIS_AB,0,0,0,0,0,0,0,0,0,0,0,0,0.837944234724594,0.145714109318114,0.0163416559572921,0,0,0,0
90-94,women,Metabolic,AIS_AB,0,0,0,0,0,0,0,0,0,0,0,0,0.664854996677378,0.302718284787508,0.0324267185351132,0,0,0,0
95-99,women,Metabolic,AIS_AB,0,0,0,0,0,0,0,0,0,0,0,0,0.821286608174592,0.178713391241381,5.84026206892421e-10,0,0,0,0
100-104,women,Metabolic,AIS_AB,0,0,0,0,0,0,0,0,0,0,0,0,0.821286608174592,0.178713391241381,5.84026206892421e-10,0,0,0,0
105-109,women,Metabolic,AIS_AB,0,0,0,0,0,0,0,0,0,0,0,0,0.821286608174592,0.178713391241381,5.84026206892421e-10,0,0,0,0
70-74,men,Unspecified,PB_AIS,0,0,0,0,0,0,0,0,0,0,0,0,0.983003357360419,0.0169966426395808,0,0,0,0,0
75-79,men,Unspecified,PB_AIS,0,0,0,0,0,0,0,0,0,0,0,0,0.974143446296969,0.0258565537030309,0,0,0,0,0
65-69,men,Unspecified,PB_AIS,0,0,0,0,0,0,0,0,0,0,0,0,0.985935843464002,0.0140641565359983,0,0,0,0,0
80-84,men,Unspecified,PB_AIS,0,0,0,0,0,0,0,0,0,0,0,0,0.957089867430848,0.0429101325691523,0,0,0,0,0
85-89,men,Unspecified,PB_AIS,0,0,0,0,0,0,0,0,0,0,0,0,0.925789208978081,0.0742107910219187,0,0,0,0,0
90-94,men,Unspecified,PB_AIS,0,0,0,0,0,0,0,0,0,0,0,0,0.882627553427539,0.117372446572461,0,0,0,0,0
95-99,men,Unspecified,PB_AIS,0,0,0,0,0,0,0,0,0,0,0,0,0.824932612301518,0.175067387698482,0,0,0,0,0
100-104,men,Unspecified,PB_AIS,0,0,0,0,0,0,0,0,0,0,0,0,0.824932612301518,0.175067387698482,0,0,0,0,0
105-109,men,Unspecified,PB_AIS,0,0,0,0,0,0,0,0,0,0,0,0,0.824932612301518,0.175067387698482,0,0,0,0,0
70-74,women,Unspecified,PB_AIS,0,0,0,0,0,0,0,0,0,0,0,0,0.986363664374068,0.0136363356259315,0,0,0,0,0
75-79,women,Unspecified,PB_AIS,0,0,0,0,0,0,0,0,0,0,0,0,0.979290332053946,0.0207096679460543,0,0,0,0,0
65-69,women,Unspecified,PB_AIS,0,0,0,0,0,0,0,0,0,0,0,0,0.988717634912308,0.0112823650876918,0,0,0,0,0
80-84,women,Unspecified,PB_AIS,0,0,0,0,0,0,0,0,0,0,0,0,0.965321786678189,0.0346782133218106,0,0,0,0,0
85-89,women,Unspecified,PB_AIS,0,0,0,0,0,0,0,0,0,0,0,0,0.939530700277333,0.0604692997226674,0,0,0,0,0
90-94,women,Unspecified,PB_AIS,0,0,0,0,0,0,0,0,0,0,0,0,0.903495476550863,0.0965045234491369,0,0,0,0,0
95-99,women,Unspecified,PB_AIS,0,0,0,0,0,0,0,0,0,0,0,0,0.854257574218131,0.145742425781869,0,0,0,0,0
100-104,women,Unspecified,PB_AIS,0,0,0,0,0,0,0,0,0,0,0,0,0.854257574218131,0.145742425781869,0,0,0,0,0
105-109,women,Unspecified,PB_AIS,0,0,0,0,0,0,0,0,0,0,0,0,0.854257574218131,0.145742425781869,0,0,0,0,0
70-74,men,Complex,PB_AIS,0,0,0,0,0,0,0,0,0,0,0,0,0.951593487865933,0.0484065121340669,0,0,0,0,0
75-79,men,Complex,PB_AIS,0,0,0,0,0,0,0,0,0,0,0,0,0.927393360821641,0.072606639178359,0,0,0,0,0
65-69,men,Complex,PB_AIS,0,0,0,0,0,0,0,0,0,0,0,0,0.959438541638576,0.0405614583614242,0,0,0,0,0
80-84,men,Complex,PB_AIS,0,0,0,0,0,0,0,0,0,0,0,0,0.883921115957675,0.116078884042326,0,0,0,0,0
85-89,men,Complex,PB_AIS,0,0,0,0,0,0,0,0,0,0,0,0,0.810008693271753,0.189991306728248,0,0,0,0,0
90-94,men,Complex,PB_AIS,0,0,0,0,0,0,0,0,0,0,0,0,0.71960519015761,0.28039480984239,0,0,0,0,0
95-99,men,Complex,PB_AIS,0,0,0,0,0,0,0,0,0,0,0,0,0.614136581149334,0.385863418850666,0,0,0,0,0
100-104,men,Complex,PB_AIS,0,0,0,0,0,0,0,0,0,0,0,0,0.614136581149334,0.385863418850666,0,0,0,0,0
105-109,men,Complex,PB_AIS,0,0,0,0,0,0,0,0,0,0,0,0,0.614136581149334,0.385863418850666,0,0,0,0,0
70-74,women,Complex,PB_AIS,0,0,0,0,0,0,0,0,0,0,0,0,0.960786637319167,0.0392133626808329,0,0,0,0,0
75-79,women,Complex,PB_AIS,0,0,0,0,0,0,0,0,0,0,0,0,0.941162608605229,0.058837391394771,0,0,0,0,0
65-69,women,Complex,PB_AIS,0,0,0,0,0,0,0,0,0,0,0,0,0.967223057975372,0.0327769420246279,0,0,0,0,0
80-84,women,Complex,PB_AIS,0,0,0,0,0,0,0,0,0,0,0,0,0.904413191105296,0.095586808894704,0,0,0,0,0
85-89,women,Complex,PB_AIS,0,0,0,0,0,0,0,0,0,0,0,0,0.840759682977306,0.159240317022694,0,0,0,0,0
90-94,women,Complex,PB_AIS,0,0,0,0,0,0,0,0,0,0,0,0,0.760529828984697,0.239470171015303,0,0,0,0,0
95-99,women,Complex,PB_AIS,0,0,0,0,0,0,0,0,0,0,0,0,0.663855412766926,0.336144587233074,0,0,0,0,0
100-104,women,Complex,PB_AIS,0,0,0,0,0,0,0,0,0,0,0,0,0.663855412766926,0.336144587233074,0,0,0,0,0
105-109,women,Complex,PB_AIS,0,0,0,0,0,0,0,0,0,0,0,0,0.663855412766926,0.336144587233074,0,0,0,0,0
70-74,men,Neuropsychiatric,PB_AIS,0,0,0,0,0,0,0,0,0,0,0,0,0.959979764895697,0.0400202351043033,0,0,0,0,0
75-79,men,Neuropsychiatric,PB_AIS,0,0,0,0,0,0,0,0,0,0,0,0,0.939870374620428,0.0601296253795716,0,0,0,0,0
65-69,men,Neuropsychiatric,PB_AIS,0,0,0,0,0,0,0,0,0,0,0,0,0.966514912103,0.0334850878969999,0,0,0,0,0
80-84,men,Neuropsychiatric,PB_AIS,0,0,0,0,0,0,0,0,0,0,0,0,0.903028903344712,0.0969710966552878,0,0,0,0,0
85-89,men,Neuropsychiatric,PB_AIS,0,0,0,0,0,0,0,0,0,0,0,0,0.838996193937311,0.16100380606269,0,0,0,0,0
90-94,men,Neuropsychiatric,PB_AIS,0,0,0,0,0,0,0,0,0,0,0,0,0.758267454740205,0.241732545259795,0,0,0,0,0
95-99,men,Neuropsychiatric,PB_AIS,0,0,0,0,0,0,0,0,0,0,0,0,0.661436453365362,0.338563546634638,0,0,0,0,0
100-104,men,Neuropsychiatric,PB_AIS,0,0,0,0,0,0,0,0,0,0,0,0,0.661436453365362,0.338563546634638,0,0,0,0,0
105-109,men,Neuropsychiatric,PB_AIS,0,0,0,0,0,0,0,0,0,0,0,0,0.661436453365362,0.338563546634638,0,0,0,0,0
70-74,women,Neuropsychiatric,PB_AIS,0,0,0,0,0,0,0,0,0,0,0,0,0.967646598111792,0.0323534018882084,0,0,0,0,0
75-79,women,Neuropsychiatric,PB_AIS,0,0,0,0,0,0,0,0,0,0,0,0,0.951352792646303,0.0486472073536967,0,0,0,0,0
65-69,women,Neuropsychiatric,PB_AIS,0,0,0,0,0,0,0,0,0,0,0,0,0.972988644963485,0.0270113550365145,0,0,0,0,0
80-84,women,Neuropsychiatric,PB_AIS,0,0,0,0,0,0,0,0,0,0,0,0,0.920495975000872,0.0795040249991282,0,0,0,0,0
85-89,women,Neuropsychiatric,PB_AIS,0,0,0,0,0,0,0,0,0,0,0,0,0.866027764753488,0.133972235246512,0,0,0,0,0
90-94,women,Neuropsychiatric,PB_AIS,0,0,0,0,0,0,0,0,0,0,0,0,0.795518765509339,0.204481234490661,0,0,0,0,0
95-99,women,Neuropsychiatric,PB_AIS,0,0,0,0,0,0,0,0,0,0,0,0,0.707969616492463,0.292030383507537,0,0,0,0,0
100-104,women,Neuropsychiatric,PB_AIS,0,0,0,0,0,0,0,0,0,0,0,0,0.707969616492463,0.292030383507537,0,0,0,0,0
105-109,women,Neuropsychiatric,PB_AIS,0,0,0,0,0,0,0,0,0,0,0,0,0.707969616492463,0.292030383507537,0,0,0,0,0
70-74,men,Cardiovascular,PB_AIS,0,0,0,0,0,0,0,0,0,0,0,0,0.97366031660723,0.0263396833927705,0,0,0,0,0
75-79,men,Cardiovascular,PB_AIS,0,0,0,0,0,0,0,0,0,0,0,0,0.960114353005421,0.0398856469945789,0,0,0,0,0
65-69,men,Cardiovascular,PB_AIS,0,0,0,0,0,0,0,0,0,0,0,0,0.978105674663441,0.0218943253365594,0,0,0,0,0
80-84,men,Cardiovascular,PB_AIS,0,0,0,0,0,0,0,0,0,0,0,0,0.934551141816548,0.0654488581834519,0,0,0,0,0
85-89,men,Cardiovascular,PB_AIS,0,0,0,0,0,0,0,0,0,0,0,0,0.888749205750147,0.111250794249853,0,0,0,0,0
90-94,men,Cardiovascular,PB_AIS,0,0,0,0,0,0,0,0,0,0,0,0,0.828232556730461,0.171767443269539,0,0,0,0,0
95-99,men,Cardiovascular,PB_AIS,0,0,0,0,0,0,0,0,0,0,0,0,0.750574284495902,0.249425715504098,0,0,0,0,0
100-104,men,Cardiovascular,PB_AIS,0,0,0,0,0,0,0,0,0,0,0,0,0.750574284495902,0.249425715504098,0,0,0,0,0
105-109,men,Cardiovascular,PB_AIS,0,0,0,0,0,0,0,0,0,0,0,0,0.750574284495902,0.249425715504098,0,0,0,0,0
70-74,women,Cardiovascular,PB_AIS,0,0,0,0,0,0,0,0,0,0,0,0,0.978716917242475,0.0212830827575248,0,0,0,0,0
75-79,women,Cardiovascular,PB_AIS,0,0,0,0,0,0,0,0,0,0,0,0,0.967830481430789,0.0321695185692114,0,0,0,0,0
65-69,women,Cardiovascular,PB_AIS,0,0,0,0,0,0,0,0,0,0,0,0,0.982354299193934,0.0176457008060663,0,0,0,0,0
80-84,women,Cardiovascular,PB_AIS,0,0,0,0,0,0,0,0,0,0,0,0,0.946568267143385,0.0534317328566149,0,0,0,0,0
85-89,women,Cardiovascular,PB_AIS,0,0,0,0,0,0,0,0,0,0,0,0,0.908195564155029,0.0918044358449708,0,0,0,0,0
90-94,women,Cardiovascular,PB_AIS,0,0,0,0,0,0,0,0,0,0,0,0,0.85656082591229,0.14343917408771,0,0,0,0,0
95-99,women,Cardiovascular,PB_AIS,0,0,0,0,0,0,0,0,0,0,0,0,0.78858039026764,0.21141960973236,0,0,0,0,0
100-104,women,Cardiovascular,PB_AIS,0,0,0,0,0,0,0,0,0,0,0,0,0.78858039026764,0.21141960973236,0,0,0,0,0
105-109,women,Cardiovascular,PB_AIS,0,0,0,0,0,0,0,0,0,0,0,0,0.78858039026764,0.21141960973236,0,0,0,0,0
70-74,men,Eye,PB_AIS,0,0,0,0,0,0,0,0,0,0,0,0,0.979105839954014,0.0208941600459864,0,0,0,0,0
75-79,men,Eye,PB_AIS,0,0,0,0,0,0,0,0,0,0,0,0,0.968268001802622,0.0317319981973779,0,0,0,0,0
65-69,men,Eye,PB_AIS,0,0,0,0,0,0,0,0,0,0,0,0,0.982700524759166,0.017299475240834,0,0,0,0,0
80-84,men,Eye,PB_AIS,0,0,0,0,0,0,0,0,0,0,0,0,0.947615857321093,0.0523841426789065,0,0,0,0,0
85-89,men,Eye,PB_AIS,0,0,0,0,0,0,0,0,0,0,0,0,0.91018162540124,0.0898183745987604,0,0,0,0,0
90-94,men,Eye,PB_AIS,0,0,0,0,0,0,0,0,0,0,0,0,0.859457360050471,0.140542639949529,0,0,0,0,0
95-99,men,Eye,PB_AIS,0,0,0,0,0,0,0,0,0,0,0,0,0.793011529672373,0.206988470327627,0,0,0,0,0
100-104,men,Eye,PB_AIS,0,0,0,0,0,0,0,0,0,0,0,0,0.793011529672373,0.206988470327627,0,0,0,0,0
105-109,men,Eye,PB_AIS,0,0,0,0,0,0,0,0,0,0,0,0,0.793011529672373,0.206988470327627,0,0,0,0,0
70-74,women,Eye,PB_AIS,0,0,0,0,0,0,0,0,0,0,0,0,0.983208957382043,0.0167910426179565,0,0,0,0,0
75-79,women,Eye,PB_AIS,0,0,0,0,0,0,0,0,0,0,0,0,0.974560253308824,0.025439746691176,0,0,0,0,0
65-69,women,Eye,PB_AIS,0,0,0,0,0,0,0,0,0,0,0,0,0.986107592375074,0.013892407624926,0,0,0,0,0
80-84,women,Eye,PB_AIS,0,0,0,0,0,0,0,0,0,0,0,0,0.957548406050048,0.0424515939499516,0,0,0,0,0
85-89,women,Eye,PB_AIS,0,0,0,0,0,0,0,0,0,0,0,0,0.926506559208752,0.0734934407912484,0,0,0,0,0
90-94,women,Eye,PB_AIS,0,0,0,0,0,0,0,0,0,0,0,0,0.883823507288902,0.116176492711098,0,0,0,0,0
95-99,women,Eye,PB_AIS,0,0,0,0,0,0,0,0,0,0,0,0,0.826516608744932,0.173483391255068,0,0,0,0,0
100-104,women,Eye,PB_AIS,0,0,0,0,0,0,0,0,0,0,0,0,0.826516608744932,0.173483391255068,0,0,0,0,0
105-109,women,Eye,PB_AIS,0,0,0,0,0,0,0,0,0,0,0,0,0.826516608744932,0.173483391255068,0,0,0,0,0
70-74,men,MSK,PB_AIS,0,0,0,0,0,0,0,0,0,0,0,0,0.986240904718574,0.0137590952814261,0,0,0,0,0
75-79,men,MSK,PB_AIS,0,0,0,0,0,0,0,0,0,0,0,0,0.979027273997012,0.0209727260029878,0,0,0,0,0
65-69,men,MSK,PB_AIS,0,0,0,0,0,0,0,0,0,0,0,0,0.988599536988742,0.0114004630112583,0,0,0,0,0
80-84,men,MSK,PB_AIS,0,0,0,0,0,0,0,0,0,0,0,0,0.965114565599778,0.0348854344002221,0,0,0,0,0
85-89,men,MSK,PB_AIS,0,0,0,0,0,0,0,0,0,0,0,0,0.939202602222711,0.0607973977772894,0,0,0,0,0
90-94,men,MSK,PB_AIS,0,0,0,0,0,0,0,0,0,0,0,0,0.902965169545988,0.0970348304540121,0,0,0,0,0
95-99,men,MSK,PB_AIS,0,0,0,0,0,0,0,0,0,0,0,0,0.853438850305483,0.146561149694517,0,0,0,0,0
100-104,men,MSK,PB_AIS,0,0,0,0,0,0,0,0,0,0,0,0,0.853438850305483,0.146561149694517,0,0,0,0,0
105-109,men,MSK,PB_AIS,0,0,0,0,0,0,0,0,0,0,0,0,0.853438850305483,0.146561149694517,0,0,0,0,0
70-74,women,MSK,PB_AIS,0,0,0,0,0,0,0,0,0,0,0,0,0.988961448756879,0.0110385512431213,0,0,0,0,0
75-79,women,MSK,PB_AIS,0,0,0,0,0,0,0,0,0,0,0,0,0.983205010695022,0.0167949893049781,0,0,0,0,0
65-69,women,MSK,PB_AIS,0,0,0,0,0,0,0,0,0,0,0,0,0.990855906548212,0.00914409345178834,0,0,0,0,0
80-84,women,MSK,PB_AIS,0,0,0,0,0,0,0,0,0,0,0,0,0.971836407991014,0.0281635920089859,0,0,0,0,0
85-89,women,MSK,PB_AIS,0,0,0,0,0,0,0,0,0,0,0,0,0.950585675748464,0.049414324251536,0,0,0,0,0
90-94,women,MSK,PB_AIS,0,0,0,0,0,0,0,0,0,0,0,0,0.920530757367308,0.0794692426326918,0,0,0,0,0
95-99,women,MSK,PB_AIS,0,0,0,0,0,0,0,0,0,0,0,0,0.878623744279343,0.121376255720657,0,0,0,0,0
100-104,women,MSK,PB_AIS,0,0,0,0,0,0,0,0,0,0,0,0,0.878623744279343,0.121376255720657,0,0,0,0,0
105-109,women,MSK,PB_AIS,0,0,0,0,0,0,0,0,0,0,0,0,0.878623744279343,0.121376255720657,0,0,0,0,0
70-74,men,Metabolic,PB_AIS,0,0,0,0,0,0,0,0,0,0,0,0,0.978454920272094,0.0215450797279059,0,0,0,0,0
75-79,men,Metabolic,PB_AIS,0,0,0,0,0,0,0,0,0,0,0,0,0.967319788630806,0.0326802113691942,0,0,0,0,0
65-69,men,Metabolic,PB_AIS,0,0,0,0,0,0,0,0,0,0,0,0,0.982108847570938,0.0178911524290619,0,0,0,0,0
80-84,men,Metabolic,PB_AIS,0,0,0,0,0,0,0,0,0,0,0,0,0.946125356606184,0.053874643393816,0,0,0,0,0
85-89,men,Metabolic,PB_AIS,0,0,0,0,0,0,0,0,0,0,0,0,0.907584249969391,0.0924157500306088,0,0,0,0,0
90-94,men,Metabolic,PB_AIS,0,0,0,0,0,0,0,0,0,0,0,0,0.855562657170168,0.144437342829833,0,0,0,0,0
95-99,men,Metabolic,PB_AIS,0,0,0,0,0,0,0,0,0,0,0,0,0.78725145765087,0.21274854234913,0,0,0,0,0
100-104,men,Metabolic,PB_AIS,0,0,0,0,0,0,0,0,0,0,0,0,0.78725145765087,0.21274854234913,0,0,0,0,0
105-109,men,Metabolic,PB_AIS,0,0,0,0,0,0,0,0,0,0,0,0,0.78725145765087,0.21274854234913,0,0,0,0,0
70-74,women,Metabolic,PB_AIS,0,0,0,0,0,0,0,0,0,0,0,0,0.982651195872538,0.0173488041274622,0,0,0,0,0
75-79,women,Metabolic,PB_AIS,0,0,0,0,0,0,0,0,0,0,0,0,0.973717597906741,0.0262824020932585,0,0,0,0,0
65-69,women,Metabolic,PB_AIS,0,0,0,0,0,0,0,0,0,0,0,0,0.985616652566844,0.0143833474331556,0,0,0,0,0
80-84,women,Metabolic,PB_AIS,0,0,0,0,0,0,0,0,0,0,0,0,0.956223978730342,0.0437760212696579,0,0,0,0,0
85-89,women,Metabolic,PB_AIS,0,0,0,0,0,0,0,0,0,0,0,0,0.924196347411548,0.0758036525884523,0,0,0,0,0
90-94,women,Metabolic,PB_AIS,0,0,0,0,0,0,0,0,0,0,0,0,0.880285414693878,0.119714585306122,0,0,0,0,0
95-99,women,Metabolic,PB_AIS,0,0,0,0,0,0,0,0,0,0,0,0,0.821286608174592,0.178713391825408,0,0,0,0,0
100-104,women,Metabolic,PB_AIS,0,0,0,0,0,0,0,0,0,0,0,0,0.821286608174592,0.178713391825408,0,0,0,0,0
105-109,women,Metabolic,PB_AIS,0,0,0,0,0,0,0,0,0,0,0,0,0.821286608174592,0.178713391825408,0,0,0,0,0
70-74,men,Unspecified,PS_AB,0,0,0,0,0,0,0,0,0,0,0,0,0.983003357360419,0.0169966426395808,0,0,0,0,0
75-79,men,Unspecified,PS_AB,0,0,0,0,0,0,0,0,0,0,0,0,0.974143446296969,0.0258565537030309,0,0,0,0,0
65-69,men,Unspecified,PS_AB,0,0,0,0,0,0,0,0,0,0,0,0,0.985935843464002,0.0140641565359983,0,0,0,0,0
80-84,men,Unspecified,PS_AB,0,0,0,0,0,0,0,0,0,0,0,0,0.957089867430848,0.0429101325691523,0,0,0,0,0
85-89,men,Unspecified,PS_AB,0,0,0,0,0,0,0,0,0,0,0,0,0.925789208978081,0.0742107910219187,0,0,0,0,0
90-94,men,Unspecified,PS_AB,0,0,0,0,0,0,0,0,0,0,0,0,0.882627553427539,0.117372446572461,0,0,0,0,0
95-99,men,Unspecified,PS_AB,0,0,0,0,0,0,0,0,0,0,0,0,0.824932612301518,0.175067387698482,0,0,0,0,0
100-104,men,Unspecified,PS_AB,0,0,0,0,0,0,0,0,0,0,0,0,0.824932612301518,0.175067387698482,0,0,0,0,0
105-109,men,Unspecified,PS_AB,0,0,0,0,0,0,0,0,0,0,0,0,0.824932612301518,0.175067387698482,0,0,0,0,0
70-74,women,Unspecified,PS_AB,0,0,0,0,0,0,0,0,0,0,0,0,0.986363664374068,0.0136363356259315,0,0,0,0,0
75-79,women,Unspecified,PS_AB,0,0,0,0,0,0,0,0,0,0,0,0,0.979290332053946,0.0207096679460543,0,0,0,0,0
65-69,women,Unspecified,PS_AB,0,0,0,0,0,0,0,0,0,0,0,0,0.988717634912308,0.0112823650876918,0,0,0,0,0
80-84,women,Unspecified,PS_AB,0,0,0,0,0,0,0,0,0,0,0,0,0.965321786678189,0.0346782133218106,0,0,0,0,0
85-89,women,Unspecified,PS_AB,0,0,0,0,0,0,0,0,0,0,0,0,0.939530700277333,0.0604692997226674,0,0,0,0,0
90-94,women,Unspecified,PS_AB,0,0,0,0,0,0,0,0,0,0,0,0,0.903495476550863,0.0965045234491369,0,0,0,0,0
95-99,women,Unspecified,PS_AB,0,0,0,0,0,0,0,0,0,0,0,0,0.854257574218131,0.145742425781869,0,0,0,0,0
100-104,women,Unspecified,PS_AB,0,0,0,0,0,0,0,0,0,0,0,0,0.854257574218131,0.145742425781869,0,0,0,0,0
105-109,women,Unspecified,PS_AB,0,0,0,0,0,0,0,0,0,0,0,0,0.854257574218131,0.145742425781869,0,0,0,0,0
70-74,men,Complex,PS_AB,0,0,0,0,0,0,0,0,0,0,0,0,0.951593487865933,0.0484065121340669,0,0,0,0,0
75-79,men,Complex,PS_AB,0,0,0,0,0,0,0,0,0,0,0,0,0.927393360821641,0.072606639178359,0,0,0,0,0
65-69,men,Complex,PS_AB,0,0,0,0,0,0,0,0,0,0,0,0,0.959438541638576,0.0405614583614242,0,0,0,0,0
80-84,men,Complex,PS_AB,0,0,0,0,0,0,0,0,0,0,0,0,0.883921115957675,0.116078884042326,0,0,0,0,0
85-89,men,Complex,PS_AB,0,0,0,0,0,0,0,0,0,0,0,0,0.810008693271753,0.189991306728248,0,0,0,0,0
90-94,men,Complex,PS_AB,0,0,0,0,0,0,0,0,0,0,0,0,0.71960519015761,0.28039480984239,0,0,0,0,0
95-99,men,Complex,PS_AB,0,0,0,0,0,0,0,0,0,0,0,0,0.614136581149334,0.385863418850666,0,0,0,0,0
100-104,men,Complex,PS_AB,0,0,0,0,0,0,0,0,0,0,0,0,0.614136581149334,0.385863418850666,0,0,0,0,0
105-109,men,Complex,PS_AB,0,0,0,0,0,0,0,0,0,0,0,0,0.614136581149334,0.385863418850666,0,0,0,0,0
70-74,women,Complex,PS_AB,0,0,0,0,0,0,0,0,0,0,0,0,0.960786637319167,0.0392133626808329,0,0,0,0,0
75-79,women,Complex,PS_AB,0,0,0,0,0,0,0,0,0,0,0,0,0.941162608605229,0.058837391394771,0,0,0,0,0
65-69,women,Complex,PS_AB,0,0,0,0,0,0,0,0,0,0,0,0,0.967223057975372,0.0327769420246279,0,0,0,0,0
80-84,women,Complex,PS_AB,0,0,0,0,0,0,0,0,0,0,0,0,0.904413191105296,0.095586808894704,0,0,0,0,0
85-89,women,Complex,PS_AB,0,0,0,0,0,0,0,0,0,0,0,0,0.840759682977306,0.159240317022694,0,0,0,0,0
90-94,women,Complex,PS_AB,0,0,0,0,0,0,0,0,0,0,0,0,0.760529828984697,0.239470171015303,0,0,0,0,0
95-99,women,Complex,PS_AB,0,0,0,0,0,0,0,0,0,0,0,0,0.663855412766926,0.336144587233074,0,0,0,0,0
100-104,women,Complex,PS_AB,0,0,0,0,0,0,0,0,0,0,0,0,0.663855412766926,0.336144587233074,0,0,0,0,0
105-109,women,Complex,PS_AB,0,0,0,0,0,0,0,0,0,0,0,0,0.663855412766926,0.336144587233074,0,0,0,0,0
70-74,men,Neuropsychiatric,PS_AB,0,0,0,0,0,0,0,0,0,0,0,0,0.959979764895697,0.0400202351043033,0,0,0,0,0
75-79,men,Neuropsychiatric,PS_AB,0,0,0,0,0,0,0,0,0,0,0,0,0.939870374620428,0.0601296253795716,0,0,0,0,0
65-69,men,Neuropsychiatric,PS_AB,0,0,0,0,0,0,0,0,0,0,0,0,0.966514912103,0.0334850878969999,0,0,0,0,0
80-84,men,Neuropsychiatric,PS_AB,0,0,0,0,0,0,0,0,0,0,0,0,0.903028903344712,0.0969710966552878,0,0,0,0,0
85-89,men,Neuropsychiatric,PS_AB,0,0,0,0,0,0,0,0,0,0,0,0,0.838996193937311,0.16100380606269,0,0,0,0,0
90-94,men,Neuropsychiatric,PS_AB,0,0,0,0,0,0,0,0,0,0,0,0,0.758267454740205,0.241732545259795,0,0,0,0,0
95-99,men,Neuropsychiatric,PS_AB,0,0,0,0,0,0,0,0,0,0,0,0,0.661436453365362,0.338563546634638,0,0,0,0,0
100-104,men,Neuropsychiatric,PS_AB,0,0,0,0,0,0,0,0,0,0,0,0,0.661436453365362,0.338563546634638,0,0,0,0,0
105-109,men,Neuropsychiatric,PS_AB,0,0,0,0,0,0,0,0,0,0,0,0,0.661436453365362,0.338563546634638,0,0,0,0,0
70-74,women,Neuropsychiatric,PS_AB,0,0,0,0,0,0,0,0,0,0,0,0,0.967646598111792,0.0323534018882084,0,0,0,0,0
75-79,women,Neuropsychiatric,PS_AB,0,0,0,0,0,0,0,0,0,0,0,0,0.951352792646303,0.0486472073536967,0,0,0,0,0
65-69,women,Neuropsychiatric,PS_AB,0,0,0,0,0,0,0,0,0,0,0,0,0.972988644963485,0.0270113550365145,0,0,0,0,0
80-84,women,Neuropsychiatric,PS_AB,0,0,0,0,0,0,0,0,0,0,0,0,0.920495975000872,0.0795040249991282,0,0,0,0,0
85-89,women,Neuropsychiatric,PS_AB,0,0,0,0,0,0,0,0,0,0,0,0,0.866027764753488,0.133972235246512,0,0,0,0,0
90-94,women,Neuropsychiatric,PS_AB,0,0,0,0,0,0,0,0,0,0,0,0,0.795518765509339,0.204481234490661,0,0,0,0,0
95-99,women,Neuropsychiatric,PS_AB,0,0,0,0,0,0,0,0,0,0,0,0,0.707969616492463,0.292030383507537,0,0,0,0,0
100-104,women,Neuropsychiatric,PS_AB,0,0,0,0,0,0,0,0,0,0,0,0,0.707969616492463,0.292030383507537,0,0,0,0,0
105-109,women,Neuropsychiatric,PS_AB,0,0,0,0,0,0,0,0,0,0,0,0,0.707969616492463,0.292030383507537,0,0,0,0,0
70-74,men,Cardiovascular,PS_AB,0,0,0,0,0,0,0,0,0,0,0,0,0.97366031660723,0.0263396833927705,0,0,0,0,0
75-79,men,Cardiovascular,PS_AB,0,0,0,0,0,0,0,0,0,0,0,0,0.960114353005421,0.0398856469945789,0,0,0,0,0
65-69,men,Cardiovascular,PS_AB,0,0,0,0,0,0,0,0,0,0,0,0,0.978105674663441,0.0218943253365594,0,0,0,0,0
80-84,men,Cardiovascular,PS_AB,0,0,0,0,0,0,0,0,0,0,0,0,0.934551141816548,0.0654488581834519,0,0,0,0,0
85-89,men,Cardiovascular,PS_AB,0,0,0,0,0,0,0,0,0,0,0,0,0.888749205750147,0.111250794249853,0,0,0,0,0
90-94,men,Cardiovascular,PS_AB,0,0,0,0,0,0,0,0,0,0,0,0,0.828232556730461,0.171767443269539,0,0,0,0,0
95-99,men,Cardiovascular,PS_AB,0,0,0,0,0,0,0,0,0,0,0,0,0.750574284495902,0.249425715504098,0,0,0,0,0
100-104,men,Cardiovascular,PS_AB,0,0,0,0,0,0,0,0,0,0,0,0,0.750574284495902,0.249425715504098,0,0,0,0,0
105-109,men,Cardiovascular,PS_AB,0,0,0,0,0,0,0,0,0,0,0,0,0.750574284495902,0.249425715504098,0,0,0,0,0
70-74,women,Cardiovascular,PS_AB,0,0,0,0,0,0,0,0,0,0,0,0,0.978716917242475,0.0212830827575248,0,0,0,0,0
75-79,women,Cardiovascular,PS_AB,0,0,0,0,0,0,0,0,0,0,0,0,0.967830481430789,0.0321695185692114,0,0,0,0,0
65-69,women,Cardiovascular,PS_AB,0,0,0,0,0,0,0,0,0,0,0,0,0.982354299193934,0.0176457008060663,0,0,0,0,0
80-84,women,Cardiovascular,PS_AB,0,0,0,0,0,0,0,0,0,0,0,0,0.946568267143385,0.0534317328566149,0,0,0,0,0
85-89,women,Cardiovascular,PS_AB,0,0,0,0,0,0,0,0,0,0,0,0,0.908195564155029,0.0918044358449708,0,0,0,0,0
90-94,women,Cardiovascular,PS_AB,0,0,0,0,0,0,0,0,0,0,0,0,0.85656082591229,0.14343917408771,0,0,0,0,0
95-99,women,Cardiovascular,PS_AB,0,0,0,0,0,0,0,0,0,0,0,0,0.78858039026764,0.21141960973236,0,0,0,0,0
100-104,women,Cardiovascular,PS_AB,0,0,0,0,0,0,0,0,0,0,0,0,0.78858039026764,0.21141960973236,0,0,0,0,0
105-109,women,Cardiovascular,PS_AB,0,0,0,0,0,0,0,0,0,0,0,0,0.78858039026764,0.21141960973236,0,0,0,0,0
70-74,men,Eye,PS_AB,0,0,0,0,0,0,0,0,0,0,0,0,0.979105839954014,0.0208941600459864,0,0,0,0,0
75-79,men,Eye,PS_AB,0,0,0,0,0,0,0,0,0,0,0,0,0.968268001802622,0.0317319981973779,0,0,0,0,0
65-69,men,Eye,PS_AB,0,0,0,0,0,0,0,0,0,0,0,0,0.982700524759166,0.017299475240834,0,0,0,0,0
80-84,men,Eye,PS_AB,0,0,0,0,0,0,0,0,0,0,0,0,0.947615857321093,0.0523841426789065,0,0,0,0,0
85-89,men,Eye,PS_AB,0,0,0,0,0,0,0,0,0,0,0,0,0.91018162540124,0.0898183745987604,0,0,0,0,0
90-94,men,Eye,PS_AB,0,0,0,0,0,0,0,0,0,0,0,0,0.859457360050471,0.140542639949529,0,0,0,0,0
95-99,men,Eye,PS_AB,0,0,0,0,0,0,0,0,0,0,0,0,0.793011529672373,0.206988470327627,0,0,0,0,0
100-104,men,Eye,PS_AB,0,0,0,0,0,0,0,0,0,0,0,0,0.793011529672373,0.206988470327627,0,0,0,0,0
105-109,men,Eye,PS_AB,0,0,0,0,0,0,0,0,0,0,0,0,0.793011529672373,0.206988470327627,0,0,0,0,0
70-74,women,Eye,PS_AB,0,0,0,0,0,0,0,0,0,0,0,0,0.983208957382043,0.0167910426179565,0,0,0,0,0
75-79,women,Eye,PS_AB,0,0,0,0,0,0,0,0,0,0,0,0,0.974560253308824,0.025439746691176,0,0,0,0,0
65-69,women,Eye,PS_AB,0,0,0,0,0,0,0,0,0,0,0,0,0.986107592375074,0.013892407624926,0,0,0,0,0
80-84,women,Eye,PS_AB,0,0,0,0,0,0,0,0,0,0,0,0,0.957548406050048,0.0424515939499516,0,0,0,0,0
85-89,women,Eye,PS_AB,0,0,0,0,0,0,0,0,0,0,0,0,0.926506559208752,0.0734934407912484,0,0,0,0,0
90-94,women,Eye,PS_AB,0,0,0,0,0,0,0,0,0,0,0,0,0.883823507288902,0.116176492711098,0,0,0,0,0
95-99,women,Eye,PS_AB,0,0,0,0,0,0,0,0,0,0,0,0,0.826516608744932,0.173483391255068,0,0,0,0,0
100-104,women,Eye,PS_AB,0,0,0,0,0,0,0,0,0,0,0,0,0.826516608744932,0.173483391255068,0,0,0,0,0
105-109,women,Eye,PS_AB,0,0,0,0,0,0,0,0,0,0,0,0,0.826516608744932,0.173483391255068,0,0,0,0,0
70-74,men,MSK,PS_AB,0,0,0,0,0,0,0,0,0,0,0,0,0.986240904718574,0.0137590952814261,0,0,0,0,0
75-79,men,MSK,PS_AB,0,0,0,0,0,0,0,0,0,0,0,0,0.979027273997012,0.0209727260029878,0,0,0,0,0
65-69,men,MSK,PS_AB,0,0,0,0,0,0,0,0,0,0,0,0,0.988599536988742,0.0114004630112583,0,0,0,0,0
80-84,men,MSK,PS_AB,0,0,0,0,0,0,0,0,0,0,0,0,0.965114565599778,0.0348854344002221,0,0,0,0,0
85-89,men,MSK,PS_AB,0,0,0,0,0,0,0,0,0,0,0,0,0.939202602222711,0.0607973977772894,0,0,0,0,0
90-94,men,MSK,PS_AB,0,0,0,0,0,0,0,0,0,0,0,0,0.902965169545988,0.0970348304540121,0,0,0,0,0
95-99,men,MSK,PS_AB,0,0,0,0,0,0,0,0,0,0,0,0,0.853438850305483,0.146561149694517,0,0,0,0,0
100-104,men,MSK,PS_AB,0,0,0,0,0,0,0,0,0,0,0,0,0.853438850305483,0.146561149694517,0,0,0,0,0
105-109,men,MSK,PS_AB,0,0,0,0,0,0,0,0,0,0,0,0,0.853438850305483,0.146561149694517,0,0,0,0,0
70-74,women,MSK,PS_AB,0,0,0,0,0,0,0,0,0,0,0,0,0.988961448756879,0.0110385512431213,0,0,0,0,0
75-79,women,MSK,PS_AB,0,0,0,0,0,0,0,0,0,0,0,0,0.983205010695022,0.0167949893049781,0,0,0,0,0
65-69,women,MSK,PS_AB,0,0,0,0,0,0,0,0,0,0,0,0,0.990855906548212,0.00914409345178834,0,0,0,0,0
80-84,women,MSK,PS_AB,0,0,0,0,0,0,0,0,0,0,0,0,0.971836407991014,0.0281635920089859,0,0,0,0,0
85-89,women,MSK,PS_AB,0,0,0,0,0,0,0,0,0,0,0,0,0.950585675748464,0.049414324251536,0,0,0,0,0
90-94,women,MSK,PS_AB,0,0,0,0,0,0,0,0,0,0,0,0,0.920530757367308,0.0794692426326918,0,0,0,0,0
95-99,women,MSK,PS_AB,0,0,0,0,0,0,0,0,0,0,0,0,0.878623744279343,0.121376255720657,0,0,0,0,0
100-104,women,MSK,PS_AB,0,0,0,0,0,0,0,0,0,0,0,0,0.878623744279343,0.121376255720657,0,0,0,0,0
105-109,women,MSK,PS_AB,0,0,0,0,0,0,0,0,0,0,0,0,0.878623744279343,0.121376255720657,0,0,0,0,0
70-74,men,Metabolic,PS_AB,0,0,0,0,0,0,0,0,0,0,0,0,0.978454920272094,0.0215450797279059,0,0,0,0,0
75-79,men,Metabolic,PS_AB,0,0,0,0,0,0,0,0,0,0,0,0,0.967319788630806,0.0326802113691942,0,0,0,0,0
65-69,men,Metabolic,PS_AB,0,0,0,0,0,0,0,0,0,0,0,0,0.982108847570938,0.0178911524290619,0,0,0,0,0
80-84,men,Metabolic,PS_AB,0,0,0,0,0,0,0,0,0,0,0,0,0.946125356606184,0.053874643393816,0,0,0,0,0
85-89,men,Metabolic,PS_AB,0,0,0,0,0,0,0,0,0,0,0,0,0.907584249969391,0.0924157500306088,0,0,0,0,0
90-94,men,Metabolic,PS_AB,0,0,0,0,0,0,0,0,0,0,0,0,0.855562657170168,0.144437342829833,0,0,0,0,0
95-99,men,Metabolic,PS_AB,0,0,0,0,0,0,0,0,0,0,0,0,0.78725145765087,0.21274854234913,0,0,0,0,0
100-104,men,Metabolic,PS_AB,0,0,0,0,0,0,0,0,0,0,0,0,0.78725145765087,0.21274854234913,0,0,0,0,0
105-109,men,Metabolic,PS_AB,0,0,0,0,0,0,0,0,0,0,0,0,0.78725145765087,0.21274854234913,0,0,0,0,0
70-74,women,Metabolic,PS_AB,0,0,0,0,0,0,0,0,0,0,0,0,0.982651195872538,0.0173488041274622,0,0,0,0,0
75-79,women,Metabolic,PS_AB,0,0,0,0,0,0,0,0,0,0,0,0,0.973717597906741,0.0262824020932585,0,0,0,0,0
65-69,women,Metabolic,PS_AB,0,0,0,0,0,0,0,0,0,0,0,0,0.985616652566844,0.0143833474331556,0,0,0,0,0
80-84,women,Metabolic,PS_AB,0,0,0,0,0,0,0,0,0,0,0,0,0.956223978730342,0.0437760212696579,0,0,0,0,0
85-89,women,Metabolic,PS_AB,0,0,0,0,0,0,0,0,0,0,0,0,0.924196347411548,0.0758036525884523,0,0,0,0,0
90-94,women,Metabolic,PS_AB,0,0,0,0,0,0,0,0,0,0,0,0,0.880285414693878,0.119714585306122,0,0,0,0,0
95-99,women,Metabolic,PS_AB,0,0,0,0,0,0,0,0,0,0,0,0,0.821286608174592,0.178713391825408,0,0,0,0,0
100-104,women,Metabolic,PS_AB,0,0,0,0,0,0,0,0,0,0,0,0,0.821286608174592,0.178713391825408,0,0,0,0,0
105-109,women,Metabolic,PS_AB,0,0,0,0,0,0,0,0,0,0,0,0,0.821286608174592,0.178713391825408,0,0,0,0,0
70-74,men,Unspecified,PB_AHS,0,0,0,0,0,0,0,0,0,0,0,0,0.983003357360419,0.0169966426395808,0,0,0,0,0
75-79,men,Unspecified,PB_AHS,0,0,0,0,0,0,0,0,0,0,0,0,0.974143446296969,0.0258565537030309,0,0,0,0,0
65-69,men,Unspecified,PB_AHS,0,0,0,0,0,0,0,0,0,0,0,0,0.985935843464002,0.0140641565359983,0,0,0,0,0
80-84,men,Unspecified,PB_AHS,0,0,0,0,0,0,0,0,0,0,0,0,0.957089867430848,0.0429101325691523,0,0,0,0,0
85-89,men,Unspecified,PB_AHS,0,0,0,0,0,0,0,0,0,0,0,0,0.925789208978081,0.0742107910219187,0,0,0,0,0
90-94,men,Unspecified,PB_AHS,0,0,0,0,0,0,0,0,0,0,0,0,0.882627553427539,0.117372446572461,0,0,0,0,0
95-99,men,Unspecified,PB_AHS,0,0,0,0,0,0,0,0,0,0,0,0,0.824932612301518,0.175067387698482,0,0,0,0,0
100-104,men,Unspecified,PB_AHS,0,0,0,0,0,0,0,0,0,0,0,0,0.824932612301518,0.175067387698482,0,0,0,0,0
105-109,men,Unspecified,PB_AHS,0,0,0,0,0,0,0,0,0,0,0,0,0.824932612301518,0.175067387698482,0,0,0,0,0
70-74,women,Unspecified,PB_AHS,0,0,0,0,0,0,0,0,0,0,0,0,0.986363664374068,0.0136363356259315,0,0,0,0,0
75-79,women,Unspecified,PB_AHS,0,0,0,0,0,0,0,0,0,0,0,0,0.979290332053946,0.0207096679460543,0,0,0,0,0
65-69,women,Unspecified,PB_AHS,0,0,0,0,0,0,0,0,0,0,0,0,0.988717634912308,0.0112823650876918,0,0,0,0,0
80-84,women,Unspecified,PB_AHS,0,0,0,0,0,0,0,0,0,0,0,0,0.965321786678189,0.0346782133218106,0,0,0,0,0
85-89,women,Unspecified,PB_AHS,0,0,0,0,0,0,0,0,0,0,0,0,0.939530700277333,0.0604692997226674,0,0,0,0,0
90-94,women,Unspecified,PB_AHS,0,0,0,0,0,0,0,0,0,0,0,0,0.903495476550863,0.0965045234491369,0,0,0,0,0
95-99,women,Unspecified,PB_AHS,0,0,0,0,0,0,0,0,0,0,0,0,0.854257574218131,0.145742425781869,0,0,0,0,0
100-104,women,Unspecified,PB_AHS,0,0,0,0,0,0,0,0,0,0,0,0,0.854257574218131,0.145742425781869,0,0,0,0,0
105-109,women,Unspecified,PB_AHS,0,0,0,0,0,0,0,0,0,0,0,0,0.854257574218131,0.145742425781869,0,0,0,0,0
70-74,men,Complex,PB_AHS,0,0,0,0,0,0,0,0,0,0,0,0,0.951593487865933,0.0484065121340669,0,0,0,0,0
75-79,men,Complex,PB_AHS,0,0,0,0,0,0,0,0,0,0,0,0,0.927393360821641,0.072606639178359,0,0,0,0,0
65-69,men,Complex,PB_AHS,0,0,0,0,0,0,0,0,0,0,0,0,0.959438541638576,0.0405614583614242,0,0,0,0,0
80-84,men,Complex,PB_AHS,0,0,0,0,0,0,0,0,0,0,0,0,0.883921115957675,0.116078884042326,0,0,0,0,0
85-89,men,Complex,PB_AHS,0,0,0,0,0,0,0,0,0,0,0,0,0.810008693271753,0.189991306728248,0,0,0,0,0
90-94,men,Complex,PB_AHS,0,0,0,0,0,0,0,0,0,0,0,0,0.71960519015761,0.28039480984239,0,0,0,0,0
95-99,men,Complex,PB_AHS,0,0,0,0,0,0,0,0,0,0,0,0,0.614136581149334,0.385863418850666,0,0,0,0,0
100-104,men,Complex,PB_AHS,0,0,0,0,0,0,0,0,0,0,0,0,0.614136581149334,0.385863418850666,0,0,0,0,0
105-109,men,Complex,PB_AHS,0,0,0,0,0,0,0,0,0,0,0,0,0.614136581149334,0.385863418850666,0,0,0,0,0
70-74,women,Complex,PB_AHS,0,0,0,0,0,0,0,0,0,0,0,0,0.960786637319167,0.0392133626808329,0,0,0,0,0
75-79,women,Complex,PB_AHS,0,0,0,0,0,0,0,0,0,0,0,0,0.941162608605229,0.058837391394771,0,0,0,0,0
65-69,women,Complex,PB_AHS,0,0,0,0,0,0,0,0,0,0,0,0,0.967223057975372,0.0327769420246279,0,0,0,0,0
80-84,women,Complex,PB_AHS,0,0,0,0,0,0,0,0,0,0,0,0,0.904413191105296,0.095586808894704,0,0,0,0,0
85-89,women,Complex,PB_AHS,0,0,0,0,0,0,0,0,0,0,0,0,0.840759682977306,0.159240317022694,0,0,0,0,0
90-94,women,Complex,PB_AHS,0,0,0,0,0,0,0,0,0,0,0,0,0.760529828984697,0.239470171015303,0,0,0,0,0
95-99,women,Complex,PB_AHS,0,0,0,0,0,0,0,0,0,0,0,0,0.663855412766926,0.336144587233074,0,0,0,0,0
100-104,women,Complex,PB_AHS,0,0,0,0,0,0,0,0,0,0,0,0,0.663855412766926,0.336144587233074,0,0,0,0,0
105-109,women,Complex,PB_AHS,0,0,0,0,0,0,0,0,0,0,0,0,0.663855412766926,0.336144587233074,0,0,0,0,0
70-74,men,Neuropsychiatric,PB_AHS,0,0,0,0,0,0,0,0,0,0,0,0,0.959979764895697,0.0400202351043033,0,0,0,0,0
75-79,men,Neuropsychiatric,PB_AHS,0,0,0,0,0,0,0,0,0,0,0,0,0.939870374620428,0.0601296253795716,0,0,0,0,0
65-69,men,Neuropsychiatric,PB_AHS,0,0,0,0,0,0,0,0,0,0,0,0,0.966514912103,0.0334850878969999,0,0,0,0,0
80-84,men,Neuropsychiatric,PB_AHS,0,0,0,0,0,0,0,0,0,0,0,0,0.903028903344712,0.0969710966552878,0,0,0,0,0
85-89,men,Neuropsychiatric,PB_AHS,0,0,0,0,0,0,0,0,0,0,0,0,0.838996193937311,0.16100380606269,0,0,0,0,0
90-94,men,Neuropsychiatric,PB_AHS,0,0,0,0,0,0,0,0,0,0,0,0,0.758267454740205,0.241732545259795,0,0,0,0,0
95-99,men,Neuropsychiatric,PB_AHS,0,0,0,0,0,0,0,0,0,0,0,0,0.661436453365362,0.338563546634638,0,0,0,0,0
100-104,men,Neuropsychiatric,PB_AHS,0,0,0,0,0,0,0,0,0,0,0,0,0.661436453365362,0.338563546634638,0,0,0,0,0
105-109,men,Neuropsychiatric,PB_AHS,0,0,0,0,0,0,0,0,0,0,0,0,0.661436453365362,0.338563546634638,0,0,0,0,0
70-74,women,Neuropsychiatric,PB_AHS,0,0,0,0,0,0,0,0,0,0,0,0,0.967646598111792,0.0323534018882084,0,0,0,0,0
75-79,women,Neuropsychiatric,PB_AHS,0,0,0,0,0,0,0,0,0,0,0,0,0.951352792646303,0.0486472073536967,0,0,0,0,0
65-69,women,Neuropsychiatric,PB_AHS,0,0,0,0,0,0,0,0,0,0,0,0,0.972988644963485,0.0270113550365145,0,0,0,0,0
80-84,women,Neuropsychiatric,PB_AHS,0,0,0,0,0,0,0,0,0,0,0,0,0.920495975000872,0.0795040249991282,0,0,0,0,0
85-89,women,Neuropsychiatric,PB_AHS,0,0,0,0,0,0,0,0,0,0,0,0,0.866027764753488,0.133972235246512,0,0,0,0,0
90-94,women,Neuropsychiatric,PB_AHS,0,0,0,0,0,0,0,0,0,0,0,0,0.795518765509339,0.204481234490661,0,0,0,0,0
95-99,women,Neuropsychiatric,PB_AHS,0,0,0,0,0,0,0,0,0,0,0,0,0.707969616492463,0.292030383507537,0,0,0,0,0
100-104,women,Neuropsychiatric,PB_AHS,0,0,0,0,0,0,0,0,0,0,0,0,0.707969616492463,0.292030383507537,0,0,0,0,0
105-109,women,Neuropsychiatric,PB_AHS,0,0,0,0,0,0,0,0,0,0,0,0,0.707969616492463,0.292030383507537,0,0,0,0,0
70-74,men,Cardiovascular,PB_AHS,0,0,0,0,0,0,0,0,0,0,0,0,0.97366031660723,0.0263396833927705,0,0,0,0,0
75-79,men,Cardiovascular,PB_AHS,0,0,0,0,0,0,0,0,0,0,0,0,0.960114353005421,0.0398856469945789,0,0,0,0,0
65-69,men,Cardiovascular,PB_AHS,0,0,0,0,0,0,0,0,0,0,0,0,0.978105674663441,0.0218943253365594,0,0,0,0,0
80-84,men,Cardiovascular,PB_AHS,0,0,0,0,0,0,0,0,0,0,0,0,0.934551141816548,0.0654488581834519,0,0,0,0,0
85-89,men,Cardiovascular,PB_AHS,0,0,0,0,0,0,0,0,0,0,0,0,0.888749205750147,0.111250794249853,0,0,0,0,0
90-94,men,Cardiovascular,PB_AHS,0,0,0,0,0,0,0,0,0,0,0,0,0.828232556730461,0.171767443269539,0,0,0,0,0
95-99,men,Cardiovascular,PB_AHS,0,0,0,0,0,0,0,0,0,0,0,0,0.750574284495902,0.249425715504098,0,0,0,0,0
100-104,men,Cardiovascular,PB_AHS,0,0,0,0,0,0,0,0,0,0,0,0,0.750574284495902,0.249425715504098,0,0,0,0,0
105-109,men,Cardiovascular,PB_AHS,0,0,0,0,0,0,0,0,0,0,0,0,0.750574284495902,0.249425715504098,0,0,0,0,0
70-74,women,Cardiovascular,PB_AHS,0,0,0,0,0,0,0,0,0,0,0,0,0.978716917242475,0.0212830827575248,0,0,0,0,0
75-79,women,Cardiovascular,PB_AHS,0,0,0,0,0,0,0,0,0,0,0,0,0.967830481430789,0.0321695185692114,0,0,0,0,0
65-69,women,Cardiovascular,PB_AHS,0,0,0,0,0,0,0,0,0,0,0,0,0.982354299193934,0.0176457008060663,0,0,0,0,0
80-84,women,Cardiovascular,PB_AHS,0,0,0,0,0,0,0,0,0,0,0,0,0.946568267143385,0.0534317328566149,0,0,0,0,0
85-89,women,Cardiovascular,PB_AHS,0,0,0,0,0,0,0,0,0,0,0,0,0.908195564155029,0.0918044358449708,0,0,0,0,0
90-94,women,Cardiovascular,PB_AHS,0,0,0,0,0,0,0,0,0,0,0,0,0.85656082591229,0.14343917408771,0,0,0,0,0
95-99,women,Cardiovascular,PB_AHS,0,0,0,0,0,0,0,0,0,0,0,0,0.78858039026764,0.21141960973236,0,0,0,0,0
100-104,women,Cardiovascular,PB_AHS,0,0,0,0,0,0,0,0,0,0,0,0,0.78858039026764,0.21141960973236,0,0,0,0,0
105-109,women,Cardiovascular,PB_AHS,0,0,0,0,0,0,0,0,0,0,0,0,0.78858039026764,0.21141960973236,0,0,0,0,0
70-74,men,Eye,PB_AHS,0,0,0,0,0,0,0,0,0,0,0,0,0.979105839954014,0.0208941600459864,0,0,0,0,0
75-79,men,Eye,PB_AHS,0,0,0,0,0,0,0,0,0,0,0,0,0.968268001802622,0.0317319981973779,0,0,0,0,0
65-69,men,Eye,PB_AHS,0,0,0,0,0,0,0,0,0,0,0,0,0.982700524759166,0.017299475240834,0,0,0,0,0
80-84,men,Eye,PB_AHS,0,0,0,0,0,0,0,0,0,0,0,0,0.947615857321093,0.0523841426789065,0,0,0,0,0
85-89,men,Eye,PB_AHS,0,0,0,0,0,0,0,0,0,0,0,0,0.91018162540124,0.0898183745987604,0,0,0,0,0
90-94,men,Eye,PB_AHS,0,0,0,0,0,0,0,0,0,0,0,0,0.859457360050471,0.140542639949529,0,0,0,0,0
95-99,men,Eye,PB_AHS,0,0,0,0,0,0,0,0,0,0,0,0,0.793011529672373,0.206988470327627,0,0,0,0,0
100-104,men,Eye,PB_AHS,0,0,0,0,0,0,0,0,0,0,0,0,0.793011529672373,0.206988470327627,0,0,0,0,0
105-109,men,Eye,PB_AHS,0,0,0,0,0,0,0,0,0,0,0,0,0.793011529672373,0.206988470327627,0,0,0,0,0
70-74,women,Eye,PB_AHS,0,0,0,0,0,0,0,0,0,0,0,0,0.983208957382043,0.0167910426179565,0,0,0,0,0
75-79,women,Eye,PB_AHS,0,0,0,0,0,0,0,0,0,0,0,0,0.974560253308824,0.025439746691176,0,0,0,0,0
65-69,women,Eye,PB_AHS,0,0,0,0,0,0,0,0,0,0,0,0,0.986107592375074,0.013892407624926,0,0,0,0,0
80-84,women,Eye,PB_AHS,0,0,0,0,0,0,0,0,0,0,0,0,0.957548406050048,0.0424515939499516,0,0,0,0,0
85-89,women,Eye,PB_AHS,0,0,0,0,0,0,0,0,0,0,0,0,0.926506559208752,0.0734934407912484,0,0,0,0,0
90-94,women,Eye,PB_AHS,0,0,0,0,0,0,0,0,0,0,0,0,0.883823507288902,0.116176492711098,0,0,0,0,0
95-99,women,Eye,PB_AHS,0,0,0,0,0,0,0,0,0,0,0,0,0.826516608744932,0.173483391255068,0,0,0,0,0
100-104,women,Eye,PB_AHS,0,0,0,0,0,0,0,0,0,0,0,0,0.826516608744932,0.173483391255068,0,0,0,0,0
105-109,women,Eye,PB_AHS,0,0,0,0,0,0,0,0,0,0,0,0,0.826516608744932,0.173483391255068,0,0,0,0,0
70-74,men,MSK,PB_AHS,0,0,0,0,0,0,0,0,0,0,0,0,0.986240904718574,0.0137590952814261,0,0,0,0,0
75-79,men,MSK,PB_AHS,0,0,0,0,0,0,0,0,0,0,0,0,0.979027273997012,0.0209727260029878,0,0,0,0,0
65-69,men,MSK,PB_AHS,0,0,0,0,0,0,0,0,0,0,0,0,0.988599536988742,0.0114004630112583,0,0,0,0,0
80-84,men,MSK,PB_AHS,0,0,0,0,0,0,0,0,0,0,0,0,0.965114565599778,0.0348854344002221,0,0,0,0,0
85-89,men,MSK,PB_AHS,0,0,0,0,0,0,0,0,0,0,0,0,0.939202602222711,0.0607973977772894,0,0,0,0,0
90-94,men,MSK,PB_AHS,0,0,0,0,0,0,0,0,0,0,0,0,0.902965169545988,0.0970348304540121,0,0,0,0,0
95-99,men,MSK,PB_AHS,0,0,0,0,0,0,0,0,0,0,0,0,0.853438850305483,0.146561149694517,0,0,0,0,0
100-104,men,MSK,PB_AHS,0,0,0,0,0,0,0,0,0,0,0,0,0.853438850305483,0.146561149694517,0,0,0,0,0
105-109,men,MSK,PB_AHS,0,0,0,0,0,0,0,0,0,0,0,0,0.853438850305483,0.146561149694517,0,0,0,0,0
70-74,women,MSK,PB_AHS,0,0,0,0,0,0,0,0,0,0,0,0,0.988961448756879,0.0110385512431213,0,0,0,0,0
75-79,women,MSK,PB_AHS,0,0,0,0,0,0,0,0,0,0,0,0,0.983205010695022,0.0167949893049781,0,0,0,0,0
65-69,women,MSK,PB_AHS,0,0,0,0,0,0,0,0,0,0,0,0,0.990855906548212,0.00914409345178834,0,0,0,0,0
80-84,women,MSK,PB_AHS,0,0,0,0,0,0,0,0,0,0,0,0,0.971836407991014,0.0281635920089859,0,0,0,0,0
85-89,women,MSK,PB_AHS,0,0,0,0,0,0,0,0,0,0,0,0,0.950585675748464,0.049414324251536,0,0,0,0,0
90-94,women,MSK,PB_AHS,0,0,0,0,0,0,0,0,0,0,0,0,0.920530757367308,0.0794692426326918,0,0,0,0,0
95-99,women,MSK,PB_AHS,0,0,0,0,0,0,0,0,0,0,0,0,0.878623744279343,0.121376255720657,0,0,0,0,0
100-104,women,MSK,PB_AHS,0,0,0,0,0,0,0,0,0,0,0,0,0.878623744279343,0.121376255720657,0,0,0,0,0
105-109,women,MSK,PB_AHS,0,0,0,0,0,0,0,0,0,0,0,0,0.878623744279343,0.121376255720657,0,0,0,0,0
70-74,men,Metabolic,PB_AHS,0,0,0,0,0,0,0,0,0,0,0,0,0.978454920272094,0.0215450797279059,0,0,0,0,0
75-79,men,Metabolic,PB_AHS,0,0,0,0,0,0,0,0,0,0,0,0,0.967319788630806,0.0326802113691942,0,0,0,0,0
65-69,men,Metabolic,PB_AHS,0,0,0,0,0,0,0,0,0,0,0,0,0.982108847570938,0.0178911524290619,0,0,0,0,0
80-84,men,Metabolic,PB_AHS,0,0,0,0,0,0,0,0,0,0,0,0,0.946125356606184,0.053874643393816,0,0,0,0,0
85-89,men,Metabolic,PB_AHS,0,0,0,0,0,0,0,0,0,0,0,0,0.907584249969391,0.0924157500306088,0,0,0,0,0
90-94,men,Metabolic,PB_AHS,0,0,0,0,0,0,0,0,0,0,0,0,0.855562657170168,0.144437342829833,0,0,0,0,0
95-99,men,Metabolic,PB_AHS,0,0,0,0,0,0,0,0,0,0,0,0,0.78725145765087,0.21274854234913,0,0,0,0,0
100-104,men,Metabolic,PB_AHS,0,0,0,0,0,0,0,0,0,0,0,0,0.78725145765087,0.21274854234913,0,0,0,0,0
105-109,men,Metabolic,PB_AHS,0,0,0,0,0,0,0,0,0,0,0,0,0.78725145765087,0.21274854234913,0,0,0,0,0
70-74,women,Metabolic,PB_AHS,0,0,0,0,0,0,0,0,0,0,0,0,0.982651195872538,0.0173488041274622,0,0,0,0,0
75-79,women,Metabolic,PB_AHS,0,0,0,0,0,0,0,0,0,0,0,0,0.973717597906741,0.0262824020932585,0,0,0,0,0
65-69,women,Metabolic,PB_AHS,0,0,0,0,0,0,0,0,0,0,0,0,0.985616652566844,0.0143833474331556,0,0,0,0,0
80-84,women,Metabolic,PB_AHS,0,0,0,0,0,0,0,0,0,0,0,0,0.956223978730342,0.0437760212696579,0,0,0,0,0
85-89,women,Metabolic,PB_AHS,0,0,0,0,0,0,0,0,0,0,0,0,0.924196347411548,0.0758036525884523,0,0,0,0,0
90-94,women,Metabolic,PB_AHS,0,0,0,0,0,0,0,0,0,0,0,0,0.880285414693878,0.119714585306122,0,0,0,0,0
95-99,women,Metabolic,PB_AHS,0,0,0,0,0,0,0,0,0,0,0,0,0.821286608174592,0.178713391825408,0,0,0,0,0
100-104,women,Metabolic,PB_AHS,0,0,0,0,0,0,0,0,0,0,0,0,0.821286608174592,0.178713391825408,0,0,0,0,0
105-109,women,Metabolic,PB_AHS,0,0,0,0,0,0,0,0,0,0,0,0,0.821286608174592,0.178713391825408,0,0,0,0,0
70-74,men,Unspecified,CurrentDeath,0,0,0,0,0,0,0,0,0,0,0,0,0,1,0,0,0,0,0
70-74,men,Unspecified,AB_Death,0,0,0,0,0,0,0,0,0,0,0,0,0,0,1,0,0,0,0
70-74,men,Unspecified,AHS_Death,0,0,0,0,0,0,0,0,0,0,0,0,0,0,0,1,0,0,0
70-74,men,Unspecified,AIS_Death,0,0,0,0,0,0,0,0,0,0,0,0,0,0,0,0,1,0,0
70-74,men,Unspecified,AHS_AB_Death,0,0,0,0,0,0,0,0,0,0,0,0,0,0,0,0,0,1,0
70-74,men,Unspecified,AIS_AB_Death,0,0,0,0,0,0,0,0,0,0,0,0,0,0,0,0,0,0,1
75-79,men,Unspecified,CurrentDeath,0,0,0,0,0,0,0,0,0,0,0,0,0,1,0,0,0,0,0
75-79,men,Unspecified,AB_Death,0,0,0,0,0,0,0,0,0,0,0,0,0,0,1,0,0,0,0
75-79,men,Unspecified,AHS_Death,0,0,0,0,0,0,0,0,0,0,0,0,0,0,0,1,0,0,0
75-79,men,Unspecified,AIS_Death,0,0,0,0,0,0,0,0,0,0,0,0,0,0,0,0,1,0,0
75-79,men,Unspecified,AHS_AB_Death,0,0,0,0,0,0,0,0,0,0,0,0,0,0,0,0,0,1,0
75-79,men,Unspecified,AIS_AB_Death,0,0,0,0,0,0,0,0,0,0,0,0,0,0,0,0,0,0,1
65-69,men,Unspecified,CurrentDeath,0,0,0,0,0,0,0,0,0,0,0,0,0,1,0,0,0,0,0
65-69,men,Unspecified,AB_Death,0,0,0,0,0,0,0,0,0,0,0,0,0,0,1,0,0,0,0
65-69,men,Unspecified,AHS_Death,0,0,0,0,0,0,0,0,0,0,0,0,0,0,0,1,0,0,0
65-69,men,Unspecified,AIS_Death,0,0,0,0,0,0,0,0,0,0,0,0,0,0,0,0,1,0,0
65-69,men,Unspecified,AHS_AB_Death,0,0,0,0,0,0,0,0,0,0,0,0,0,0,0,0,0,1,0
65-69,men,Unspecified,AIS_AB_Death,0,0,0,0,0,0,0,0,0,0,0,0,0,0,0,0,0,0,1
80-84,men,Unspecified,CurrentDeath,0,0,0,0,0,0,0,0,0,0,0,0,0,1,0,0,0,0,0
80-84,men,Unspecified,AB_Death,0,0,0,0,0,0,0,0,0,0,0,0,0,0,1,0,0,0,0
80-84,men,Unspecified,AHS_Death,0,0,0,0,0,0,0,0,0,0,0,0,0,0,0,1,0,0,0
80-84,men,Unspecified,AIS_Death,0,0,0,0,0,0,0,0,0,0,0,0,0,0,0,0,1,0,0
80-84,men,Unspecified,AHS_AB_Death,0,0,0,0,0,0,0,0,0,0,0,0,0,0,0,0,0,1,0
80-84,men,Unspecified,AIS_AB_Death,0,0,0,0,0,0,0,0,0,0,0,0,0,0,0,0,0,0,1
85-89,men,Unspecified,CurrentDeath,0,0,0,0,0,0,0,0,0,0,0,0,0,1,0,0,0,0,0
85-89,men,Unspecified,AB_Death,0,0,0,0,0,0,0,0,0,0,0,0,0,0,1,0,0,0,0
85-89,men,Unspecified,AHS_Death,0,0,0,0,0,0,0,0,0,0,0,0,0,0,0,1,0,0,0
85-89,men,Unspecified,AIS_Death,0,0,0,0,0,0,0,0,0,0,0,0,0,0,0,0,1,0,0
85-89,men,Unspecified,AHS_AB_Death,0,0,0,0,0,0,0,0,0,0,0,0,0,0,0,0,0,1,0
85-89,men,Unspecified,AIS_AB_Death,0,0,0,0,0,0,0,0,0,0,0,0,0,0,0,0,0,0,1
90-94,men,Unspecified,CurrentDeath,0,0,0,0,0,0,0,0,0,0,0,0,0,1,0,0,0,0,0
90-94,men,Unspecified,AB_Death,0,0,0,0,0,0,0,0,0,0,0,0,0,0,1,0,0,0,0
90-94,men,Unspecified,AHS_Death,0,0,0,0,0,0,0,0,0,0,0,0,0,0,0,1,0,0,0
90-94,men,Unspecified,AIS_Death,0,0,0,0,0,0,0,0,0,0,0,0,0,0,0,0,1,0,0
90-94,men,Unspecified,AHS_AB_Death,0,0,0,0,0,0,0,0,0,0,0,0,0,0,0,0,0,1,0
90-94,men,Unspecified,AIS_AB_Death,0,0,0,0,0,0,0,0,0,0,0,0,0,0,0,0,0,0,1
95-99,men,Unspecified,CurrentDeath,0,0,0,0,0,0,0,0,0,0,0,0,0,1,0,0,0,0,0
95-99,men,Unspecified,AB_Death,0,0,0,0,0,0,0,0,0,0,0,0,0,0,1,0,0,0,0
95-99,men,Unspecified,AHS_Death,0,0,0,0,0,0,0,0,0,0,0,0,0,0,0,1,0,0,0
95-99,men,Unspecified,AIS_Death,0,0,0,0,0,0,0,0,0,0,0,0,0,0,0,0,1,0,0
95-99,men,Unspecified,AHS_AB_Death,0,0,0,0,0,0,0,0,0,0,0,0,0,0,0,0,0,1,0
95-99,men,Unspecified,AIS_AB_Death,0,0,0,0,0,0,0,0,0,0,0,0,0,0,0,0,0,0,1
100-104,men,Unspecified,CurrentDeath,0,0,0,0,0,0,0,0,0,0,0,0,0,1,0,0,0,0,0
100-104,men,Unspecified,AB_Death,0,0,0,0,0,0,0,0,0,0,0,0,0,0,1,0,0,0,0
100-104,men,Unspecified,AHS_Death,0,0,0,0,0,0,0,0,0,0,0,0,0,0,0,1,0,0,0
100-104,men,Unspecified,AIS_Death,0,0,0,0,0,0,0,0,0,0,0,0,0,0,0,0,1,0,0
100-104,men,Unspecified,AHS_AB_Death,0,0,0,0,0,0,0,0,0,0,0,0,0,0,0,0,0,1,0
100-104,men,Unspecified,AIS_AB_Death,0,0,0,0,0,0,0,0,0,0,0,0,0,0,0,0,0,0,1
105-109,men,Unspecified,CurrentDeath,0,0,0,0,0,0,0,0,0,0,0,0,0,1,0,0,0,0,0
105-109,men,Unspecified,AB_Death,0,0,0,0,0,0,0,0,0,0,0,0,0,0,1,0,0,0,0
105-109,men,Unspecified,AHS_Death,0,0,0,0,0,0,0,0,0,0,0,0,0,0,0,1,0,0,0
105-109,men,Unspecified,AIS_Death,0,0,0,0,0,0,0,0,0,0,0,0,0,0,0,0,1,0,0
105-109,men,Unspecified,AHS_AB_Death,0,0,0,0,0,0,0,0,0,0,0,0,0,0,0,0,0,1,0
105-109,men,Unspecified,AIS_AB_Death,0,0,0,0,0,0,0,0,0,0,0,0,0,0,0,0,0,0,1
70-74,women,Unspecified,CurrentDeath,0,0,0,0,0,0,0,0,0,0,0,0,0,1,0,0,0,0,0
70-74,women,Unspecified,AB_Death,0,0,0,0,0,0,0,0,0,0,0,0,0,0,1,0,0,0,0
70-74,women,Unspecified,AHS_Death,0,0,0,0,0,0,0,0,0,0,0,0,0,0,0,1,0,0,0
70-74,women,Unspecified,AIS_Death,0,0,0,0,0,0,0,0,0,0,0,0,0,0,0,0,1,0,0
70-74,women,Unspecified,AHS_AB_Death,0,0,0,0,0,0,0,0,0,0,0,0,0,0,0,0,0,1,0
70-74,women,Unspecified,AIS_AB_Death,0,0,0,0,0,0,0,0,0,0,0,0,0,0,0,0,0,0,1
75-79,women,Unspecified,CurrentDeath,0,0,0,0,0,0,0,0,0,0,0,0,0,1,0,0,0,0,0
75-79,women,Unspecified,AB_Death,0,0,0,0,0,0,0,0,0,0,0,0,0,0,1,0,0,0,0
75-79,women,Unspecified,AHS_Death,0,0,0,0,0,0,0,0,0,0,0,0,0,0,0,1,0,0,0
75-79,women,Unspecified,AIS_Death,0,0,0,0,0,0,0,0,0,0,0,0,0,0,0,0,1,0,0
75-79,women,Unspecified,AHS_AB_Death,0,0,0,0,0,0,0,0,0,0,0,0,0,0,0,0,0,1,0
75-79,women,Unspecified,AIS_AB_Death,0,0,0,0,0,0,0,0,0,0,0,0,0,0,0,0,0,0,1
65-69,women,Unspecified,CurrentDeath,0,0,0,0,0,0,0,0,0,0,0,0,0,1,0,0,0,0,0
65-69,women,Unspecified,AB_Death,0,0,0,0,0,0,0,0,0,0,0,0,0,0,1,0,0,0,0
65-69,women,Unspecified,AHS_Death,0,0,0,0,0,0,0,0,0,0,0,0,0,0,0,1,0,0,0
65-69,women,Unspecified,AIS_Death,0,0,0,0,0,0,0,0,0,0,0,0,0,0,0,0,1,0,0
65-69,women,Unspecified,AHS_AB_Death,0,0,0,0,0,0,0,0,0,0,0,0,0,0,0,0,0,1,0
65-69,women,Unspecified,AIS_AB_Death,0,0,0,0,0,0,0,0,0,0,0,0,0,0,0,0,0,0,1
80-84,women,Unspecified,CurrentDeath,0,0,0,0,0,0,0,0,0,0,0,0,0,1,0,0,0,0,0
80-84,women,Unspecified,AB_Death,0,0,0,0,0,0,0,0,0,0,0,0,0,0,1,0,0,0,0
80-84,women,Unspecified,AHS_Death,0,0,0,0,0,0,0,0,0,0,0,0,0,0,0,1,0,0,0
80-84,women,Unspecified,AIS_Death,0,0,0,0,0,0,0,0,0,0,0,0,0,0,0,0,1,0,0
80-84,women,Unspecified,AHS_AB_Death,0,0,0,0,0,0,0,0,0,0,0,0,0,0,0,0,0,1,0
80-84,women,Unspecified,AIS_AB_Death,0,0,0,0,0,0,0,0,0,0,0,0,0,0,0,0,0,0,1
85-89,women,Unspecified,CurrentDeath,0,0,0,0,0,0,0,0,0,0,0,0,0,1,0,0,0,0,0
85-89,women,Unspecified,AB_Death,0,0,0,0,0,0,0,0,0,0,0,0,0,0,1,0,0,0,0
85-89,women,Unspecified,AHS_Death,0,0,0,0,0,0,0,0,0,0,0,0,0,0,0,1,0,0,0
85-89,women,Unspecified,AIS_Death,0,0,0,0,0,0,0,0,0,0,0,0,0,0,0,0,1,0,0
85-89,women,Unspecified,AHS_AB_Death,0,0,0,0,0,0,0,0,0,0,0,0,0,0,0,0,0,1,0
85-89,women,Unspecified,AIS_AB_Death,0,0,0,0,0,0,0,0,0,0,0,0,0,0,0,0,0,0,1
90-94,women,Unspecified,CurrentDeath,0,0,0,0,0,0,0,0,0,0,0,0,0,1,0,0,0,0,0
90-94,women,Unspecified,AB_Death,0,0,0,0,0,0,0,0,0,0,0,0,0,0,1,0,0,0,0
90-94,women,Unspecified,AHS_Death,0,0,0,0,0,0,0,0,0,0,0,0,0,0,0,1,0,0,0
90-94,women,Unspecified,AIS_Death,0,0,0,0,0,0,0,0,0,0,0,0,0,0,0,0,1,0,0
90-94,women,Unspecified,AHS_AB_Death,0,0,0,0,0,0,0,0,0,0,0,0,0,0,0,0,0,1,0
90-94,women,Unspecified,AIS_AB_Death,0,0,0,0,0,0,0,0,0,0,0,0,0,0,0,0,0,0,1
95-99,women,Unspecified,CurrentDeath,0,0,0,0,0,0,0,0,0,0,0,0,0,1,0,0,0,0,0
95-99,women,Unspecified,AB_Death,0,0,0,0,0,0,0,0,0,0,0,0,0,0,1,0,0,0,0
95-99,women,Unspecified,AHS_Death,0,0,0,0,0,0,0,0,0,0,0,0,0,0,0,1,0,0,0
95-99,women,Unspecified,AIS_Death,0,0,0,0,0,0,0,0,0,0,0,0,0,0,0,0,1,0,0
95-99,women,Unspecified,AHS_AB_Death,0,0,0,0,0,0,0,0,0,0,0,0,0,0,0,0,0,1,0
95-99,women,Unspecified,AIS_AB_Death,0,0,0,0,0,0,0,0,0,0,0,0,0,0,0,0,0,0,1
100-104,women,Unspecified,CurrentDeath,0,0,0,0,0,0,0,0,0,0,0,0,0,1,0,0,0,0,0
100-104,women,Unspecified,AB_Death,0,0,0,0,0,0,0,0,0,0,0,0,0,0,1,0,0,0,0
100-104,women,Unspecified,AHS_Death,0,0,0,0,0,0,0,0,0,0,0,0,0,0,0,1,0,0,0
100-104,women,Unspecified,AIS_Death,0,0,0,0,0,0,0,0,0,0,0,0,0,0,0,0,1,0,0
100-104,women,Unspecified,AHS_AB_Death,0,0,0,0,0,0,0,0,0,0,0,0,0,0,0,0,0,1,0
100-104,women,Unspecified,AIS_AB_Death,0,0,0,0,0,0,0,0,0,0,0,0,0,0,0,0,0,0,1
105-109,women,Unspecified,CurrentDeath,0,0,0,0,0,0,0,0,0,0,0,0,0,1,0,0,0,0,0
105-109,women,Unspecified,AB_Death,0,0,0,0,0,0,0,0,0,0,0,0,0,0,1,0,0,0,0
105-109,women,Unspecified,AHS_Death,0,0,0,0,0,0,0,0,0,0,0,0,0,0,0,1,0,0,0
105-109,women,Unspecified,AIS_Death,0,0,0,0,0,0,0,0,0,0,0,0,0,0,0,0,1,0,0
105-109,women,Unspecified,AHS_AB_Death,0,0,0,0,0,0,0,0,0,0,0,0,0,0,0,0,0,1,0
105-109,women,Unspecified,AIS_AB_Death,0,0,0,0,0,0,0,0,0,0,0,0,0,0,0,0,0,0,1
70-74,men,Complex,CurrentDeath,0,0,0,0,0,0,0,0,0,0,0,0,0,1,0,0,0,0,0
70-74,men,Complex,AB_Death,0,0,0,0,0,0,0,0,0,0,0,0,0,0,1,0,0,0,0
70-74,men,Complex,AHS_Death,0,0,0,0,0,0,0,0,0,0,0,0,0,0,0,1,0,0,0
70-74,men,Complex,AIS_Death,0,0,0,0,0,0,0,0,0,0,0,0,0,0,0,0,1,0,0
70-74,men,Complex,AHS_AB_Death,0,0,0,0,0,0,0,0,0,0,0,0,0,0,0,0,0,1,0
70-74,men,Complex,AIS_AB_Death,0,0,0,0,0,0,0,0,0,0,0,0,0,0,0,0,0,0,1
75-79,men,Complex,CurrentDeath,0,0,0,0,0,0,0,0,0,0,0,0,0,1,0,0,0,0,0
75-79,men,Complex,AB_Death,0,0,0,0,0,0,0,0,0,0,0,0,0,0,1,0,0,0,0
75-79,men,Complex,AHS_Death,0,0,0,0,0,0,0,0,0,0,0,0,0,0,0,1,0,0,0
75-79,men,Complex,AIS_Death,0,0,0,0,0,0,0,0,0,0,0,0,0,0,0,0,1,0,0
75-79,men,Complex,AHS_AB_Death,0,0,0,0,0,0,0,0,0,0,0,0,0,0,0,0,0,1,0
75-79,men,Complex,AIS_AB_Death,0,0,0,0,0,0,0,0,0,0,0,0,0,0,0,0,0,0,1
65-69,men,Complex,CurrentDeath,0,0,0,0,0,0,0,0,0,0,0,0,0,1,0,0,0,0,0
65-69,men,Complex,AB_Death,0,0,0,0,0,0,0,0,0,0,0,0,0,0,1,0,0,0,0
65-69,men,Complex,AHS_Death,0,0,0,0,0,0,0,0,0,0,0,0,0,0,0,1,0,0,0
65-69,men,Complex,AIS_Death,0,0,0,0,0,0,0,0,0,0,0,0,0,0,0,0,1,0,0
65-69,men,Complex,AHS_AB_Death,0,0,0,0,0,0,0,0,0,0,0,0,0,0,0,0,0,1,0
65-69,men,Complex,AIS_AB_Death,0,0,0,0,0,0,0,0,0,0,0,0,0,0,0,0,0,0,1
80-84,men,Complex,CurrentDeath,0,0,0,0,0,0,0,0,0,0,0,0,0,1,0,0,0,0,0
80-84,men,Complex,AB_Death,0,0,0,0,0,0,0,0,0,0,0,0,0,0,1,0,0,0,0
80-84,men,Complex,AHS_Death,0,0,0,0,0,0,0,0,0,0,0,0,0,0,0,1,0,0,0
80-84,men,Complex,AIS_Death,0,0,0,0,0,0,0,0,0,0,0,0,0,0,0,0,1,0,0
80-84,men,Complex,AHS_AB_Death,0,0,0,0,0,0,0,0,0,0,0,0,0,0,0,0,0,1,0
80-84,men,Complex,AIS_AB_Death,0,0,0,0,0,0,0,0,0,0,0,0,0,0,0,0,0,0,1
85-89,men,Complex,CurrentDeath,0,0,0,0,0,0,0,0,0,0,0,0,0,1,0,0,0,0,0
85-89,men,Complex,AB_Death,0,0,0,0,0,0,0,0,0,0,0,0,0,0,1,0,0,0,0
85-89,men,Complex,AHS_Death,0,0,0,0,0,0,0,0,0,0,0,0,0,0,0,1,0,0,0
85-89,men,Complex,AIS_Death,0,0,0,0,0,0,0,0,0,0,0,0,0,0,0,0,1,0,0
85-89,men,Complex,AHS_AB_Death,0,0,0,0,0,0,0,0,0,0,0,0,0,0,0,0,0,1,0
85-89,men,Complex,AIS_AB_Death,0,0,0,0,0,0,0,0,0,0,0,0,0,0,0,0,0,0,1
90-94,men,Complex,CurrentDeath,0,0,0,0,0,0,0,0,0,0,0,0,0,1,0,0,0,0,0
90-94,men,Complex,AB_Death,0,0,0,0,0,0,0,0,0,0,0,0,0,0,1,0,0,0,0
90-94,men,Complex,AHS_Death,0,0,0,0,0,0,0,0,0,0,0,0,0,0,0,1,0,0,0
90-94,men,Complex,AIS_Death,0,0,0,0,0,0,0,0,0,0,0,0,0,0,0,0,1,0,0
90-94,men,Complex,AHS_AB_Death,0,0,0,0,0,0,0,0,0,0,0,0,0,0,0,0,0,1,0
90-94,men,Complex,AIS_AB_Death,0,0,0,0,0,0,0,0,0,0,0,0,0,0,0,0,0,0,1
95-99,men,Complex,CurrentDeath,0,0,0,0,0,0,0,0,0,0,0,0,0,1,0,0,0,0,0
95-99,men,Complex,AB_Death,0,0,0,0,0,0,0,0,0,0,0,0,0,0,1,0,0,0,0
95-99,men,Complex,AHS_Death,0,0,0,0,0,0,0,0,0,0,0,0,0,0,0,1,0,0,0
95-99,men,Complex,AIS_Death,0,0,0,0,0,0,0,0,0,0,0,0,0,0,0,0,1,0,0
95-99,men,Complex,AHS_AB_Death,0,0,0,0,0,0,0,0,0,0,0,0,0,0,0,0,0,1,0
95-99,men,Complex,AIS_AB_Death,0,0,0,0,0,0,0,0,0,0,0,0,0,0,0,0,0,0,1
100-104,men,Complex,CurrentDeath,0,0,0,0,0,0,0,0,0,0,0,0,0,1,0,0,0,0,0
100-104,men,Complex,AB_Death,0,0,0,0,0,0,0,0,0,0,0,0,0,0,1,0,0,0,0
100-104,men,Complex,AHS_Death,0,0,0,0,0,0,0,0,0,0,0,0,0,0,0,1,0,0,0
100-104,men,Complex,AIS_Death,0,0,0,0,0,0,0,0,0,0,0,0,0,0,0,0,1,0,0
100-104,men,Complex,AHS_AB_Death,0,0,0,0,0,0,0,0,0,0,0,0,0,0,0,0,0,1,0
100-104,men,Complex,AIS_AB_Death,0,0,0,0,0,0,0,0,0,0,0,0,0,0,0,0,0,0,1
105-109,men,Complex,CurrentDeath,0,0,0,0,0,0,0,0,0,0,0,0,0,1,0,0,0,0,0
105-109,men,Complex,AB_Death,0,0,0,0,0,0,0,0,0,0,0,0,0,0,1,0,0,0,0
105-109,men,Complex,AHS_Death,0,0,0,0,0,0,0,0,0,0,0,0,0,0,0,1,0,0,0
105-109,men,Complex,AIS_Death,0,0,0,0,0,0,0,0,0,0,0,0,0,0,0,0,1,0,0
105-109,men,Complex,AHS_AB_Death,0,0,0,0,0,0,0,0,0,0,0,0,0,0,0,0,0,1,0
105-109,men,Complex,AIS_AB_Death,0,0,0,0,0,0,0,0,0,0,0,0,0,0,0,0,0,0,1
70-74,women,Complex,CurrentDeath,0,0,0,0,0,0,0,0,0,0,0,0,0,1,0,0,0,0,0
70-74,women,Complex,AB_Death,0,0,0,0,0,0,0,0,0,0,0,0,0,0,1,0,0,0,0
70-74,women,Complex,AHS_Death,0,0,0,0,0,0,0,0,0,0,0,0,0,0,0,1,0,0,0
70-74,women,Complex,AIS_Death,0,0,0,0,0,0,0,0,0,0,0,0,0,0,0,0,1,0,0
70-74,women,Complex,AHS_AB_Death,0,0,0,0,0,0,0,0,0,0,0,0,0,0,0,0,0,1,0
70-74,women,Complex,AIS_AB_Death,0,0,0,0,0,0,0,0,0,0,0,0,0,0,0,0,0,0,1
75-79,women,Complex,CurrentDeath,0,0,0,0,0,0,0,0,0,0,0,0,0,1,0,0,0,0,0
75-79,women,Complex,AB_Death,0,0,0,0,0,0,0,0,0,0,0,0,0,0,1,0,0,0,0
75-79,women,Complex,AHS_Death,0,0,0,0,0,0,0,0,0,0,0,0,0,0,0,1,0,0,0
75-79,women,Complex,AIS_Death,0,0,0,0,0,0,0,0,0,0,0,0,0,0,0,0,1,0,0
75-79,women,Complex,AHS_AB_Death,0,0,0,0,0,0,0,0,0,0,0,0,0,0,0,0,0,1,0
75-79,women,Complex,AIS_AB_Death,0,0,0,0,0,0,0,0,0,0,0,0,0,0,0,0,0,0,1
65-69,women,Complex,CurrentDeath,0,0,0,0,0,0,0,0,0,0,0,0,0,1,0,0,0,0,0
65-69,women,Complex,AB_Death,0,0,0,0,0,0,0,0,0,0,0,0,0,0,1,0,0,0,0
65-69,women,Complex,AHS_Death,0,0,0,0,0,0,0,0,0,0,0,0,0,0,0,1,0,0,0
65-69,women,Complex,AIS_Death,0,0,0,0,0,0,0,0,0,0,0,0,0,0,0,0,1,0,0
65-69,women,Complex,AHS_AB_Death,0,0,0,0,0,0,0,0,0,0,0,0,0,0,0,0,0,1,0
65-69,women,Complex,AIS_AB_Death,0,0,0,0,0,0,0,0,0,0,0,0,0,0,0,0,0,0,1
80-84,women,Complex,CurrentDeath,0,0,0,0,0,0,0,0,0,0,0,0,0,1,0,0,0,0,0
80-84,women,Complex,AB_Death,0,0,0,0,0,0,0,0,0,0,0,0,0,0,1,0,0,0,0
80-84,women,Complex,AHS_Death,0,0,0,0,0,0,0,0,0,0,0,0,0,0,0,1,0,0,0
80-84,women,Complex,AIS_Death,0,0,0,0,0,0,0,0,0,0,0,0,0,0,0,0,1,0,0
80-84,women,Complex,AHS_AB_Death,0,0,0,0,0,0,0,0,0,0,0,0,0,0,0,0,0,1,0
80-84,women,Complex,AIS_AB_Death,0,0,0,0,0,0,0,0,0,0,0,0,0,0,0,0,0,0,1
85-89,women,Complex,CurrentDeath,0,0,0,0,0,0,0,0,0,0,0,0,0,1,0,0,0,0,0
85-89,women,Complex,AB_Death,0,0,0,0,0,0,0,0,0,0,0,0,0,0,1,0,0,0,0
85-89,women,Complex,AHS_Death,0,0,0,0,0,0,0,0,0,0,0,0,0,0,0,1,0,0,0
85-89,women,Complex,AIS_Death,0,0,0,0,0,0,0,0,0,0,0,0,0,0,0,0,1,0,0
85-89,women,Complex,AHS_AB_Death,0,0,0,0,0,0,0,0,0,0,0,0,0,0,0,0,0,1,0
85-89,women,Complex,AIS_AB_Death,0,0,0,0,0,0,0,0,0,0,0,0,0,0,0,0,0,0,1
90-94,women,Complex,CurrentDeath,0,0,0,0,0,0,0,0,0,0,0,0,0,1,0,0,0,0,0
90-94,women,Complex,AB_Death,0,0,0,0,0,0,0,0,0,0,0,0,0,0,1,0,0,0,0
90-94,women,Complex,AHS_Death,0,0,0,0,0,0,0,0,0,0,0,0,0,0,0,1,0,0,0
90-94,women,Complex,AIS_Death,0,0,0,0,0,0,0,0,0,0,0,0,0,0,0,0,1,0,0
90-94,women,Complex,AHS_AB_Death,0,0,0,0,0,0,0,0,0,0,0,0,0,0,0,0,0,1,0
90-94,women,Complex,AIS_AB_Death,0,0,0,0,0,0,0,0,0,0,0,0,0,0,0,0,0,0,1
95-99,women,Complex,CurrentDeath,0,0,0,0,0,0,0,0,0,0,0,0,0,1,0,0,0,0,0
95-99,women,Complex,AB_Death,0,0,0,0,0,0,0,0,0,0,0,0,0,0,1,0,0,0,0
95-99,women,Complex,AHS_Death,0,0,0,0,0,0,0,0,0,0,0,0,0,0,0,1,0,0,0
95-99,women,Complex,AIS_Death,0,0,0,0,0,0,0,0,0,0,0,0,0,0,0,0,1,0,0
95-99,women,Complex,AHS_AB_Death,0,0,0,0,0,0,0,0,0,0,0,0,0,0,0,0,0,1,0
95-99,women,Complex,AIS_AB_Death,0,0,0,0,0,0,0,0,0,0,0,0,0,0,0,0,0,0,1
100-104,women,Complex,CurrentDeath,0,0,0,0,0,0,0,0,0,0,0,0,0,1,0,0,0,0,0
100-104,women,Complex,AB_Death,0,0,0,0,0,0,0,0,0,0,0,0,0,0,1,0,0,0,0
100-104,women,Complex,AHS_Death,0,0,0,0,0,0,0,0,0,0,0,0,0,0,0,1,0,0,0
100-104,women,Complex,AIS_Death,0,0,0,0,0,0,0,0,0,0,0,0,0,0,0,0,1,0,0
100-104,women,Complex,AHS_AB_Death,0,0,0,0,0,0,0,0,0,0,0,0,0,0,0,0,0,1,0
100-104,women,Complex,AIS_AB_Death,0,0,0,0,0,0,0,0,0,0,0,0,0,0,0,0,0,0,1
105-109,women,Complex,CurrentDeath,0,0,0,0,0,0,0,0,0,0,0,0,0,1,0,0,0,0,0
105-109,women,Complex,AB_Death,0,0,0,0,0,0,0,0,0,0,0,0,0,0,1,0,0,0,0
105-109,women,Complex,AHS_Death,0,0,0,0,0,0,0,0,0,0,0,0,0,0,0,1,0,0,0
105-109,women,Complex,AIS_Death,0,0,0,0,0,0,0,0,0,0,0,0,0,0,0,0,1,0,0
105-109,women,Complex,AHS_AB_Death,0,0,0,0,0,0,0,0,0,0,0,0,0,0,0,0,0,1,0
105-109,women,Complex,AIS_AB_Death,0,0,0,0,0,0,0,0,0,0,0,0,0,0,0,0,0,0,1
70-74,men,Neuropsychiatric,CurrentDeath,0,0,0,0,0,0,0,0,0,0,0,0,0,1,0,0,0,0,0
70-74,men,Neuropsychiatric,AB_Death,0,0,0,0,0,0,0,0,0,0,0,0,0,0,1,0,0,0,0
70-74,men,Neuropsychiatric,AHS_Death,0,0,0,0,0,0,0,0,0,0,0,0,0,0,0,1,0,0,0
70-74,men,Neuropsychiatric,AIS_Death,0,0,0,0,0,0,0,0,0,0,0,0,0,0,0,0,1,0,0
70-74,men,Neuropsychiatric,AHS_AB_Death,0,0,0,0,0,0,0,0,0,0,0,0,0,0,0,0,0,1,0
70-74,men,Neuropsychiatric,AIS_AB_Death,0,0,0,0,0,0,0,0,0,0,0,0,0,0,0,0,0,0,1
75-79,men,Neuropsychiatric,CurrentDeath,0,0,0,0,0,0,0,0,0,0,0,0,0,1,0,0,0,0,0
75-79,men,Neuropsychiatric,AB_Death,0,0,0,0,0,0,0,0,0,0,0,0,0,0,1,0,0,0,0
75-79,men,Neuropsychiatric,AHS_Death,0,0,0,0,0,0,0,0,0,0,0,0,0,0,0,1,0,0,0
75-79,men,Neuropsychiatric,AIS_Death,0,0,0,0,0,0,0,0,0,0,0,0,0,0,0,0,1,0,0
75-79,men,Neuropsychiatric,AHS_AB_Death,0,0,0,0,0,0,0,0,0,0,0,0,0,0,0,0,0,1,0
75-79,men,Neuropsychiatric,AIS_AB_Death,0,0,0,0,0,0,0,0,0,0,0,0,0,0,0,0,0,0,1
65-69,men,Neuropsychiatric,CurrentDeath,0,0,0,0,0,0,0,0,0,0,0,0,0,1,0,0,0,0,0
65-69,men,Neuropsychiatric,AB_Death,0,0,0,0,0,0,0,0,0,0,0,0,0,0,1,0,0,0,0
65-69,men,Neuropsychiatric,AHS_Death,0,0,0,0,0,0,0,0,0,0,0,0,0,0,0,1,0,0,0
65-69,men,Neuropsychiatric,AIS_Death,0,0,0,0,0,0,0,0,0,0,0,0,0,0,0,0,1,0,0
65-69,men,Neuropsychiatric,AHS_AB_Death,0,0,0,0,0,0,0,0,0,0,0,0,0,0,0,0,0,1,0
65-69,men,Neuropsychiatric,AIS_AB_Death,0,0,0,0,0,0,0,0,0,0,0,0,0,0,0,0,0,0,1
80-84,men,Neuropsychiatric,CurrentDeath,0,0,0,0,0,0,0,0,0,0,0,0,0,1,0,0,0,0,0
80-84,men,Neuropsychiatric,AB_Death,0,0,0,0,0,0,0,0,0,0,0,0,0,0,1,0,0,0,0
80-84,men,Neuropsychiatric,AHS_Death,0,0,0,0,0,0,0,0,0,0,0,0,0,0,0,1,0,0,0
80-84,men,Neuropsychiatric,AIS_Death,0,0,0,0,0,0,0,0,0,0,0,0,0,0,0,0,1,0,0
80-84,men,Neuropsychiatric,AHS_AB_Death,0,0,0,0,0,0,0,0,0,0,0,0,0,0,0,0,0,1,0
80-84,men,Neuropsychiatric,AIS_AB_Death,0,0,0,0,0,0,0,0,0,0,0,0,0,0,0,0,0,0,1
85-89,men,Neuropsychiatric,CurrentDeath,0,0,0,0,0,0,0,0,0,0,0,0,0,1,0,0,0,0,0
85-89,men,Neuropsychiatric,AB_Death,0,0,0,0,0,0,0,0,0,0,0,0,0,0,1,0,0,0,0
85-89,men,Neuropsychiatric,AHS_Death,0,0,0,0,0,0,0,0,0,0,0,0,0,0,0,1,0,0,0
85-89,men,Neuropsychiatric,AIS_Death,0,0,0,0,0,0,0,0,0,0,0,0,0,0,0,0,1,0,0
85-89,men,Neuropsychiatric,AHS_AB_Death,0,0,0,0,0,0,0,0,0,0,0,0,0,0,0,0,0,1,0
85-89,men,Neuropsychiatric,AIS_AB_Death,0,0,0,0,0,0,0,0,0,0,0,0,0,0,0,0,0,0,1
90-94,men,Neuropsychiatric,CurrentDeath,0,0,0,0,0,0,0,0,0,0,0,0,0,1,0,0,0,0,0
90-94,men,Neuropsychiatric,AB_Death,0,0,0,0,0,0,0,0,0,0,0,0,0,0,1,0,0,0,0
90-94,men,Neuropsychiatric,AHS_Death,0,0,0,0,0,0,0,0,0,0,0,0,0,0,0,1,0,0,0
90-94,men,Neuropsychiatric,AIS_Death,0,0,0,0,0,0,0,0,0,0,0,0,0,0,0,0,1,0,0
90-94,men,Neuropsychiatric,AHS_AB_Death,0,0,0,0,0,0,0,0,0,0,0,0,0,0,0,0,0,1,0
90-94,men,Neuropsychiatric,AIS_AB_Death,0,0,0,0,0,0,0,0,0,0,0,0,0,0,0,0,0,0,1
95-99,men,Neuropsychiatric,CurrentDeath,0,0,0,0,0,0,0,0,0,0,0,0,0,1,0,0,0,0,0
95-99,men,Neuropsychiatric,AB_Death,0,0,0,0,0,0,0,0,0,0,0,0,0,0,1,0,0,0,0
95-99,men,Neuropsychiatric,AHS_Death,0,0,0,0,0,0,0,0,0,0,0,0,0,0,0,1,0,0,0
95-99,men,Neuropsychiatric,AIS_Death,0,0,0,0,0,0,0,0,0,0,0,0,0,0,0,0,1,0,0
95-99,men,Neuropsychiatric,AHS_AB_Death,0,0,0,0,0,0,0,0,0,0,0,0,0,0,0,0,0,1,0
95-99,men,Neuropsychiatric,AIS_AB_Death,0,0,0,0,0,0,0,0,0,0,0,0,0,0,0,0,0,0,1
100-104,men,Neuropsychiatric,CurrentDeath,0,0,0,0,0,0,0,0,0,0,0,0,0,1,0,0,0,0,0
100-104,men,Neuropsychiatric,AB_Death,0,0,0,0,0,0,0,0,0,0,0,0,0,0,1,0,0,0,0
100-104,men,Neuropsychiatric,AHS_Death,0,0,0,0,0,0,0,0,0,0,0,0,0,0,0,1,0,0,0
100-104,men,Neuropsychiatric,AIS_Death,0,0,0,0,0,0,0,0,0,0,0,0,0,0,0,0,1,0,0
100-104,men,Neuropsychiatric,AHS_AB_Death,0,0,0,0,0,0,0,0,0,0,0,0,0,0,0,0,0,1,0
100-104,men,Neuropsychiatric,AIS_AB_Death,0,0,0,0,0,0,0,0,0,0,0,0,0,0,0,0,0,0,1
105-109,men,Neuropsychiatric,CurrentDeath,0,0,0,0,0,0,0,0,0,0,0,0,0,1,0,0,0,0,0
105-109,men,Neuropsychiatric,AB_Death,0,0,0,0,0,0,0,0,0,0,0,0,0,0,1,0,0,0,0
105-109,men,Neuropsychiatric,AHS_Death,0,0,0,0,0,0,0,0,0,0,0,0,0,0,0,1,0,0,0
105-109,men,Neuropsychiatric,AIS_Death,0,0,0,0,0,0,0,0,0,0,0,0,0,0,0,0,1,0,0
105-109,men,Neuropsychiatric,AHS_AB_Death,0,0,0,0,0,0,0,0,0,0,0,0,0,0,0,0,0,1,0
105-109,men,Neuropsychiatric,AIS_AB_Death,0,0,0,0,0,0,0,0,0,0,0,0,0,0,0,0,0,0,1
70-74,women,Neuropsychiatric,CurrentDeath,0,0,0,0,0,0,0,0,0,0,0,0,0,1,0,0,0,0,0
70-74,women,Neuropsychiatric,AB_Death,0,0,0,0,0,0,0,0,0,0,0,0,0,0,1,0,0,0,0
70-74,women,Neuropsychiatric,AHS_Death,0,0,0,0,0,0,0,0,0,0,0,0,0,0,0,1,0,0,0
70-74,women,Neuropsychiatric,AIS_Death,0,0,0,0,0,0,0,0,0,0,0,0,0,0,0,0,1,0,0
70-74,women,Neuropsychiatric,AHS_AB_Death,0,0,0,0,0,0,0,0,0,0,0,0,0,0,0,0,0,1,0
70-74,women,Neuropsychiatric,AIS_AB_Death,0,0,0,0,0,0,0,0,0,0,0,0,0,0,0,0,0,0,1
75-79,women,Neuropsychiatric,CurrentDeath,0,0,0,0,0,0,0,0,0,0,0,0,0,1,0,0,0,0,0
75-79,women,Neuropsychiatric,AB_Death,0,0,0,0,0,0,0,0,0,0,0,0,0,0,1,0,0,0,0
75-79,women,Neuropsychiatric,AHS_Death,0,0,0,0,0,0,0,0,0,0,0,0,0,0,0,1,0,0,0
75-79,women,Neuropsychiatric,AIS_Death,0,0,0,0,0,0,0,0,0,0,0,0,0,0,0,0,1,0,0
75-79,women,Neuropsychiatric,AHS_AB_Death,0,0,0,0,0,0,0,0,0,0,0,0,0,0,0,0,0,1,0
75-79,women,Neuropsychiatric,AIS_AB_Death,0,0,0,0,0,0,0,0,0,0,0,0,0,0,0,0,0,0,1
65-69,women,Neuropsychiatric,CurrentDeath,0,0,0,0,0,0,0,0,0,0,0,0,0,1,0,0,0,0,0
65-69,women,Neuropsychiatric,AB_Death,0,0,0,0,0,0,0,0,0,0,0,0,0,0,1,0,0,0,0
65-69,women,Neuropsychiatric,AHS_Death,0,0,0,0,0,0,0,0,0,0,0,0,0,0,0,1,0,0,0
65-69,women,Neuropsychiatric,AIS_Death,0,0,0,0,0,0,0,0,0,0,0,0,0,0,0,0,1,0,0
65-69,women,Neuropsychiatric,AHS_AB_Death,0,0,0,0,0,0,0,0,0,0,0,0,0,0,0,0,0,1,0
65-69,women,Neuropsychiatric,AIS_AB_Death,0,0,0,0,0,0,0,0,0,0,0,0,0,0,0,0,0,0,1
80-84,women,Neuropsychiatric,CurrentDeath,0,0,0,0,0,0,0,0,0,0,0,0,0,1,0,0,0,0,0
80-84,women,Neuropsychiatric,AB_Death,0,0,0,0,0,0,0,0,0,0,0,0,0,0,1,0,0,0,0
80-84,women,Neuropsychiatric,AHS_Death,0,0,0,0,0,0,0,0,0,0,0,0,0,0,0,1,0,0,0
80-84,women,Neuropsychiatric,AIS_Death,0,0,0,0,0,0,0,0,0,0,0,0,0,0,0,0,1,0,0
80-84,women,Neuropsychiatric,AHS_AB_Death,0,0,0,0,0,0,0,0,0,0,0,0,0,0,0,0,0,1,0
80-84,women,Neuropsychiatric,AIS_AB_Death,0,0,0,0,0,0,0,0,0,0,0,0,0,0,0,0,0,0,1
85-89,women,Neuropsychiatric,CurrentDeath,0,0,0,0,0,0,0,0,0,0,0,0,0,1,0,0,0,0,0
85-89,women,Neuropsychiatric,AB_Death,0,0,0,0,0,0,0,0,0,0,0,0,0,0,1,0,0,0,0
85-89,women,Neuropsychiatric,AHS_Death,0,0,0,0,0,0,0,0,0,0,0,0,0,0,0,1,0,0,0
85-89,women,Neuropsychiatric,AIS_Death,0,0,0,0,0,0,0,0,0,0,0,0,0,0,0,0,1,0,0
85-89,women,Neuropsychiatric,AHS_AB_Death,0,0,0,0,0,0,0,0,0,0,0,0,0,0,0,0,0,1,0
85-89,women,Neuropsychiatric,AIS_AB_Death,0,0,0,0,0,0,0,0,0,0,0,0,0,0,0,0,0,0,1
90-94,women,Neuropsychiatric,CurrentDeath,0,0,0,0,0,0,0,0,0,0,0,0,0,1,0,0,0,0,0
90-94,women,Neuropsychiatric,AB_Death,0,0,0,0,0,0,0,0,0,0,0,0,0,0,1,0,0,0,0
90-94,women,Neuropsychiatric,AHS_Death,0,0,0,0,0,0,0,0,0,0,0,0,0,0,0,1,0,0,0
90-94,women,Neuropsychiatric,AIS_Death,0,0,0,0,0,0,0,0,0,0,0,0,0,0,0,0,1,0,0
90-94,women,Neuropsychiatric,AHS_AB_Death,0,0,0,0,0,0,0,0,0,0,0,0,0,0,0,0,0,1,0
90-94,women,Neuropsychiatric,AIS_AB_Death,0,0,0,0,0,0,0,0,0,0,0,0,0,0,0,0,0,0,1
95-99,women,Neuropsychiatric,CurrentDeath,0,0,0,0,0,0,0,0,0,0,0,0,0,1,0,0,0,0,0
95-99,women,Neuropsychiatric,AB_Death,0,0,0,0,0,0,0,0,0,0,0,0,0,0,1,0,0,0,0
95-99,women,Neuropsychiatric,AHS_Death,0,0,0,0,0,0,0,0,0,0,0,0,0,0,0,1,0,0,0
95-99,women,Neuropsychiatric,AIS_Death,0,0,0,0,0,0,0,0,0,0,0,0,0,0,0,0,1,0,0
95-99,women,Neuropsychiatric,AHS_AB_Death,0,0,0,0,0,0,0,0,0,0,0,0,0,0,0,0,0,1,0
95-99,women,Neuropsychiatric,AIS_AB_Death,0,0,0,0,0,0,0,0,0,0,0,0,0,0,0,0,0,0,1
100-104,women,Neuropsychiatric,CurrentDeath,0,0,0,0,0,0,0,0,0,0,0,0,0,1,0,0,0,0,0
100-104,women,Neuropsychiatric,AB_Death,0,0,0,0,0,0,0,0,0,0,0,0,0,0,1,0,0,0,0
100-104,women,Neuropsychiatric,AHS_Death,0,0,0,0,0,0,0,0,0,0,0,0,0,0,0,1,0,0,0
100-104,women,Neuropsychiatric,AIS_Death,0,0,0,0,0,0,0,0,0,0,0,0,0,0,0,0,1,0,0
100-104,women,Neuropsychiatric,AHS_AB_Death,0,0,0,0,0,0,0,0,0,0,0,0,0,0,0,0,0,1,0
100-104,women,Neuropsychiatric,AIS_AB_Death,0,0,0,0,0,0,0,0,0,0,0,0,0,0,0,0,0,0,1
105-109,women,Neuropsychiatric,CurrentDeath,0,0,0,0,0,0,0,0,0,0,0,0,0,1,0,0,0,0,0
105-109,women,Neuropsychiatric,AB_Death,0,0,0,0,0,0,0,0,0,0,0,0,0,0,1,0,0,0,0
105-109,women,Neuropsychiatric,AHS_Death,0,0,0,0,0,0,0,0,0,0,0,0,0,0,0,1,0,0,0
105-109,women,Neuropsychiatric,AIS_Death,0,0,0,0,0,0,0,0,0,0,0,0,0,0,0,0,1,0,0
105-109,women,Neuropsychiatric,AHS_AB_Death,0,0,0,0,0,0,0,0,0,0,0,0,0,0,0,0,0,1,0
105-109,women,Neuropsychiatric,AIS_AB_Death,0,0,0,0,0,0,0,0,0,0,0,0,0,0,0,0,0,0,1
70-74,men,Cardiovascular,CurrentDeath,0,0,0,0,0,0,0,0,0,0,0,0,0,1,0,0,0,0,0
70-74,men,Cardiovascular,AB_Death,0,0,0,0,0,0,0,0,0,0,0,0,0,0,1,0,0,0,0
70-74,men,Cardiovascular,AHS_Death,0,0,0,0,0,0,0,0,0,0,0,0,0,0,0,1,0,0,0
70-74,men,Cardiovascular,AIS_Death,0,0,0,0,0,0,0,0,0,0,0,0,0,0,0,0,1,0,0
70-74,men,Cardiovascular,AHS_AB_Death,0,0,0,0,0,0,0,0,0,0,0,0,0,0,0,0,0,1,0
70-74,men,Cardiovascular,AIS_AB_Death,0,0,0,0,0,0,0,0,0,0,0,0,0,0,0,0,0,0,1
75-79,men,Cardiovascular,CurrentDeath,0,0,0,0,0,0,0,0,0,0,0,0,0,1,0,0,0,0,0
75-79,men,Cardiovascular,AB_Death,0,0,0,0,0,0,0,0,0,0,0,0,0,0,1,0,0,0,0
75-79,men,Cardiovascular,AHS_Death,0,0,0,0,0,0,0,0,0,0,0,0,0,0,0,1,0,0,0
75-79,men,Cardiovascular,AIS_Death,0,0,0,0,0,0,0,0,0,0,0,0,0,0,0,0,1,0,0
75-79,men,Cardiovascular,AHS_AB_Death,0,0,0,0,0,0,0,0,0,0,0,0,0,0,0,0,0,1,0
75-79,men,Cardiovascular,AIS_AB_Death,0,0,0,0,0,0,0,0,0,0,0,0,0,0,0,0,0,0,1
65-69,men,Cardiovascular,CurrentDeath,0,0,0,0,0,0,0,0,0,0,0,0,0,1,0,0,0,0,0
65-69,men,Cardiovascular,AB_Death,0,0,0,0,0,0,0,0,0,0,0,0,0,0,1,0,0,0,0
65-69,men,Cardiovascular,AHS_Death,0,0,0,0,0,0,0,0,0,0,0,0,0,0,0,1,0,0,0
65-69,men,Cardiovascular,AIS_Death,0,0,0,0,0,0,0,0,0,0,0,0,0,0,0,0,1,0,0
65-69,men,Cardiovascular,AHS_AB_Death,0,0,0,0,0,0,0,0,0,0,0,0,0,0,0,0,0,1,0
65-69,men,Cardiovascular,AIS_AB_Death,0,0,0,0,0,0,0,0,0,0,0,0,0,0,0,0,0,0,1
80-84,men,Cardiovascular,CurrentDeath,0,0,0,0,0,0,0,0,0,0,0,0,0,1,0,0,0,0,0
80-84,men,Cardiovascular,AB_Death,0,0,0,0,0,0,0,0,0,0,0,0,0,0,1,0,0,0,0
80-84,men,Cardiovascular,AHS_Death,0,0,0,0,0,0,0,0,0,0,0,0,0,0,0,1,0,0,0
80-84,men,Cardiovascular,AIS_Death,0,0,0,0,0,0,0,0,0,0,0,0,0,0,0,0,1,0,0
80-84,men,Cardiovascular,AHS_AB_Death,0,0,0,0,0,0,0,0,0,0,0,0,0,0,0,0,0,1,0
80-84,men,Cardiovascular,AIS_AB_Death,0,0,0,0,0,0,0,0,0,0,0,0,0,0,0,0,0,0,1
85-89,men,Cardiovascular,CurrentDeath,0,0,0,0,0,0,0,0,0,0,0,0,0,1,0,0,0,0,0
85-89,men,Cardiovascular,AB_Death,0,0,0,0,0,0,0,0,0,0,0,0,0,0,1,0,0,0,0
85-89,men,Cardiovascular,AHS_Death,0,0,0,0,0,0,0,0,0,0,0,0,0,0,0,1,0,0,0
85-89,men,Cardiovascular,AIS_Death,0,0,0,0,0,0,0,0,0,0,0,0,0,0,0,0,1,0,0
85-89,men,Cardiovascular,AHS_AB_Death,0,0,0,0,0,0,0,0,0,0,0,0,0,0,0,0,0,1,0
85-89,men,Cardiovascular,AIS_AB_Death,0,0,0,0,0,0,0,0,0,0,0,0,0,0,0,0,0,0,1
90-94,men,Cardiovascular,CurrentDeath,0,0,0,0,0,0,0,0,0,0,0,0,0,1,0,0,0,0,0
90-94,men,Cardiovascular,AB_Death,0,0,0,0,0,0,0,0,0,0,0,0,0,0,1,0,0,0,0
90-94,men,Cardiovascular,AHS_Death,0,0,0,0,0,0,0,0,0,0,0,0,0,0,0,1,0,0,0
90-94,men,Cardiovascular,AIS_Death,0,0,0,0,0,0,0,0,0,0,0,0,0,0,0,0,1,0,0
90-94,men,Cardiovascular,AHS_AB_Death,0,0,0,0,0,0,0,0,0,0,0,0,0,0,0,0,0,1,0
90-94,men,Cardiovascular,AIS_AB_Death,0,0,0,0,0,0,0,0,0,0,0,0,0,0,0,0,0,0,1
95-99,men,Cardiovascular,CurrentDeath,0,0,0,0,0,0,0,0,0,0,0,0,0,1,0,0,0,0,0
95-99,men,Cardiovascular,AB_Death,0,0,0,0,0,0,0,0,0,0,0,0,0,0,1,0,0,0,0
95-99,men,Cardiovascular,AHS_Death,0,0,0,0,0,0,0,0,0,0,0,0,0,0,0,1,0,0,0
95-99,men,Cardiovascular,AIS_Death,0,0,0,0,0,0,0,0,0,0,0,0,0,0,0,0,1,0,0
95-99,men,Cardiovascular,AHS_AB_Death,0,0,0,0,0,0,0,0,0,0,0,0,0,0,0,0,0,1,0
95-99,men,Cardiovascular,AIS_AB_Death,0,0,0,0,0,0,0,0,0,0,0,0,0,0,0,0,0,0,1
100-104,men,Cardiovascular,CurrentDeath,0,0,0,0,0,0,0,0,0,0,0,0,0,1,0,0,0,0,0
100-104,men,Cardiovascular,AB_Death,0,0,0,0,0,0,0,0,0,0,0,0,0,0,1,0,0,0,0
100-104,men,Cardiovascular,AHS_Death,0,0,0,0,0,0,0,0,0,0,0,0,0,0,0,1,0,0,0
100-104,men,Cardiovascular,AIS_Death,0,0,0,0,0,0,0,0,0,0,0,0,0,0,0,0,1,0,0
100-104,men,Cardiovascular,AHS_AB_Death,0,0,0,0,0,0,0,0,0,0,0,0,0,0,0,0,0,1,0
100-104,men,Cardiovascular,AIS_AB_Death,0,0,0,0,0,0,0,0,0,0,0,0,0,0,0,0,0,0,1
105-109,men,Cardiovascular,CurrentDeath,0,0,0,0,0,0,0,0,0,0,0,0,0,1,0,0,0,0,0
105-109,men,Cardiovascular,AB_Death,0,0,0,0,0,0,0,0,0,0,0,0,0,0,1,0,0,0,0
105-109,men,Cardiovascular,AHS_Death,0,0,0,0,0,0,0,0,0,0,0,0,0,0,0,1,0,0,0
105-109,men,Cardiovascular,AIS_Death,0,0,0,0,0,0,0,0,0,0,0,0,0,0,0,0,1,0,0
105-109,men,Cardiovascular,AHS_AB_Death,0,0,0,0,0,0,0,0,0,0,0,0,0,0,0,0,0,1,0
105-109,men,Cardiovascular,AIS_AB_Death,0,0,0,0,0,0,0,0,0,0,0,0,0,0,0,0,0,0,1
70-74,women,Cardiovascular,CurrentDeath,0,0,0,0,0,0,0,0,0,0,0,0,0,1,0,0,0,0,0
70-74,women,Cardiovascular,AB_Death,0,0,0,0,0,0,0,0,0,0,0,0,0,0,1,0,0,0,0
70-74,women,Cardiovascular,AHS_Death,0,0,0,0,0,0,0,0,0,0,0,0,0,0,0,1,0,0,0
70-74,women,Cardiovascular,AIS_Death,0,0,0,0,0,0,0,0,0,0,0,0,0,0,0,0,1,0,0
70-74,women,Cardiovascular,AHS_AB_Death,0,0,0,0,0,0,0,0,0,0,0,0,0,0,0,0,0,1,0
70-74,women,Cardiovascular,AIS_AB_Death,0,0,0,0,0,0,0,0,0,0,0,0,0,0,0,0,0,0,1
75-79,women,Cardiovascular,CurrentDeath,0,0,0,0,0,0,0,0,0,0,0,0,0,1,0,0,0,0,0
75-79,women,Cardiovascular,AB_Death,0,0,0,0,0,0,0,0,0,0,0,0,0,0,1,0,0,0,0
75-79,women,Cardiovascular,AHS_Death,0,0,0,0,0,0,0,0,0,0,0,0,0,0,0,1,0,0,0
75-79,women,Cardiovascular,AIS_Death,0,0,0,0,0,0,0,0,0,0,0,0,0,0,0,0,1,0,0
75-79,women,Cardiovascular,AHS_AB_Death,0,0,0,0,0,0,0,0,0,0,0,0,0,0,0,0,0,1,0
75-79,women,Cardiovascular,AIS_AB_Death,0,0,0,0,0,0,0,0,0,0,0,0,0,0,0,0,0,0,1
65-69,women,Cardiovascular,CurrentDeath,0,0,0,0,0,0,0,0,0,0,0,0,0,1,0,0,0,0,0
65-69,women,Cardiovascular,AB_Death,0,0,0,0,0,0,0,0,0,0,0,0,0,0,1,0,0,0,0
65-69,women,Cardiovascular,AHS_Death,0,0,0,0,0,0,0,0,0,0,0,0,0,0,0,1,0,0,0
65-69,women,Cardiovascular,AIS_Death,0,0,0,0,0,0,0,0,0,0,0,0,0,0,0,0,1,0,0
65-69,women,Cardiovascular,AHS_AB_Death,0,0,0,0,0,0,0,0,0,0,0,0,0,0,0,0,0,1,0
65-69,women,Cardiovascular,AIS_AB_Death,0,0,0,0,0,0,0,0,0,0,0,0,0,0,0,0,0,0,1
80-84,women,Cardiovascular,CurrentDeath,0,0,0,0,0,0,0,0,0,0,0,0,0,1,0,0,0,0,0
80-84,women,Cardiovascular,AB_Death,0,0,0,0,0,0,0,0,0,0,0,0,0,0,1,0,0,0,0
80-84,women,Cardiovascular,AHS_Death,0,0,0,0,0,0,0,0,0,0,0,0,0,0,0,1,0,0,0
80-84,women,Cardiovascular,AIS_Death,0,0,0,0,0,0,0,0,0,0,0,0,0,0,0,0,1,0,0
80-84,women,Cardiovascular,AHS_AB_Death,0,0,0,0,0,0,0,0,0,0,0,0,0,0,0,0,0,1,0
80-84,women,Cardiovascular,AIS_AB_Death,0,0,0,0,0,0,0,0,0,0,0,0,0,0,0,0,0,0,1
85-89,women,Cardiovascular,CurrentDeath,0,0,0,0,0,0,0,0,0,0,0,0,0,1,0,0,0,0,0
85-89,women,Cardiovascular,AB_Death,0,0,0,0,0,0,0,0,0,0,0,0,0,0,1,0,0,0,0
85-89,women,Cardiovascular,AHS_Death,0,0,0,0,0,0,0,0,0,0,0,0,0,0,0,1,0,0,0
85-89,women,Cardiovascular,AIS_Death,0,0,0,0,0,0,0,0,0,0,0,0,0,0,0,0,1,0,0
85-89,women,Cardiovascular,AHS_AB_Death,0,0,0,0,0,0,0,0,0,0,0,0,0,0,0,0,0,1,0
85-89,women,Cardiovascular,AIS_AB_Death,0,0,0,0,0,0,0,0,0,0,0,0,0,0,0,0,0,0,1
90-94,women,Cardiovascular,CurrentDeath,0,0,0,0,0,0,0,0,0,0,0,0,0,1,0,0,0,0,0
90-94,women,Cardiovascular,AB_Death,0,0,0,0,0,0,0,0,0,0,0,0,0,0,1,0,0,0,0
90-94,women,Cardiovascular,AHS_Death,0,0,0,0,0,0,0,0,0,0,0,0,0,0,0,1,0,0,0
90-94,women,Cardiovascular,AIS_Death,0,0,0,0,0,0,0,0,0,0,0,0,0,0,0,0,1,0,0
90-94,women,Cardiovascular,AHS_AB_Death,0,0,0,0,0,0,0,0,0,0,0,0,0,0,0,0,0,1,0
90-94,women,Cardiovascular,AIS_AB_Death,0,0,0,0,0,0,0,0,0,0,0,0,0,0,0,0,0,0,1
95-99,women,Cardiovascular,CurrentDeath,0,0,0,0,0,0,0,0,0,0,0,0,0,1,0,0,0,0,0
95-99,women,Cardiovascular,AB_Death,0,0,0,0,0,0,0,0,0,0,0,0,0,0,1,0,0,0,0
95-99,women,Cardiovascular,AHS_Death,0,0,0,0,0,0,0,0,0,0,0,0,0,0,0,1,0,0,0
95-99,women,Cardiovascular,AIS_Death,0,0,0,0,0,0,0,0,0,0,0,0,0,0,0,0,1,0,0
95-99,women,Cardiovascular,AHS_AB_Death,0,0,0,0,0,0,0,0,0,0,0,0,0,0,0,0,0,1,0
95-99,women,Cardiovascular,AIS_AB_Death,0,0,0,0,0,0,0,0,0,0,0,0,0,0,0,0,0,0,1
100-104,women,Cardiovascular,CurrentDeath,0,0,0,0,0,0,0,0,0,0,0,0,0,1,0,0,0,0,0
100-104,women,Cardiovascular,AB_Death,0,0,0,0,0,0,0,0,0,0,0,0,0,0,1,0,0,0,0
100-104,women,Cardiovascular,AHS_Death,0,0,0,0,0,0,0,0,0,0,0,0,0,0,0,1,0,0,0
100-104,women,Cardiovascular,AIS_Death,0,0,0,0,0,0,0,0,0,0,0,0,0,0,0,0,1,0,0
100-104,women,Cardiovascular,AHS_AB_Death,0,0,0,0,0,0,0,0,0,0,0,0,0,0,0,0,0,1,0
100-104,women,Cardiovascular,AIS_AB_Death,0,0,0,0,0,0,0,0,0,0,0,0,0,0,0,0,0,0,1
105-109,women,Cardiovascular,CurrentDeath,0,0,0,0,0,0,0,0,0,0,0,0,0,1,0,0,0,0,0
105-109,women,Cardiovascular,AB_Death,0,0,0,0,0,0,0,0,0,0,0,0,0,0,1,0,0,0,0
105-109,women,Cardiovascular,AHS_Death,0,0,0,0,0,0,0,0,0,0,0,0,0,0,0,1,0,0,0
105-109,women,Cardiovascular,AIS_Death,0,0,0,0,0,0,0,0,0,0,0,0,0,0,0,0,1,0,0
105-109,women,Cardiovascular,AHS_AB_Death,0,0,0,0,0,0,0,0,0,0,0,0,0,0,0,0,0,1,0
105-109,women,Cardiovascular,AIS_AB_Death,0,0,0,0,0,0,0,0,0,0,0,0,0,0,0,0,0,0,1
70-74,men,Eye,CurrentDeath,0,0,0,0,0,0,0,0,0,0,0,0,0,1,0,0,0,0,0
70-74,men,Eye,AB_Death,0,0,0,0,0,0,0,0,0,0,0,0,0,0,1,0,0,0,0
70-74,men,Eye,AHS_Death,0,0,0,0,0,0,0,0,0,0,0,0,0,0,0,1,0,0,0
70-74,men,Eye,AIS_Death,0,0,0,0,0,0,0,0,0,0,0,0,0,0,0,0,1,0,0
70-74,men,Eye,AHS_AB_Death,0,0,0,0,0,0,0,0,0,0,0,0,0,0,0,0,0,1,0
70-74,men,Eye,AIS_AB_Death,0,0,0,0,0,0,0,0,0,0,0,0,0,0,0,0,0,0,1
75-79,men,Eye,CurrentDeath,0,0,0,0,0,0,0,0,0,0,0,0,0,1,0,0,0,0,0
75-79,men,Eye,AB_Death,0,0,0,0,0,0,0,0,0,0,0,0,0,0,1,0,0,0,0
75-79,men,Eye,AHS_Death,0,0,0,0,0,0,0,0,0,0,0,0,0,0,0,1,0,0,0
75-79,men,Eye,AIS_Death,0,0,0,0,0,0,0,0,0,0,0,0,0,0,0,0,1,0,0
75-79,men,Eye,AHS_AB_Death,0,0,0,0,0,0,0,0,0,0,0,0,0,0,0,0,0,1,0
75-79,men,Eye,AIS_AB_Death,0,0,0,0,0,0,0,0,0,0,0,0,0,0,0,0,0,0,1
65-69,men,Eye,CurrentDeath,0,0,0,0,0,0,0,0,0,0,0,0,0,1,0,0,0,0,0
65-69,men,Eye,AB_Death,0,0,0,0,0,0,0,0,0,0,0,0,0,0,1,0,0,0,0
65-69,men,Eye,AHS_Death,0,0,0,0,0,0,0,0,0,0,0,0,0,0,0,1,0,0,0
65-69,men,Eye,AIS_Death,0,0,0,0,0,0,0,0,0,0,0,0,0,0,0,0,1,0,0
65-69,men,Eye,AHS_AB_Death,0,0,0,0,0,0,0,0,0,0,0,0,0,0,0,0,0,1,0
65-69,men,Eye,AIS_AB_Death,0,0,0,0,0,0,0,0,0,0,0,0,0,0,0,0,0,0,1
80-84,men,Eye,CurrentDeath,0,0,0,0,0,0,0,0,0,0,0,0,0,1,0,0,0,0,0
80-84,men,Eye,AB_Death,0,0,0,0,0,0,0,0,0,0,0,0,0,0,1,0,0,0,0
80-84,men,Eye,AHS_Death,0,0,0,0,0,0,0,0,0,0,0,0,0,0,0,1,0,0,0
80-84,men,Eye,AIS_Death,0,0,0,0,0,0,0,0,0,0,0,0,0,0,0,0,1,0,0
80-84,men,Eye,AHS_AB_Death,0,0,0,0,0,0,0,0,0,0,0,0,0,0,0,0,0,1,0
80-84,men,Eye,AIS_AB_Death,0,0,0,0,0,0,0,0,0,0,0,0,0,0,0,0,0,0,1
85-89,men,Eye,CurrentDeath,0,0,0,0,0,0,0,0,0,0,0,0,0,1,0,0,0,0,0
85-89,men,Eye,AB_Death,0,0,0,0,0,0,0,0,0,0,0,0,0,0,1,0,0,0,0
85-89,men,Eye,AHS_Death,0,0,0,0,0,0,0,0,0,0,0,0,0,0,0,1,0,0,0
85-89,men,Eye,AIS_Death,0,0,0,0,0,0,0,0,0,0,0,0,0,0,0,0,1,0,0
85-89,men,Eye,AHS_AB_Death,0,0,0,0,0,0,0,0,0,0,0,0,0,0,0,0,0,1,0
85-89,men,Eye,AIS_AB_Death,0,0,0,0,0,0,0,0,0,0,0,0,0,0,0,0,0,0,1
90-94,men,Eye,CurrentDeath,0,0,0,0,0,0,0,0,0,0,0,0,0,1,0,0,0,0,0
90-94,men,Eye,AB_Death,0,0,0,0,0,0,0,0,0,0,0,0,0,0,1,0,0,0,0
90-94,men,Eye,AHS_Death,0,0,0,0,0,0,0,0,0,0,0,0,0,0,0,1,0,0,0
90-94,men,Eye,AIS_Death,0,0,0,0,0,0,0,0,0,0,0,0,0,0,0,0,1,0,0
90-94,men,Eye,AHS_AB_Death,0,0,0,0,0,0,0,0,0,0,0,0,0,0,0,0,0,1,0
90-94,men,Eye,AIS_AB_Death,0,0,0,0,0,0,0,0,0,0,0,0,0,0,0,0,0,0,1
95-99,men,Eye,CurrentDeath,0,0,0,0,0,0,0,0,0,0,0,0,0,1,0,0,0,0,0
95-99,men,Eye,AB_Death,0,0,0,0,0,0,0,0,0,0,0,0,0,0,1,0,0,0,0
95-99,men,Eye,AHS_Death,0,0,0,0,0,0,0,0,0,0,0,0,0,0,0,1,0,0,0
95-99,men,Eye,AIS_Death,0,0,0,0,0,0,0,0,0,0,0,0,0,0,0,0,1,0,0
95-99,men,Eye,AHS_AB_Death,0,0,0,0,0,0,0,0,0,0,0,0,0,0,0,0,0,1,0
95-99,men,Eye,AIS_AB_Death,0,0,0,0,0,0,0,0,0,0,0,0,0,0,0,0,0,0,1
100-104,men,Eye,CurrentDeath,0,0,0,0,0,0,0,0,0,0,0,0,0,1,0,0,0,0,0
100-104,men,Eye,AB_Death,0,0,0,0,0,0,0,0,0,0,0,0,0,0,1,0,0,0,0
100-104,men,Eye,AHS_Death,0,0,0,0,0,0,0,0,0,0,0,0,0,0,0,1,0,0,0
100-104,men,Eye,AIS_Death,0,0,0,0,0,0,0,0,0,0,0,0,0,0,0,0,1,0,0
100-104,men,Eye,AHS_AB_Death,0,0,0,0,0,0,0,0,0,0,0,0,0,0,0,0,0,1,0
100-104,men,Eye,AIS_AB_Death,0,0,0,0,0,0,0,0,0,0,0,0,0,0,0,0,0,0,1
105-109,men,Eye,CurrentDeath,0,0,0,0,0,0,0,0,0,0,0,0,0,1,0,0,0,0,0
105-109,men,Eye,AB_Death,0,0,0,0,0,0,0,0,0,0,0,0,0,0,1,0,0,0,0
105-109,men,Eye,AHS_Death,0,0,0,0,0,0,0,0,0,0,0,0,0,0,0,1,0,0,0
105-109,men,Eye,AIS_Death,0,0,0,0,0,0,0,0,0,0,0,0,0,0,0,0,1,0,0
105-109,men,Eye,AHS_AB_Death,0,0,0,0,0,0,0,0,0,0,0,0,0,0,0,0,0,1,0
105-109,men,Eye,AIS_AB_Death,0,0,0,0,0,0,0,0,0,0,0,0,0,0,0,0,0,0,1
70-74,women,Eye,CurrentDeath,0,0,0,0,0,0,0,0,0,0,0,0,0,1,0,0,0,0,0
70-74,women,Eye,AB_Death,0,0,0,0,0,0,0,0,0,0,0,0,0,0,1,0,0,0,0
70-74,women,Eye,AHS_Death,0,0,0,0,0,0,0,0,0,0,0,0,0,0,0,1,0,0,0
70-74,women,Eye,AIS_Death,0,0,0,0,0,0,0,0,0,0,0,0,0,0,0,0,1,0,0
70-74,women,Eye,AHS_AB_Death,0,0,0,0,0,0,0,0,0,0,0,0,0,0,0,0,0,1,0
70-74,women,Eye,AIS_AB_Death,0,0,0,0,0,0,0,0,0,0,0,0,0,0,0,0,0,0,1
75-79,women,Eye,CurrentDeath,0,0,0,0,0,0,0,0,0,0,0,0,0,1,0,0,0,0,0
75-79,women,Eye,AB_Death,0,0,0,0,0,0,0,0,0,0,0,0,0,0,1,0,0,0,0
75-79,women,Eye,AHS_Death,0,0,0,0,0,0,0,0,0,0,0,0,0,0,0,1,0,0,0
75-79,women,Eye,AIS_Death,0,0,0,0,0,0,0,0,0,0,0,0,0,0,0,0,1,0,0
75-79,women,Eye,AHS_AB_Death,0,0,0,0,0,0,0,0,0,0,0,0,0,0,0,0,0,1,0
75-79,women,Eye,AIS_AB_Death,0,0,0,0,0,0,0,0,0,0,0,0,0,0,0,0,0,0,1
65-69,women,Eye,CurrentDeath,0,0,0,0,0,0,0,0,0,0,0,0,0,1,0,0,0,0,0
65-69,women,Eye,AB_Death,0,0,0,0,0,0,0,0,0,0,0,0,0,0,1,0,0,0,0
65-69,women,Eye,AHS_Death,0,0,0,0,0,0,0,0,0,0,0,0,0,0,0,1,0,0,0
65-69,women,Eye,AIS_Death,0,0,0,0,0,0,0,0,0,0,0,0,0,0,0,0,1,0,0
65-69,women,Eye,AHS_AB_Death,0,0,0,0,0,0,0,0,0,0,0,0,0,0,0,0,0,1,0
65-69,women,Eye,AIS_AB_Death,0,0,0,0,0,0,0,0,0,0,0,0,0,0,0,0,0,0,1
80-84,women,Eye,CurrentDeath,0,0,0,0,0,0,0,0,0,0,0,0,0,1,0,0,0,0,0
80-84,women,Eye,AB_Death,0,0,0,0,0,0,0,0,0,0,0,0,0,0,1,0,0,0,0
80-84,women,Eye,AHS_Death,0,0,0,0,0,0,0,0,0,0,0,0,0,0,0,1,0,0,0
80-84,women,Eye,AIS_Death,0,0,0,0,0,0,0,0,0,0,0,0,0,0,0,0,1,0,0
80-84,women,Eye,AHS_AB_Death,0,0,0,0,0,0,0,0,0,0,0,0,0,0,0,0,0,1,0
80-84,women,Eye,AIS_AB_Death,0,0,0,0,0,0,0,0,0,0,0,0,0,0,0,0,0,0,1
85-89,women,Eye,CurrentDeath,0,0,0,0,0,0,0,0,0,0,0,0,0,1,0,0,0,0,0
85-89,women,Eye,AB_Death,0,0,0,0,0,0,0,0,0,0,0,0,0,0,1,0,0,0,0
85-89,women,Eye,AHS_Death,0,0,0,0,0,0,0,0,0,0,0,0,0,0,0,1,0,0,0
85-89,women,Eye,AIS_Death,0,0,0,0,0,0,0,0,0,0,0,0,0,0,0,0,1,0,0
85-89,women,Eye,AHS_AB_Death,0,0,0,0,0,0,0,0,0,0,0,0,0,0,0,0,0,1,0
85-89,women,Eye,AIS_AB_Death,0,0,0,0,0,0,0,0,0,0,0,0,0,0,0,0,0,0,1
90-94,women,Eye,CurrentDeath,0,0,0,0,0,0,0,0,0,0,0,0,0,1,0,0,0,0,0
90-94,women,Eye,AB_Death,0,0,0,0,0,0,0,0,0,0,0,0,0,0,1,0,0,0,0
90-94,women,Eye,AHS_Death,0,0,0,0,0,0,0,0,0,0,0,0,0,0,0,1,0,0,0
90-94,women,Eye,AIS_Death,0,0,0,0,0,0,0,0,0,0,0,0,0,0,0,0,1,0,0
90-94,women,Eye,AHS_AB_Death,0,0,0,0,0,0,0,0,0,0,0,0,0,0,0,0,0,1,0
90-94,women,Eye,AIS_AB_Death,0,0,0,0,0,0,0,0,0,0,0,0,0,0,0,0,0,0,1
95-99,women,Eye,CurrentDeath,0,0,0,0,0,0,0,0,0,0,0,0,0,1,0,0,0,0,0
95-99,women,Eye,AB_Death,0,0,0,0,0,0,0,0,0,0,0,0,0,0,1,0,0,0,0
95-99,women,Eye,AHS_Death,0,0,0,0,0,0,0,0,0,0,0,0,0,0,0,1,0,0,0
95-99,women,Eye,AIS_Death,0,0,0,0,0,0,0,0,0,0,0,0,0,0,0,0,1,0,0
95-99,women,Eye,AHS_AB_Death,0,0,0,0,0,0,0,0,0,0,0,0,0,0,0,0,0,1,0
95-99,women,Eye,AIS_AB_Death,0,0,0,0,0,0,0,0,0,0,0,0,0,0,0,0,0,0,1
100-104,women,Eye,CurrentDeath,0,0,0,0,0,0,0,0,0,0,0,0,0,1,0,0,0,0,0
100-104,women,Eye,AB_Death,0,0,0,0,0,0,0,0,0,0,0,0,0,0,1,0,0,0,0
100-104,women,Eye,AHS_Death,0,0,0,0,0,0,0,0,0,0,0,0,0,0,0,1,0,0,0
100-104,women,Eye,AIS_Death,0,0,0,0,0,0,0,0,0,0,0,0,0,0,0,0,1,0,0
100-104,women,Eye,AHS_AB_Death,0,0,0,0,0,0,0,0,0,0,0,0,0,0,0,0,0,1,0
100-104,women,Eye,AIS_AB_Death,0,0,0,0,0,0,0,0,0,0,0,0,0,0,0,0,0,0,1
105-109,women,Eye,CurrentDeath,0,0,0,0,0,0,0,0,0,0,0,0,0,1,0,0,0,0,0
105-109,women,Eye,AB_Death,0,0,0,0,0,0,0,0,0,0,0,0,0,0,1,0,0,0,0
105-109,women,Eye,AHS_Death,0,0,0,0,0,0,0,0,0,0,0,0,0,0,0,1,0,0,0
105-109,women,Eye,AIS_Death,0,0,0,0,0,0,0,0,0,0,0,0,0,0,0,0,1,0,0
105-109,women,Eye,AHS_AB_Death,0,0,0,0,0,0,0,0,0,0,0,0,0,0,0,0,0,1,0
105-109,women,Eye,AIS_AB_Death,0,0,0,0,0,0,0,0,0,0,0,0,0,0,0,0,0,0,1
70-74,men,MSK,CurrentDeath,0,0,0,0,0,0,0,0,0,0,0,0,0,1,0,0,0,0,0
70-74,men,MSK,AB_Death,0,0,0,0,0,0,0,0,0,0,0,0,0,0,1,0,0,0,0
70-74,men,MSK,AHS_Death,0,0,0,0,0,0,0,0,0,0,0,0,0,0,0,1,0,0,0
70-74,men,MSK,AIS_Death,0,0,0,0,0,0,0,0,0,0,0,0,0,0,0,0,1,0,0
70-74,men,MSK,AHS_AB_Death,0,0,0,0,0,0,0,0,0,0,0,0,0,0,0,0,0,1,0
70-74,men,MSK,AIS_AB_Death,0,0,0,0,0,0,0,0,0,0,0,0,0,0,0,0,0,0,1
75-79,men,MSK,CurrentDeath,0,0,0,0,0,0,0,0,0,0,0,0,0,1,0,0,0,0,0
75-79,men,MSK,AB_Death,0,0,0,0,0,0,0,0,0,0,0,0,0,0,1,0,0,0,0
75-79,men,MSK,AHS_Death,0,0,0,0,0,0,0,0,0,0,0,0,0,0,0,1,0,0,0
75-79,men,MSK,AIS_Death,0,0,0,0,0,0,0,0,0,0,0,0,0,0,0,0,1,0,0
75-79,men,MSK,AHS_AB_Death,0,0,0,0,0,0,0,0,0,0,0,0,0,0,0,0,0,1,0
75-79,men,MSK,AIS_AB_Death,0,0,0,0,0,0,0,0,0,0,0,0,0,0,0,0,0,0,1
65-69,men,MSK,CurrentDeath,0,0,0,0,0,0,0,0,0,0,0,0,0,1,0,0,0,0,0
65-69,men,MSK,AB_Death,0,0,0,0,0,0,0,0,0,0,0,0,0,0,1,0,0,0,0
65-69,men,MSK,AHS_Death,0,0,0,0,0,0,0,0,0,0,0,0,0,0,0,1,0,0,0
65-69,men,MSK,AIS_Death,0,0,0,0,0,0,0,0,0,0,0,0,0,0,0,0,1,0,0
65-69,men,MSK,AHS_AB_Death,0,0,0,0,0,0,0,0,0,0,0,0,0,0,0,0,0,1,0
65-69,men,MSK,AIS_AB_Death,0,0,0,0,0,0,0,0,0,0,0,0,0,0,0,0,0,0,1
80-84,men,MSK,CurrentDeath,0,0,0,0,0,0,0,0,0,0,0,0,0,1,0,0,0,0,0
80-84,men,MSK,AB_Death,0,0,0,0,0,0,0,0,0,0,0,0,0,0,1,0,0,0,0
80-84,men,MSK,AHS_Death,0,0,0,0,0,0,0,0,0,0,0,0,0,0,0,1,0,0,0
80-84,men,MSK,AIS_Death,0,0,0,0,0,0,0,0,0,0,0,0,0,0,0,0,1,0,0
80-84,men,MSK,AHS_AB_Death,0,0,0,0,0,0,0,0,0,0,0,0,0,0,0,0,0,1,0
80-84,men,MSK,AIS_AB_Death,0,0,0,0,0,0,0,0,0,0,0,0,0,0,0,0,0,0,1
85-89,men,MSK,CurrentDeath,0,0,0,0,0,0,0,0,0,0,0,0,0,1,0,0,0,0,0
85-89,men,MSK,AB_Death,0,0,0,0,0,0,0,0,0,0,0,0,0,0,1,0,0,0,0
85-89,men,MSK,AHS_Death,0,0,0,0,0,0,0,0,0,0,0,0,0,0,0,1,0,0,0
85-89,men,MSK,AIS_Death,0,0,0,0,0,0,0,0,0,0,0,0,0,0,0,0,1,0,0
85-89,men,MSK,AHS_AB_Death,0,0,0,0,0,0,0,0,0,0,0,0,0,0,0,0,0,1,0
85-89,men,MSK,AIS_AB_Death,0,0,0,0,0,0,0,0,0,0,0,0,0,0,0,0,0,0,1
90-94,men,MSK,CurrentDeath,0,0,0,0,0,0,0,0,0,0,0,0,0,1,0,0,0,0,0
90-94,men,MSK,AB_Death,0,0,0,0,0,0,0,0,0,0,0,0,0,0,1,0,0,0,0
90-94,men,MSK,AHS_Death,0,0,0,0,0,0,0,0,0,0,0,0,0,0,0,1,0,0,0
90-94,men,MSK,AIS_Death,0,0,0,0,0,0,0,0,0,0,0,0,0,0,0,0,1,0,0
90-94,men,MSK,AHS_AB_Death,0,0,0,0,0,0,0,0,0,0,0,0,0,0,0,0,0,1,0
90-94,men,MSK,AIS_AB_Death,0,0,0,0,0,0,0,0,0,0,0,0,0,0,0,0,0,0,1
95-99,men,MSK,CurrentDeath,0,0,0,0,0,0,0,0,0,0,0,0,0,1,0,0,0,0,0
95-99,men,MSK,AB_Death,0,0,0,0,0,0,0,0,0,0,0,0,0,0,1,0,0,0,0
95-99,men,MSK,AHS_Death,0,0,0,0,0,0,0,0,0,0,0,0,0,0,0,1,0,0,0
95-99,men,MSK,AIS_Death,0,0,0,0,0,0,0,0,0,0,0,0,0,0,0,0,1,0,0
95-99,men,MSK,AHS_AB_Death,0,0,0,0,0,0,0,0,0,0,0,0,0,0,0,0,0,1,0
95-99,men,MSK,AIS_AB_Death,0,0,0,0,0,0,0,0,0,0,0,0,0,0,0,0,0,0,1
100-104,men,MSK,CurrentDeath,0,0,0,0,0,0,0,0,0,0,0,0,0,1,0,0,0,0,0
100-104,men,MSK,AB_Death,0,0,0,0,0,0,0,0,0,0,0,0,0,0,1,0,0,0,0
100-104,men,MSK,AHS_Death,0,0,0,0,0,0,0,0,0,0,0,0,0,0,0,1,0,0,0
100-104,men,MSK,AIS_Death,0,0,0,0,0,0,0,0,0,0,0,0,0,0,0,0,1,0,0
100-104,men,MSK,AHS_AB_Death,0,0,0,0,0,0,0,0,0,0,0,0,0,0,0,0,0,1,0
100-104,men,MSK,AIS_AB_Death,0,0,0,0,0,0,0,0,0,0,0,0,0,0,0,0,0,0,1
105-109,men,MSK,CurrentDeath,0,0,0,0,0,0,0,0,0,0,0,0,0,1,0,0,0,0,0
105-109,men,MSK,AB_Death,0,0,0,0,0,0,0,0,0,0,0,0,0,0,1,0,0,0,0
105-109,men,MSK,AHS_Death,0,0,0,0,0,0,0,0,0,0,0,0,0,0,0,1,0,0,0
105-109,men,MSK,AIS_Death,0,0,0,0,0,0,0,0,0,0,0,0,0,0,0,0,1,0,0
105-109,men,MSK,AHS_AB_Death,0,0,0,0,0,0,0,0,0,0,0,0,0,0,0,0,0,1,0
105-109,men,MSK,AIS_AB_Death,0,0,0,0,0,0,0,0,0,0,0,0,0,0,0,0,0,0,1
70-74,women,MSK,CurrentDeath,0,0,0,0,0,0,0,0,0,0,0,0,0,1,0,0,0,0,0
70-74,women,MSK,AB_Death,0,0,0,0,0,0,0,0,0,0,0,0,0,0,1,0,0,0,0
70-74,women,MSK,AHS_Death,0,0,0,0,0,0,0,0,0,0,0,0,0,0,0,1,0,0,0
70-74,women,MSK,AIS_Death,0,0,0,0,0,0,0,0,0,0,0,0,0,0,0,0,1,0,0
70-74,women,MSK,AHS_AB_Death,0,0,0,0,0,0,0,0,0,0,0,0,0,0,0,0,0,1,0
70-74,women,MSK,AIS_AB_Death,0,0,0,0,0,0,0,0,0,0,0,0,0,0,0,0,0,0,1
75-79,women,MSK,CurrentDeath,0,0,0,0,0,0,0,0,0,0,0,0,0,1,0,0,0,0,0
75-79,women,MSK,AB_Death,0,0,0,0,0,0,0,0,0,0,0,0,0,0,1,0,0,0,0
75-79,women,MSK,AHS_Death,0,0,0,0,0,0,0,0,0,0,0,0,0,0,0,1,0,0,0
75-79,women,MSK,AIS_Death,0,0,0,0,0,0,0,0,0,0,0,0,0,0,0,0,1,0,0
75-79,women,MSK,AHS_AB_Death,0,0,0,0,0,0,0,0,0,0,0,0,0,0,0,0,0,1,0
75-79,women,MSK,AIS_AB_Death,0,0,0,0,0,0,0,0,0,0,0,0,0,0,0,0,0,0,1
65-69,women,MSK,CurrentDeath,0,0,0,0,0,0,0,0,0,0,0,0,0,1,0,0,0,0,0
65-69,women,MSK,AB_Death,0,0,0,0,0,0,0,0,0,0,0,0,0,0,1,0,0,0,0
65-69,women,MSK,AHS_Death,0,0,0,0,0,0,0,0,0,0,0,0,0,0,0,1,0,0,0
65-69,women,MSK,AIS_Death,0,0,0,0,0,0,0,0,0,0,0,0,0,0,0,0,1,0,0
65-69,women,MSK,AHS_AB_Death,0,0,0,0,0,0,0,0,0,0,0,0,0,0,0,0,0,1,0
65-69,women,MSK,AIS_AB_Death,0,0,0,0,0,0,0,0,0,0,0,0,0,0,0,0,0,0,1
80-84,women,MSK,CurrentDeath,0,0,0,0,0,0,0,0,0,0,0,0,0,1,0,0,0,0,0
80-84,women,MSK,AB_Death,0,0,0,0,0,0,0,0,0,0,0,0,0,0,1,0,0,0,0
80-84,women,MSK,AHS_Death,0,0,0,0,0,0,0,0,0,0,0,0,0,0,0,1,0,0,0
80-84,women,MSK,AIS_Death,0,0,0,0,0,0,0,0,0,0,0,0,0,0,0,0,1,0,0
80-84,women,MSK,AHS_AB_Death,0,0,0,0,0,0,0,0,0,0,0,0,0,0,0,0,0,1,0
80-84,women,MSK,AIS_AB_Death,0,0,0,0,0,0,0,0,0,0,0,0,0,0,0,0,0,0,1
85-89,women,MSK,CurrentDeath,0,0,0,0,0,0,0,0,0,0,0,0,0,1,0,0,0,0,0
85-89,women,MSK,AB_Death,0,0,0,0,0,0,0,0,0,0,0,0,0,0,1,0,0,0,0
85-89,women,MSK,AHS_Death,0,0,0,0,0,0,0,0,0,0,0,0,0,0,0,1,0,0,0
85-89,women,MSK,AIS_Death,0,0,0,0,0,0,0,0,0,0,0,0,0,0,0,0,1,0,0
85-89,women,MSK,AHS_AB_Death,0,0,0,0,0,0,0,0,0,0,0,0,0,0,0,0,0,1,0
85-89,women,MSK,AIS_AB_Death,0,0,0,0,0,0,0,0,0,0,0,0,0,0,0,0,0,0,1
90-94,women,MSK,CurrentDeath,0,0,0,0,0,0,0,0,0,0,0,0,0,1,0,0,0,0,0
90-94,women,MSK,AB_Death,0,0,0,0,0,0,0,0,0,0,0,0,0,0,1,0,0,0,0
90-94,women,MSK,AHS_Death,0,0,0,0,0,0,0,0,0,0,0,0,0,0,0,1,0,0,0
90-94,women,MSK,AIS_Death,0,0,0,0,0,0,0,0,0,0,0,0,0,0,0,0,1,0,0
90-94,women,MSK,AHS_AB_Death,0,0,0,0,0,0,0,0,0,0,0,0,0,0,0,0,0,1,0
90-94,women,MSK,AIS_AB_Death,0,0,0,0,0,0,0,0,0,0,0,0,0,0,0,0,0,0,1
95-99,women,MSK,CurrentDeath,0,0,0,0,0,0,0,0,0,0,0,0,0,1,0,0,0,0,0
95-99,women,MSK,AB_Death,0,0,0,0,0,0,0,0,0,0,0,0,0,0,1,0,0,0,0
95-99,women,MSK,AHS_Death,0,0,0,0,0,0,0,0,0,0,0,0,0,0,0,1,0,0,0
95-99,women,MSK,AIS_Death,0,0,0,0,0,0,0,0,0,0,0,0,0,0,0,0,1,0,0
95-99,women,MSK,AHS_AB_Death,0,0,0,0,0,0,0,0,0,0,0,0,0,0,0,0,0,1,0
95-99,women,MSK,AIS_AB_Death,0,0,0,0,0,0,0,0,0,0,0,0,0,0,0,0,0,0,1
100-104,women,MSK,CurrentDeath,0,0,0,0,0,0,0,0,0,0,0,0,0,1,0,0,0,0,0
100-104,women,MSK,AB_Death,0,0,0,0,0,0,0,0,0,0,0,0,0,0,1,0,0,0,0
100-104,women,MSK,AHS_Death,0,0,0,0,0,0,0,0,0,0,0,0,0,0,0,1,0,0,0
100-104,women,MSK,AIS_Death,0,0,0,0,0,0,0,0,0,0,0,0,0,0,0,0,1,0,0
100-104,women,MSK,AHS_AB_Death,0,0,0,0,0,0,0,0,0,0,0,0,0,0,0,0,0,1,0
100-104,women,MSK,AIS_AB_Death,0,0,0,0,0,0,0,0,0,0,0,0,0,0,0,0,0,0,1
105-109,women,MSK,CurrentDeath,0,0,0,0,0,0,0,0,0,0,0,0,0,1,0,0,0,0,0
105-109,women,MSK,AB_Death,0,0,0,0,0,0,0,0,0,0,0,0,0,0,1,0,0,0,0
105-109,women,MSK,AHS_Death,0,0,0,0,0,0,0,0,0,0,0,0,0,0,0,1,0,0,0
105-109,women,MSK,AIS_Death,0,0,0,0,0,0,0,0,0,0,0,0,0,0,0,0,1,0,0
105-109,women,MSK,AHS_AB_Death,0,0,0,0,0,0,0,0,0,0,0,0,0,0,0,0,0,1,0
105-109,women,MSK,AIS_AB_Death,0,0,0,0,0,0,0,0,0,0,0,0,0,0,0,0,0,0,1
70-74,men,Metabolic,CurrentDeath,0,0,0,0,0,0,0,0,0,0,0,0,0,1,0,0,0,0,0
70-74,men,Metabolic,AB_Death,0,0,0,0,0,0,0,0,0,0,0,0,0,0,1,0,0,0,0
70-74,men,Metabolic,AHS_Death,0,0,0,0,0,0,0,0,0,0,0,0,0,0,0,1,0,0,0
70-74,men,Metabolic,AIS_Death,0,0,0,0,0,0,0,0,0,0,0,0,0,0,0,0,1,0,0
70-74,men,Metabolic,AHS_AB_Death,0,0,0,0,0,0,0,0,0,0,0,0,0,0,0,0,0,1,0
70-74,men,Metabolic,AIS_AB_Death,0,0,0,0,0,0,0,0,0,0,0,0,0,0,0,0,0,0,1
75-79,men,Metabolic,CurrentDeath,0,0,0,0,0,0,0,0,0,0,0,0,0,1,0,0,0,0,0
75-79,men,Metabolic,AB_Death,0,0,0,0,0,0,0,0,0,0,0,0,0,0,1,0,0,0,0
75-79,men,Metabolic,AHS_Death,0,0,0,0,0,0,0,0,0,0,0,0,0,0,0,1,0,0,0
75-79,men,Metabolic,AIS_Death,0,0,0,0,0,0,0,0,0,0,0,0,0,0,0,0,1,0,0
75-79,men,Metabolic,AHS_AB_Death,0,0,0,0,0,0,0,0,0,0,0,0,0,0,0,0,0,1,0
75-79,men,Metabolic,AIS_AB_Death,0,0,0,0,0,0,0,0,0,0,0,0,0,0,0,0,0,0,1
65-69,men,Metabolic,CurrentDeath,0,0,0,0,0,0,0,0,0,0,0,0,0,1,0,0,0,0,0
65-69,men,Metabolic,AB_Death,0,0,0,0,0,0,0,0,0,0,0,0,0,0,1,0,0,0,0
65-69,men,Metabolic,AHS_Death,0,0,0,0,0,0,0,0,0,0,0,0,0,0,0,1,0,0,0
65-69,men,Metabolic,AIS_Death,0,0,0,0,0,0,0,0,0,0,0,0,0,0,0,0,1,0,0
65-69,men,Metabolic,AHS_AB_Death,0,0,0,0,0,0,0,0,0,0,0,0,0,0,0,0,0,1,0
65-69,men,Metabolic,AIS_AB_Death,0,0,0,0,0,0,0,0,0,0,0,0,0,0,0,0,0,0,1
80-84,men,Metabolic,CurrentDeath,0,0,0,0,0,0,0,0,0,0,0,0,0,1,0,0,0,0,0
80-84,men,Metabolic,AB_Death,0,0,0,0,0,0,0,0,0,0,0,0,0,0,1,0,0,0,0
80-84,men,Metabolic,AHS_Death,0,0,0,0,0,0,0,0,0,0,0,0,0,0,0,1,0,0,0
80-84,men,Metabolic,AIS_Death,0,0,0,0,0,0,0,0,0,0,0,0,0,0,0,0,1,0,0
80-84,men,Metabolic,AHS_AB_Death,0,0,0,0,0,0,0,0,0,0,0,0,0,0,0,0,0,1,0
80-84,men,Metabolic,AIS_AB_Death,0,0,0,0,0,0,0,0,0,0,0,0,0,0,0,0,0,0,1
85-89,men,Metabolic,CurrentDeath,0,0,0,0,0,0,0,0,0,0,0,0,0,1,0,0,0,0,0
85-89,men,Metabolic,AB_Death,0,0,0,0,0,0,0,0,0,0,0,0,0,0,1,0,0,0,0
85-89,men,Metabolic,AHS_Death,0,0,0,0,0,0,0,0,0,0,0,0,0,0,0,1,0,0,0
85-89,men,Metabolic,AIS_Death,0,0,0,0,0,0,0,0,0,0,0,0,0,0,0,0,1,0,0
85-89,men,Metabolic,AHS_AB_Death,0,0,0,0,0,0,0,0,0,0,0,0,0,0,0,0,0,1,0
85-89,men,Metabolic,AIS_AB_Death,0,0,0,0,0,0,0,0,0,0,0,0,0,0,0,0,0,0,1
90-94,men,Metabolic,CurrentDeath,0,0,0,0,0,0,0,0,0,0,0,0,0,1,0,0,0,0,0
90-94,men,Metabolic,AB_Death,0,0,0,0,0,0,0,0,0,0,0,0,0,0,1,0,0,0,0
90-94,men,Metabolic,AHS_Death,0,0,0,0,0,0,0,0,0,0,0,0,0,0,0,1,0,0,0
90-94,men,Metabolic,AIS_Death,0,0,0,0,0,0,0,0,0,0,0,0,0,0,0,0,1,0,0
90-94,men,Metabolic,AHS_AB_Death,0,0,0,0,0,0,0,0,0,0,0,0,0,0,0,0,0,1,0
90-94,men,Metabolic,AIS_AB_Death,0,0,0,0,0,0,0,0,0,0,0,0,0,0,0,0,0,0,1
95-99,men,Metabolic,CurrentDeath,0,0,0,0,0,0,0,0,0,0,0,0,0,1,0,0,0,0,0
95-99,men,Metabolic,AB_Death,0,0,0,0,0,0,0,0,0,0,0,0,0,0,1,0,0,0,0
95-99,men,Metabolic,AHS_Death,0,0,0,0,0,0,0,0,0,0,0,0,0,0,0,1,0,0,0
95-99,men,Metabolic,AIS_Death,0,0,0,0,0,0,0,0,0,0,0,0,0,0,0,0,1,0,0
95-99,men,Metabolic,AHS_AB_Death,0,0,0,0,0,0,0,0,0,0,0,0,0,0,0,0,0,1,0
95-99,men,Metabolic,AIS_AB_Death,0,0,0,0,0,0,0,0,0,0,0,0,0,0,0,0,0,0,1
100-104,men,Metabolic,CurrentDeath,0,0,0,0,0,0,0,0,0,0,0,0,0,1,0,0,0,0,0
100-104,men,Metabolic,AB_Death,0,0,0,0,0,0,0,0,0,0,0,0,0,0,1,0,0,0,0
100-104,men,Metabolic,AHS_Death,0,0,0,0,0,0,0,0,0,0,0,0,0,0,0,1,0,0,0
100-104,men,Metabolic,AIS_Death,0,0,0,0,0,0,0,0,0,0,0,0,0,0,0,0,1,0,0
100-104,men,Metabolic,AHS_AB_Death,0,0,0,0,0,0,0,0,0,0,0,0,0,0,0,0,0,1,0
100-104,men,Metabolic,AIS_AB_Death,0,0,0,0,0,0,0,0,0,0,0,0,0,0,0,0,0,0,1
105-109,men,Metabolic,CurrentDeath,0,0,0,0,0,0,0,0,0,0,0,0,0,1,0,0,0,0,0
105-109,men,Metabolic,AB_Death,0,0,0,0,0,0,0,0,0,0,0,0,0,0,1,0,0,0,0
105-109,men,Metabolic,AHS_Death,0,0,0,0,0,0,0,0,0,0,0,0,0,0,0,1,0,0,0
105-109,men,Metabolic,AIS_Death,0,0,0,0,0,0,0,0,0,0,0,0,0,0,0,0,1,0,0
105-109,men,Metabolic,AHS_AB_Death,0,0,0,0,0,0,0,0,0,0,0,0,0,0,0,0,0,1,0
105-109,men,Metabolic,AIS_AB_Death,0,0,0,0,0,0,0,0,0,0,0,0,0,0,0,0,0,0,1
70-74,women,Metabolic,CurrentDeath,0,0,0,0,0,0,0,0,0,0,0,0,0,1,0,0,0,0,0
70-74,women,Metabolic,AB_Death,0,0,0,0,0,0,0,0,0,0,0,0,0,0,1,0,0,0,0
70-74,women,Metabolic,AHS_Death,0,0,0,0,0,0,0,0,0,0,0,0,0,0,0,1,0,0,0
70-74,women,Metabolic,AIS_Death,0,0,0,0,0,0,0,0,0,0,0,0,0,0,0,0,1,0,0
70-74,women,Metabolic,AHS_AB_Death,0,0,0,0,0,0,0,0,0,0,0,0,0,0,0,0,0,1,0
70-74,women,Metabolic,AIS_AB_Death,0,0,0,0,0,0,0,0,0,0,0,0,0,0,0,0,0,0,1
75-79,women,Metabolic,CurrentDeath,0,0,0,0,0,0,0,0,0,0,0,0,0,1,0,0,0,0,0
75-79,women,Metabolic,AB_Death,0,0,0,0,0,0,0,0,0,0,0,0,0,0,1,0,0,0,0
75-79,women,Metabolic,AHS_Death,0,0,0,0,0,0,0,0,0,0,0,0,0,0,0,1,0,0,0
75-79,women,Metabolic,AIS_Death,0,0,0,0,0,0,0,0,0,0,0,0,0,0,0,0,1,0,0
75-79,women,Metabolic,AHS_AB_Death,0,0,0,0,0,0,0,0,0,0,0,0,0,0,0,0,0,1,0
75-79,women,Metabolic,AIS_AB_Death,0,0,0,0,0,0,0,0,0,0,0,0,0,0,0,0,0,0,1
65-69,women,Metabolic,CurrentDeath,0,0,0,0,0,0,0,0,0,0,0,0,0,1,0,0,0,0,0
65-69,women,Metabolic,AB_Death,0,0,0,0,0,0,0,0,0,0,0,0,0,0,1,0,0,0,0
65-69,women,Metabolic,AHS_Death,0,0,0,0,0,0,0,0,0,0,0,0,0,0,0,1,0,0,0
65-69,women,Metabolic,AIS_Death,0,0,0,0,0,0,0,0,0,0,0,0,0,0,0,0,1,0,0
65-69,women,Metabolic,AHS_AB_Death,0,0,0,0,0,0,0,0,0,0,0,0,0,0,0,0,0,1,0
65-69,women,Metabolic,AIS_AB_Death,0,0,0,0,0,0,0,0,0,0,0,0,0,0,0,0,0,0,1
80-84,women,Metabolic,CurrentDeath,0,0,0,0,0,0,0,0,0,0,0,0,0,1,0,0,0,0,0
80-84,women,Metabolic,AB_Death,0,0,0,0,0,0,0,0,0,0,0,0,0,0,1,0,0,0,0
80-84,women,Metabolic,AHS_Death,0,0,0,0,0,0,0,0,0,0,0,0,0,0,0,1,0,0,0
80-84,women,Metabolic,AIS_Death,0,0,0,0,0,0,0,0,0,0,0,0,0,0,0,0,1,0,0
80-84,women,Metabolic,AHS_AB_Death,0,0,0,0,0,0,0,0,0,0,0,0,0,0,0,0,0,1,0
80-84,women,Metabolic,AIS_AB_Death,0,0,0,0,0,0,0,0,0,0,0,0,0,0,0,0,0,0,1
85-89,women,Metabolic,CurrentDeath,0,0,0,0,0,0,0,0,0,0,0,0,0,1,0,0,0,0,0
85-89,women,Metabolic,AB_Death,0,0,0,0,0,0,0,0,0,0,0,0,0,0,1,0,0,0,0
85-89,women,Metabolic,AHS_Death,0,0,0,0,0,0,0,0,0,0,0,0,0,0,0,1,0,0,0
85-89,women,Metabolic,AIS_Death,0,0,0,0,0,0,0,0,0,0,0,0,0,0,0,0,1,0,0
85-89,women,Metabolic,AHS_AB_Death,0,0,0,0,0,0,0,0,0,0,0,0,0,0,0,0,0,1,0
85-89,women,Metabolic,AIS_AB_Death,0,0,0,0,0,0,0,0,0,0,0,0,0,0,0,0,0,0,1
90-94,women,Metabolic,CurrentDeath,0,0,0,0,0,0,0,0,0,0,0,0,0,1,0,0,0,0,0
90-94,women,Metabolic,AB_Death,0,0,0,0,0,0,0,0,0,0,0,0,0,0,1,0,0,0,0
90-94,women,Metabolic,AHS_Death,0,0,0,0,0,0,0,0,0,0,0,0,0,0,0,1,0,0,0
90-94,women,Metabolic,AIS_Death,0,0,0,0,0,0,0,0,0,0,0,0,0,0,0,0,1,0,0
90-94,women,Metabolic,AHS_AB_Death,0,0,0,0,0,0,0,0,0,0,0,0,0,0,0,0,0,1,0
90-94,women,Metabolic,AIS_AB_Death,0,0,0,0,0,0,0,0,0,0,0,0,0,0,0,0,0,0,1
95-99,women,Metabolic,CurrentDeath,0,0,0,0,0,0,0,0,0,0,0,0,0,1,0,0,0,0,0
95-99,women,Metabolic,AB_Death,0,0,0,0,0,0,0,0,0,0,0,0,0,0,1,0,0,0,0
95-99,women,Metabolic,AHS_Death,0,0,0,0,0,0,0,0,0,0,0,0,0,0,0,1,0,0,0
95-99,women,Metabolic,AIS_Death,0,0,0,0,0,0,0,0,0,0,0,0,0,0,0,0,1,0,0
95-99,women,Metabolic,AHS_AB_Death,0,0,0,0,0,0,0,0,0,0,0,0,0,0,0,0,0,1,0
95-99,women,Metabolic,AIS_AB_Death,0,0,0,0,0,0,0,0,0,0,0,0,0,0,0,0,0,0,1
100-104,women,Metabolic,CurrentDeath,0,0,0,0,0,0,0,0,0,0,0,0,0,1,0,0,0,0,0
100-104,women,Metabolic,AB_Death,0,0,0,0,0,0,0,0,0,0,0,0,0,0,1,0,0,0,0
100-104,women,Metabolic,AHS_Death,0,0,0,0,0,0,0,0,0,0,0,0,0,0,0,1,0,0,0
100-104,women,Metabolic,AIS_Death,0,0,0,0,0,0,0,0,0,0,0,0,0,0,0,0,1,0,0
100-104,women,Metabolic,AHS_AB_Death,0,0,0,0,0,0,0,0,0,0,0,0,0,0,0,0,0,1,0
100-104,women,Metabolic,AIS_AB_Death,0,0,0,0,0,0,0,0,0,0,0,0,0,0,0,0,0,0,1
105-109,women,Metabolic,CurrentDeath,0,0,0,0,0,0,0,0,0,0,0,0,0,1,0,0,0,0,0
105-109,women,Metabolic,AB_Death,0,0,0,0,0,0,0,0,0,0,0,0,0,0,1,0,0,0,0
105-109,women,Metabolic,AHS_Death,0,0,0,0,0,0,0,0,0,0,0,0,0,0,0,1,0,0,0
105-109,women,Metabolic,AIS_Death,0,0,0,0,0,0,0,0,0,0,0,0,0,0,0,0,1,0,0
105-109,women,Metabolic,AHS_AB_Death,0,0,0,0,0,0,0,0,0,0,0,0,0,0,0,0,0,1,0
105-109,women,Metabolic,AIS_AB_Death,0,0,0,0,0,0,0,0,0,0,0,0,0,0,0,0,0,0,1
